-- phpMyAdmin SQL Dump
-- version 4.7.7
-- https://www.phpmyadmin.net/
--
-- Host: 127.0.0.1
-- Generation Time: Mar 15, 2019 at 04:11 PM
-- Server version: 10.1.30-MariaDB
-- PHP Version: 7.2.2

SET SQL_MODE = "NO_AUTO_VALUE_ON_ZERO";
SET AUTOCOMMIT = 0;
START TRANSACTION;
SET time_zone = "+00:00";


/*!40101 SET @OLD_CHARACTER_SET_CLIENT=@@CHARACTER_SET_CLIENT */;
/*!40101 SET @OLD_CHARACTER_SET_RESULTS=@@CHARACTER_SET_RESULTS */;
/*!40101 SET @OLD_COLLATION_CONNECTION=@@COLLATION_CONNECTION */;
/*!40101 SET NAMES utf8mb4 */;

--
-- Database: `hms`
--

-- --------------------------------------------------------

--
-- Table structure for table `accountants`
--

CREATE TABLE `accountants` (
  `id` int(11) NOT NULL,
  `user_id` int(11) NOT NULL,
  `name` varchar(250) CHARACTER SET utf8 COLLATE utf8_unicode_ci NOT NULL,
  `address` varchar(250) CHARACTER SET utf8 COLLATE utf8_unicode_ci NOT NULL,
  `phone` varchar(250) CHARACTER SET utf8 COLLATE utf8_unicode_ci NOT NULL,
  `admin_id` int(11) NOT NULL
) ENGINE=MyISAM DEFAULT CHARSET=latin1;

-- --------------------------------------------------------

--
-- Table structure for table `admins`
--

CREATE TABLE `admins` (
  `id` int(11) NOT NULL,
  `user_id` int(11) NOT NULL,
  `name` varchar(250) CHARACTER SET utf8 COLLATE utf8_unicode_ci NOT NULL,
  `address` varchar(250) CHARACTER SET utf8 COLLATE utf8_unicode_ci NOT NULL,
  `phone` varchar(250) CHARACTER SET utf8 COLLATE utf8_unicode_ci NOT NULL
) ENGINE=MyISAM DEFAULT CHARSET=latin1;

--
-- Dumping data for table `admins`
--

INSERT INTO `admins` (`id`, `user_id`, `name`, `address`, `phone`) VALUES
(1, 1, 'Admin', 'Admin Address', '08030000000');

-- --------------------------------------------------------

--
-- Table structure for table `admissions`
--

CREATE TABLE `admissions` (
  `id` int(11) NOT NULL,
  `patient_id` int(11) NOT NULL,
  `admissiondate` timestamp NOT NULL DEFAULT CURRENT_TIMESTAMP,
  `ward_id` int(11) NOT NULL,
  `bed_id` int(11) NOT NULL,
  `dischargedate` varchar(50) NOT NULL,
  `user_id` int(11) NOT NULL,
  `status` varchar(68) NOT NULL DEFAULT 'notadmited',
  `admittedby` varchar(168) DEFAULT NULL,
  `dischargerequested` varchar(11) NOT NULL DEFAULT 'no'
) ENGINE=InnoDB DEFAULT CHARSET=latin1;

--
-- Dumping data for table `admissions`
--

INSERT INTO `admissions` (`id`, `patient_id`, `admissiondate`, `ward_id`, `bed_id`, `dischargedate`, `user_id`, `status`, `admittedby`, `dischargerequested`) VALUES
(1, 9, '2019-01-16 10:15:24', 1, 3, '2019-01-17 : 07:01', 46, 'Admitted', 'Nurse', 'no'),
(3, 6, '2019-02-01 14:06:03', 1, 3, '2019-03-04 : 11:03', 57, 'Discharged', 'Nurse', 'Discharged'),
(4, 3, '2019-02-01 14:18:55', 1, 2, '2019-02-25 : 12:02', 57, 'Admitted', 'Nurse', 'yes'),
(5, 11, '2019-02-25 11:45:00', 2, 1, '2019-02-26 : 04:02', 54, 'Discharged', 'Nurse', 'Discharged'),
(6, 7, '2019-02-25 12:38:46', 1, 2, '2019-02-26 : 04:02', 57, 'Discharged', 'Nurse', 'Discharged'),
(7, 17, '2019-03-06 15:24:57', 0, 0, '', 54, 'pending', NULL, 'no');

-- --------------------------------------------------------

--
-- Table structure for table `appointments`
--

CREATE TABLE `appointments` (
  `id` int(11) NOT NULL,
  `appointment_date` datetime NOT NULL,
  `user_id` int(11) NOT NULL,
  `patient_id` int(11) NOT NULL,
  `created_date` timestamp NOT NULL DEFAULT CURRENT_TIMESTAMP
) ENGINE=MyISAM DEFAULT CHARSET=utf8 COLLATE=utf8_unicode_ci;

--
-- Dumping data for table `appointments`
--

INSERT INTO `appointments` (`id`, `appointment_date`, `user_id`, `patient_id`, `created_date`) VALUES
(1, '2018-11-03 13:15:00', 2, 1, '2018-11-02 11:28:19'),
(2, '2018-11-05 11:30:00', 0, 2, '2018-11-02 12:37:08'),
(3, '2018-11-06 14:15:00', 46, 1, '2018-11-02 12:53:51'),
(4, '2018-11-08 17:00:00', 46, 2, '2018-11-02 13:06:27'),
(5, '2018-11-10 15:00:00', 46, 2, '2018-11-02 13:08:53'),
(6, '2018-11-02 14:15:00', 1, 2, '2018-11-06 13:24:27'),
(7, '2018-11-03 02:15:00', 1, 1, '2018-11-06 13:27:36'),
(8, '1970-01-01 00:00:00', 1, 2, '2018-11-06 13:28:43'),
(9, '2018-11-15 14:30:00', 1, 1, '2018-11-06 13:30:39'),
(10, '2018-11-09 14:30:00', 1, 2, '2018-11-06 13:34:38'),
(11, '2018-11-17 14:30:00', 1, 1, '2018-11-06 13:35:40'),
(12, '2018-11-29 14:45:00', 1, 1, '2018-11-06 13:53:14'),
(13, '2018-11-23 14:45:00', 1, 1, '2018-11-06 13:56:57'),
(14, '2018-11-14 10:45:00', 53, 3, '2018-11-12 09:56:22'),
(15, '2019-01-11 20:30:00', 2, 8, '2019-01-07 19:18:07'),
(16, '2019-03-06 12:00:00', 46, 3, '2019-01-28 15:35:56'),
(17, '2019-01-31 11:45:00', 46, 14, '2019-01-28 15:37:14'),
(18, '2019-01-31 14:00:00', 57, 15, '2019-01-29 13:07:00');

-- --------------------------------------------------------

--
-- Table structure for table `audits`
--

CREATE TABLE `audits` (
  `id` int(11) NOT NULL,
  `title` varchar(64) NOT NULL,
  `created_date` timestamp NOT NULL DEFAULT CURRENT_TIMESTAMP,
  `user_id` int(11) NOT NULL,
  `description` text NOT NULL,
  `ip` varchar(255) NOT NULL,
  `type` varchar(32) NOT NULL
) ENGINE=InnoDB DEFAULT CHARSET=latin1;

--
-- Dumping data for table `audits`
--

INSERT INTO `audits` (`id`, `title`, `created_date`, `user_id`, `description`, `ip`, `type`) VALUES
(1, 'Add doctor', '2018-10-31 09:14:01', 1, 'Added a new doctor to the system', '10.100.0.100', 'Comment');

-- --------------------------------------------------------

--
-- Table structure for table `bedallotments`
--

CREATE TABLE `bedallotments` (
  `id` int(11) NOT NULL,
  `bed_id` int(11) NOT NULL,
  `patient_id` int(11) NOT NULL,
  `allotment_timestamp` timestamp NOT NULL DEFAULT CURRENT_TIMESTAMP ON UPDATE CURRENT_TIMESTAMP,
  `discharge_timestamp` varchar(64) DEFAULT 'Inpatient',
  `user_id` int(11) NOT NULL
) ENGINE=MyISAM DEFAULT CHARSET=latin1;

--
-- Dumping data for table `bedallotments`
--

INSERT INTO `bedallotments` (`id`, `bed_id`, `patient_id`, `allotment_timestamp`, `discharge_timestamp`, `user_id`) VALUES
(1, 1, 1, '2018-11-02 09:40:18', '12/2017/11', 47);

-- --------------------------------------------------------

--
-- Table structure for table `beds`
--

CREATE TABLE `beds` (
  `id` int(11) NOT NULL,
  `bed_number` varchar(250) CHARACTER SET utf8 COLLATE utf8_unicode_ci NOT NULL,
  `type` varchar(250) NOT NULL COMMENT 'ward,cabin,ICU',
  `status` int(11) NOT NULL DEFAULT '0',
  `description` varchar(250) CHARACTER SET utf8 COLLATE utf8_unicode_ci NOT NULL,
  `user_id` int(11) NOT NULL,
  `created_date` timestamp NOT NULL DEFAULT CURRENT_TIMESTAMP
) ENGINE=MyISAM DEFAULT CHARSET=latin1;

--
-- Dumping data for table `beds`
--

INSERT INTO `beds` (`id`, `bed_number`, `type`, `status`, `description`, `user_id`, `created_date`) VALUES
(1, '2', 'ICU', 0, 'Bed For The Sick', 46, '2018-11-02 09:08:00'),
(2, '3', 'Children', 0, 'children bed', 46, '2019-01-16 11:26:55'),
(3, '4', 'cabin', 0, 'bed for kids', 57, '2019-01-16 12:47:17');

-- --------------------------------------------------------

--
-- Table structure for table `bloodbank`
--

CREATE TABLE `bloodbank` (
  `id` int(11) NOT NULL,
  `blood_group` varchar(250) CHARACTER SET utf8 COLLATE utf8_unicode_ci NOT NULL,
  `status` varchar(250) CHARACTER SET utf8 COLLATE utf8_unicode_ci NOT NULL,
  `created_date` timestamp NOT NULL DEFAULT CURRENT_TIMESTAMP,
  `admin_id` int(11) NOT NULL
) ENGINE=MyISAM DEFAULT CHARSET=latin1;

--
-- Dumping data for table `bloodbank`
--

INSERT INTO `bloodbank` (`id`, `blood_group`, `status`, `created_date`, `admin_id`) VALUES
(1, 'A+', '', '2018-10-25 13:02:29', 0),
(2, 'A-', '', '2018-10-25 13:02:29', 0),
(3, 'B+', '', '2018-10-25 13:02:29', 0),
(4, 'B-', '', '2018-10-25 13:02:29', 0),
(5, 'AB+', '', '2018-10-25 13:02:29', 0),
(6, 'AB-', '', '2018-10-25 13:02:29', 0),
(7, 'O+', '', '2018-10-25 13:02:29', 0),
(8, 'O-', '', '2018-10-25 13:02:29', 0);

-- --------------------------------------------------------

--
-- Table structure for table `blooddonors`
--

CREATE TABLE `blooddonors` (
  `id` int(11) NOT NULL,
  `name` varchar(250) CHARACTER SET utf8 COLLATE utf8_unicode_ci NOT NULL,
  `blood_group` varchar(250) CHARACTER SET utf8 COLLATE utf8_unicode_ci NOT NULL,
  `sex` varchar(250) CHARACTER SET utf8 COLLATE utf8_unicode_ci NOT NULL,
  `age` int(11) NOT NULL,
  `phone` varchar(250) CHARACTER SET utf8 COLLATE utf8_unicode_ci NOT NULL,
  `email` varchar(250) CHARACTER SET utf8 COLLATE utf8_unicode_ci NOT NULL,
  `address` varchar(250) CHARACTER SET utf8 COLLATE utf8_unicode_ci NOT NULL,
  `last_donation_timestamp` timestamp NOT NULL DEFAULT CURRENT_TIMESTAMP,
  `user_id` int(11) NOT NULL
) ENGINE=MyISAM DEFAULT CHARSET=latin1;

--
-- Dumping data for table `blooddonors`
--

INSERT INTO `blooddonors` (`id`, `name`, `blood_group`, `sex`, `age`, `phone`, `email`, `address`, `last_donation_timestamp`, `user_id`) VALUES
(1, 'EMEKA OJUKWU', 'A', 'Male', 33, '+2348122260140', 'aniegbokachukwudi@gmail.com', 'ABUJA', '2018-11-01 15:05:34', 45);

-- --------------------------------------------------------

--
-- Table structure for table `categories`
--

CREATE TABLE `categories` (
  `id` int(11) NOT NULL,
  `category_name` varchar(128) COLLATE utf8_unicode_ci NOT NULL,
  `created_date` timestamp NOT NULL DEFAULT CURRENT_TIMESTAMP,
  `admin_id` int(11) NOT NULL
) ENGINE=MyISAM DEFAULT CHARSET=utf8 COLLATE=utf8_unicode_ci;

-- --------------------------------------------------------

--
-- Table structure for table `consultations`
--

CREATE TABLE `consultations` (
  `id` int(11) NOT NULL,
  `patient_id` int(11) NOT NULL,
  `user_id` int(11) NOT NULL,
  `consultationday` timestamp NOT NULL DEFAULT CURRENT_TIMESTAMP,
  `pc` varchar(600) DEFAULT NULL,
  `hpc` varchar(600) DEFAULT NULL,
  `pmh` varchar(600) DEFAULT NULL,
  `psh` varchar(600) DEFAULT NULL,
  `dh` varchar(600) DEFAULT NULL,
  `allergies` varchar(600) DEFAULT NULL,
  `socialhistory` varchar(600) DEFAULT NULL,
  `impression` varchar(600) DEFAULT NULL,
  `hop` varchar(500) DEFAULT NULL,
  `poh` varchar(500) DEFAULT NULL,
  `pgh` varchar(500) DEFAULT NULL,
  `lmp` varchar(50) DEFAULT NULL,
  `ga` varchar(30) DEFAULT NULL,
  `edd` varchar(30) DEFAULT NULL,
  `parity` int(11) DEFAULT NULL,
  `diagnosis` int(11) DEFAULT NULL,
  `treatmentplan_id` int(11) DEFAULT NULL
) ENGINE=InnoDB DEFAULT CHARSET=latin1;

--
-- Dumping data for table `consultations`
--

INSERT INTO `consultations` (`id`, `patient_id`, `user_id`, `consultationday`, `pc`, `hpc`, `pmh`, `psh`, `dh`, `allergies`, `socialhistory`, `impression`, `hop`, `poh`, `pgh`, `lmp`, `ga`, `edd`, `parity`, `diagnosis`, `treatmentplan_id`) VALUES
(1, 8, 46, '2019-01-12 07:58:34', '<p>here the doctor listens to the patient&#39;&#39;s complain</p>\r\n', '<p>here he takes the history of that complain above</p>\r\n', '<p>here he takes the past medical history</p>\r\n', '<p>here is for the past surgical history</p>\r\n', '<p>the drug history here&nbsp;</p>\r\n', '<p>all allergies by the patients goes here</p>\r\n', '<p>he takes an history of such illness in the family of the patient</p>\r\n', '<p>here the doctors bares his mind on what could be the problem</p>\r\n', '<p>tell me the history of your pregnancy, has how it been as a pregnant lady?</p>\r\n', '<p>any past obstatory history?</p>\r\n', '<p>Past gyneo history?</p>\r\n', '<p>when was your last menstral period?</p>\r\n', '4 weeks ', 'January', 4, NULL, NULL),
(2, 9, 46, '2019-01-14 14:15:14', '<p>give your complain</p>\r\n', '<p>history of complain</p>\r\n', '<p>past medical history</p>\r\n', '<p>past surgical history</p>\r\n', '<p>drug history</p>\r\n', '<p>your allergies</p>\r\n', '<p>family background</p>\r\n', '<p>doctors impression of the issue</p>\r\n', '', '', '', '', '', '', NULL, NULL, NULL),
(3, 15, 46, '2019-01-31 11:54:02', '<p>here you bare your mind on what the issue is</p>\r\n', '<p>here is for the history of the issues</p>\r\n', '<p>past medical history and aal past medications&nbsp;</p>\r\n', '<p>any past surgical history goes here</p>\r\n', '<p>your drug history goes here</p>\r\n', '<p>any allergies, jets hear them here</p>\r\n', '<p>any social or family history related to this illness?</p>\r\n', '<p>i think this guy has no illness, just a bit of councelling would do</p>\r\n', '', '', '', '', '', '', NULL, NULL, NULL),
(4, 12, 2, '2019-03-11 08:18:52', '<p>the complain</p>\r\n', '<p>history of complain</p>\r\n', '<p>past mediacl history</p>\r\n', '<p>past surgical history</p>\r\n', '<p>drug history</p>\r\n', '<p>the allergies</p>\r\n', '<p>family hostory</p>\r\n', '<p>what the doctor thinks</p>\r\n', '', '', '', '', '', '', NULL, NULL, NULL);

-- --------------------------------------------------------

--
-- Table structure for table `countries`
--

CREATE TABLE `countries` (
  `id` int(11) NOT NULL,
  `sortname` varchar(3) NOT NULL,
  `name` varchar(150) NOT NULL,
  `phonecode` int(11) NOT NULL,
  `cost` decimal(10,0) NOT NULL
) ENGINE=InnoDB DEFAULT CHARSET=latin1;

--
-- Dumping data for table `countries`
--

INSERT INTO `countries` (`id`, `sortname`, `name`, `phonecode`, `cost`) VALUES
(1, 'AF', 'Afghanistan', 93, '25000'),
(2, 'AL', 'Albania', 355, '25000'),
(3, 'DZ', 'Algeria', 213, '25000'),
(4, 'AS', 'American Samoa', 1684, '25000'),
(5, 'AD', 'Andorra', 376, '25000'),
(6, 'AO', 'Angola', 244, '25000'),
(7, 'AI', 'Anguilla', 1264, '25000'),
(8, 'AQ', 'Antarctica', 0, '25000'),
(9, 'AG', 'Antigua And Barbuda', 1268, '25000'),
(10, 'AR', 'Argentina', 54, '25000'),
(11, 'AM', 'Armenia', 374, '25000'),
(12, 'AW', 'Aruba', 297, '25000'),
(13, 'AU', 'Australia', 61, '25000'),
(14, 'AT', 'Austria', 43, '25000'),
(15, 'AZ', 'Azerbaijan', 994, '25000'),
(16, 'BS', 'Bahamas The', 1242, '25000'),
(17, 'BH', 'Bahrain', 973, '25000'),
(18, 'BD', 'Bangladesh', 880, '25000'),
(19, 'BB', 'Barbados', 1246, '25000'),
(20, 'BY', 'Belarus', 375, '25000'),
(21, 'BE', 'Belgium', 32, '25000'),
(22, 'BZ', 'Belize', 501, '25000'),
(23, 'BJ', 'Benin', 229, '25000'),
(24, 'BM', 'Bermuda', 1441, '25000'),
(25, 'BT', 'Bhutan', 975, '25000'),
(26, 'BO', 'Bolivia', 591, '25000'),
(27, 'BA', 'Bosnia and Herzegovina', 387, '25000'),
(28, 'BW', 'Botswana', 267, '25000'),
(29, 'BV', 'Bouvet Island', 0, '25000'),
(30, 'BR', 'Brazil', 55, '25000'),
(31, 'IO', 'British Indian Ocean Territory', 246, '25000'),
(32, 'BN', 'Brunei', 673, '25000'),
(33, 'BG', 'Bulgaria', 359, '25000'),
(34, 'BF', 'Burkina Faso', 226, '25000'),
(35, 'BI', 'Burundi', 257, '25000'),
(36, 'KH', 'Cambodia', 855, '25000'),
(37, 'CM', 'Cameroon', 237, '25000'),
(38, 'CA', 'Canada', 1, '25000'),
(39, 'CV', 'Cape Verde', 238, '25000'),
(40, 'KY', 'Cayman Islands', 1345, '25000'),
(41, 'CF', 'Central African Republic', 236, '25000'),
(42, 'TD', 'Chad', 235, '25000'),
(43, 'CL', 'Chile', 56, '25000'),
(44, 'CN', 'China', 86, '25000'),
(45, 'CX', 'Christmas Island', 61, '25000'),
(46, 'CC', 'Cocos (Keeling) Islands', 672, '25000'),
(47, 'CO', 'Colombia', 57, '25000'),
(48, 'KM', 'Comoros', 269, '25000'),
(49, 'CG', 'Congo', 242, '25000'),
(50, 'CD', 'Congo The Democratic Republic Of The', 242, '25000'),
(51, 'CK', 'Cook Islands', 682, '25000'),
(52, 'CR', 'Costa Rica', 506, '25000'),
(53, 'CI', 'Cote D\'Ivoire (Ivory Coast)', 225, '25000'),
(54, 'HR', 'Croatia (Hrvatska)', 385, '25000'),
(55, 'CU', 'Cuba', 53, '25000'),
(56, 'CY', 'Cyprus', 357, '25000'),
(57, 'CZ', 'Czech Republic', 420, '25000'),
(58, 'DK', 'Denmark', 45, '25000'),
(59, 'DJ', 'Djibouti', 253, '25000'),
(60, 'DM', 'Dominica', 1767, '25000'),
(61, 'DO', 'Dominican Republic', 1809, '25000'),
(62, 'TP', 'East Timor', 670, '25000'),
(63, 'EC', 'Ecuador', 593, '25000'),
(64, 'EG', 'Egypt', 20, '25000'),
(65, 'SV', 'El Salvador', 503, '25000'),
(66, 'GQ', 'Equatorial Guinea', 240, '25000'),
(67, 'ER', 'Eritrea', 291, '25000'),
(68, 'EE', 'Estonia', 372, '25000'),
(69, 'ET', 'Ethiopia', 251, '25000'),
(70, 'XA', 'External Territories of Australia', 61, '25000'),
(71, 'FK', 'Falkland Islands', 500, '25000'),
(72, 'FO', 'Faroe Islands', 298, '25000'),
(73, 'FJ', 'Fiji Islands', 679, '25000'),
(74, 'FI', 'Finland', 358, '25000'),
(75, 'FR', 'France', 33, '25000'),
(76, 'GF', 'French Guiana', 594, '25000'),
(77, 'PF', 'French Polynesia', 689, '25000'),
(78, 'TF', 'French Southern Territories', 0, '25000'),
(79, 'GA', 'Gabon', 241, '25000'),
(80, 'GM', 'Gambia The', 220, '25000'),
(81, 'GE', 'Georgia', 995, '25000'),
(82, 'DE', 'Germany', 49, '25000'),
(83, 'GH', 'Ghana', 233, '25000'),
(84, 'GI', 'Gibraltar', 350, '25000'),
(85, 'GR', 'Greece', 30, '25000'),
(86, 'GL', 'Greenland', 299, '25000'),
(87, 'GD', 'Grenada', 1473, '25000'),
(88, 'GP', 'Guadeloupe', 590, '25000'),
(89, 'GU', 'Guam', 1671, '25000'),
(90, 'GT', 'Guatemala', 502, '25000'),
(91, 'XU', 'Guernsey and Alderney', 44, '25000'),
(92, 'GN', 'Guinea', 224, '25000'),
(93, 'GW', 'Guinea-Bissau', 245, '25000'),
(94, 'GY', 'Guyana', 592, '25000'),
(95, 'HT', 'Haiti', 509, '25000'),
(96, 'HM', 'Heard and McDonald Islands', 0, '25000'),
(97, 'HN', 'Honduras', 504, '25000'),
(98, 'HK', 'Hong Kong S.A.R.', 852, '25000'),
(99, 'HU', 'Hungary', 36, '25000'),
(100, 'IS', 'Iceland', 354, '25000'),
(101, 'IN', 'India', 91, '25000'),
(102, 'ID', 'Indonesia', 62, '25000'),
(103, 'IR', 'Iran', 98, '25000'),
(104, 'IQ', 'Iraq', 964, '25000'),
(105, 'IE', 'Ireland', 353, '25000'),
(106, 'IL', 'Israel', 972, '25000'),
(107, 'IT', 'Italy', 39, '25000'),
(108, 'JM', 'Jamaica', 1876, '25000'),
(109, 'JP', 'Japan', 81, '25000'),
(110, 'XJ', 'Jersey', 44, '25000'),
(111, 'JO', 'Jordan', 962, '25000'),
(112, 'KZ', 'Kazakhstan', 7, '25000'),
(113, 'KE', 'Kenya', 254, '25000'),
(114, 'KI', 'Kiribati', 686, '25000'),
(115, 'KP', 'Korea North', 850, '25000'),
(116, 'KR', 'Korea South', 82, '25000'),
(117, 'KW', 'Kuwait', 965, '25000'),
(118, 'KG', 'Kyrgyzstan', 996, '25000'),
(119, 'LA', 'Laos', 856, '25000'),
(120, 'LV', 'Latvia', 371, '25000'),
(121, 'LB', 'Lebanon', 961, '25000'),
(122, 'LS', 'Lesotho', 266, '25000'),
(123, 'LR', 'Liberia', 231, '25000'),
(124, 'LY', 'Libya', 218, '25000'),
(125, 'LI', 'Liechtenstein', 423, '25000'),
(126, 'LT', 'Lithuania', 370, '25000'),
(127, 'LU', 'Luxembourg', 352, '25000'),
(128, 'MO', 'Macau S.A.R.', 853, '25000'),
(129, 'MK', 'Macedonia', 389, '25000'),
(130, 'MG', 'Madagascar', 261, '25000'),
(131, 'MW', 'Malawi', 265, '25000'),
(132, 'MY', 'Malaysia', 60, '25000'),
(133, 'MV', 'Maldives', 960, '25000'),
(134, 'ML', 'Mali', 223, '25000'),
(135, 'MT', 'Malta', 356, '25000'),
(136, 'XM', 'Man (Isle of)', 44, '25000'),
(137, 'MH', 'Marshall Islands', 692, '25000'),
(138, 'MQ', 'Martinique', 596, '25000'),
(139, 'MR', 'Mauritania', 222, '25000'),
(140, 'MU', 'Mauritius', 230, '25000'),
(141, 'YT', 'Mayotte', 269, '25000'),
(142, 'MX', 'Mexico', 52, '25000'),
(143, 'FM', 'Micronesia', 691, '25000'),
(144, 'MD', 'Moldova', 373, '25000'),
(145, 'MC', 'Monaco', 377, '25000'),
(146, 'MN', 'Mongolia', 976, '25000'),
(147, 'MS', 'Montserrat', 1664, '25000'),
(148, 'MA', 'Morocco', 212, '25000'),
(149, 'MZ', 'Mozambique', 258, '25000'),
(150, 'MM', 'Myanmar', 95, '25000'),
(151, 'NA', 'Namibia', 264, '25000'),
(152, 'NR', 'Nauru', 674, '25000'),
(153, 'NP', 'Nepal', 977, '25000'),
(154, 'AN', 'Netherlands Antilles', 599, '25000'),
(155, 'NL', 'Netherlands The', 31, '25000'),
(156, 'NC', 'New Caledonia', 687, '25000'),
(157, 'NZ', 'New Zealand', 64, '25000'),
(158, 'NI', 'Nicaragua', 505, '25000'),
(159, 'NE', 'Niger', 227, '25000'),
(160, 'NG', 'Nigeria', 234, '25000'),
(161, 'NU', 'Niue', 683, '25000'),
(162, 'NF', 'Norfolk Island', 672, '25000'),
(163, 'MP', 'Northern Mariana Islands', 1670, '25000'),
(164, 'NO', 'Norway', 47, '25000'),
(165, 'OM', 'Oman', 968, '25000'),
(166, 'PK', 'Pakistan', 92, '25000'),
(167, 'PW', 'Palau', 680, '25000'),
(168, 'PS', 'Palestinian Territory Occupied', 970, '25000'),
(169, 'PA', 'Panama', 507, '25000'),
(170, 'PG', 'Papua new Guinea', 675, '25000'),
(171, 'PY', 'Paraguay', 595, '25000'),
(172, 'PE', 'Peru', 51, '25000'),
(173, 'PH', 'Philippines', 63, '25000'),
(174, 'PN', 'Pitcairn Island', 0, '25000'),
(175, 'PL', 'Poland', 48, '25000'),
(176, 'PT', 'Portugal', 351, '25000'),
(177, 'PR', 'Puerto Rico', 1787, '25000'),
(178, 'QA', 'Qatar', 974, '25000'),
(179, 'RE', 'Reunion', 262, '25000'),
(180, 'RO', 'Romania', 40, '25000'),
(181, 'RU', 'Russia', 70, '25000'),
(182, 'RW', 'Rwanda', 250, '25000'),
(183, 'SH', 'Saint Helena', 290, '25000'),
(184, 'KN', 'Saint Kitts And Nevis', 1869, '25000'),
(185, 'LC', 'Saint Lucia', 1758, '25000'),
(186, 'PM', 'Saint Pierre and Miquelon', 508, '25000'),
(187, 'VC', 'Saint Vincent And The Grenadines', 1784, '25000'),
(188, 'WS', 'Samoa', 684, '25000'),
(189, 'SM', 'San Marino', 378, '25000'),
(190, 'ST', 'Sao Tome and Principe', 239, '25000'),
(191, 'SA', 'Saudi Arabia', 966, '25000'),
(192, 'SN', 'Senegal', 221, '25000'),
(193, 'RS', 'Serbia', 381, '25000'),
(194, 'SC', 'Seychelles', 248, '25000'),
(195, 'SL', 'Sierra Leone', 232, '25000'),
(196, 'SG', 'Singapore', 65, '25000'),
(197, 'SK', 'Slovakia', 421, '25000'),
(198, 'SI', 'Slovenia', 386, '25000'),
(199, 'XG', 'Smaller Territories of the UK', 44, '25000'),
(200, 'SB', 'Solomon Islands', 677, '25000'),
(201, 'SO', 'Somalia', 252, '25000'),
(202, 'ZA', 'South Africa', 27, '25000'),
(203, 'GS', 'South Georgia', 0, '25000'),
(204, 'SS', 'South Sudan', 211, '25000'),
(205, 'ES', 'Spain', 34, '25000'),
(206, 'LK', 'Sri Lanka', 94, '25000'),
(207, 'SD', 'Sudan', 249, '25000'),
(208, 'SR', 'Suriname', 597, '25000'),
(209, 'SJ', 'Svalbard And Jan Mayen Islands', 47, '25000'),
(210, 'SZ', 'Swaziland', 268, '25000'),
(211, 'SE', 'Sweden', 46, '25000'),
(212, 'CH', 'Switzerland', 41, '25000'),
(213, 'SY', 'Syria', 963, '25000'),
(214, 'TW', 'Taiwan', 886, '25000'),
(215, 'TJ', 'Tajikistan', 992, '25000'),
(216, 'TZ', 'Tanzania', 255, '25000'),
(217, 'TH', 'Thailand', 66, '25000'),
(218, 'TG', 'Togo', 228, '25000'),
(219, 'TK', 'Tokelau', 690, '25000'),
(220, 'TO', 'Tonga', 676, '25000'),
(221, 'TT', 'Trinidad And Tobago', 1868, '25000'),
(222, 'TN', 'Tunisia', 216, '25000'),
(223, 'TR', 'Turkey', 90, '25000'),
(224, 'TM', 'Turkmenistan', 7370, '25000'),
(225, 'TC', 'Turks And Caicos Islands', 1649, '25000'),
(226, 'TV', 'Tuvalu', 688, '25000'),
(227, 'UG', 'Uganda', 256, '25000'),
(228, 'UA', 'Ukraine', 380, '25000'),
(229, 'AE', 'United Arab Emirates', 971, '25000'),
(230, 'GB', 'United Kingdom', 44, '25000'),
(231, 'US', 'United States', 1, '25000'),
(232, 'UM', 'United States Minor Outlying Islands', 1, '25000'),
(233, 'UY', 'Uruguay', 598, '25000'),
(234, 'UZ', 'Uzbekistan', 998, '25000'),
(235, 'VU', 'Vanuatu', 678, '25000'),
(236, 'VA', 'Vatican City State (Holy See)', 39, '25000'),
(237, 'VE', 'Venezuela', 58, '25000'),
(238, 'VN', 'Vietnam', 84, '25000'),
(239, 'VG', 'Virgin Islands (British)', 1284, '25000'),
(240, 'VI', 'Virgin Islands (US)', 1340, '25000'),
(241, 'WF', 'Wallis And Futuna Islands', 681, '25000'),
(242, 'EH', 'Western Sahara', 212, '25000'),
(243, 'YE', 'Yemen', 967, '25000'),
(244, 'YU', 'Yugoslavia', 38, '25000'),
(245, 'ZM', 'Zambia', 260, '25000'),
(246, 'ZW', 'Zimbabwe', 263, '25000');

-- --------------------------------------------------------

--
-- Table structure for table `departments`
--

CREATE TABLE `departments` (
  `id` int(11) NOT NULL,
  `name` varchar(250) CHARACTER SET utf8 COLLATE utf8_unicode_ci NOT NULL,
  `description` varchar(250) CHARACTER SET utf8 COLLATE utf8_unicode_ci NOT NULL,
  `created_date` timestamp NOT NULL DEFAULT CURRENT_TIMESTAMP,
  `user_id` int(11) NOT NULL
) ENGINE=MyISAM DEFAULT CHARSET=latin1;

--
-- Dumping data for table `departments`
--

INSERT INTO `departments` (`id`, `name`, `description`, `created_date`, `user_id`) VALUES
(1, 'Finance', 'Finance', '2018-10-26 13:47:31', 0),
(2, 'Finance', 'Finances123', '2018-10-26 13:47:54', 1),
(3, 'Pharmacy', 'Pharmacy', '2018-10-26 13:58:49', 1),
(5, 'demo', 'demo', '2018-10-28 10:21:34', 0),
(7, 'morning', 'this is a morning test.', '2018-10-29 07:21:29', 1),
(16, 'Lab', 'Lab', '2018-11-01 08:20:55', 1),
(17, 'Health', 'Health', '2018-11-01 08:22:28', 1);

-- --------------------------------------------------------

--
-- Table structure for table `diagnosisreports`
--

CREATE TABLE `diagnosisreports` (
  `id` int(11) NOT NULL,
  `diagnosistype_id` int(11) NOT NULL COMMENT 'xray,blood test',
  `document_type` varchar(250) COLLATE utf8_unicode_ci NOT NULL COMMENT 'text,photo',
  `file_name` varchar(250) COLLATE utf8_unicode_ci NOT NULL,
  `prescription_id` int(11) NOT NULL,
  `description` varchar(250) COLLATE utf8_unicode_ci NOT NULL,
  `created_date` timestamp NOT NULL DEFAULT CURRENT_TIMESTAMP,
  `user_id` int(11) NOT NULL,
  `report` text COLLATE utf8_unicode_ci NOT NULL,
  `status` varchar(16) COLLATE utf8_unicode_ci NOT NULL DEFAULT 'undone',
  `consultation_id` int(11) NOT NULL,
  `reporttime` varchar(68) COLLATE utf8_unicode_ci DEFAULT NULL,
  `reportby` varchar(128) COLLATE utf8_unicode_ci DEFAULT NULL
) ENGINE=MyISAM DEFAULT CHARSET=utf8 COLLATE=utf8_unicode_ci;

--
-- Dumping data for table `diagnosisreports`
--

INSERT INTO `diagnosisreports` (`id`, `diagnosistype_id`, `document_type`, `file_name`, `prescription_id`, `description`, `created_date`, `user_id`, `report`, `status`, `consultation_id`, `reporttime`, `reportby`) VALUES
(1, 0, 'Docx', '10d4e7d4af57e4f5f1ebf668e8c204f31541428843.jpg', 1, 'test description of a diagnostic report', '2018-11-05 14:40:43', 48, '', 'undone', 0, NULL, NULL),
(2, 0, 'Docx', 'a2d109e42f12e67e94862f08669fbab11541428935.jpg', 1, 'test description of a diagnostic report', '2018-11-05 14:42:15', 48, '', 'undone', 0, NULL, NULL),
(3, 3, 'Docx', 'd4bbc15f7afef30b716ca273184989ff1548940415.jpg', 1, 'test description of a diagnostic report edited', '2018-11-05 14:45:47', 48, 'showed traces of what i can not even define', 'Done', 3, '2019-01-31 : 13:01 pm', 'Thelab Guy'),
(4, 0, 'Docx', 'b3ad69fe6b452ed645b0a4e3c9c202271546805418.png', 2, 'this is a diagnostic report', '2019-01-06 20:10:18', 48, '', 'undone', 0, NULL, NULL),
(5, 0, 'Docx', '806077485c6631d7c78f378b548e86cf1546805474.png', 2, 'this is a diagnostic report', '2019-01-06 20:11:14', 48, '', 'undone', 0, NULL, NULL),
(6, 0, 'Image', '32182e9a5a02cf9697ec8e14877270071546808687.png', 5, 'jnxkas,asksalk', '2019-01-06 21:04:47', 2, 'THis will eventually be a live report from a lab attendant.', 'undone', 0, NULL, NULL),
(7, 0, 'Image', '14fd60abd7359efc9f71e754e4b320451546868678.png', 5, 'This is just a test result from mee', '2019-01-07 13:44:38', 2, '', 'undone', 0, NULL, NULL),
(8, 0, 'Image', '6f6e6171799c136f123ff6b1b53f4be51546896470.jpg', 6, 'Please carry out  A  CT-scan on the lady to determine the status of the baby', '2019-01-07 20:06:34', 46, 'this guy has no illnes  at all jjjjjjjjjjjjjjjjjjjjjjjjjjjjjjjjjjjjjjjjjjj', 'Done', 0, NULL, NULL),
(9, 9, 'Image', 'afa3a9577c54179a2e87d5532492bad51547464375.jpg', 0, 'please do laperoscopic test on this patients', '2019-01-14 10:16:15', 46, 'this is the report of the diagnosis from the lab guy', 'Done', 1, '2019-01-16 : 09:01 AM', NULL),
(10, 4, 'Image', '142efd347de12c8a5c0729ed7299762b1547475727.jpg', 0, 'please do an mri scan lets know whats up', '2019-01-14 14:15:49', 46, 'this is the result of the mri scan on this patient', 'Done', 2, '2019-01-16 : 09:01 AM', 'Thelab Guy'),
(12, 4, '', 'none.png', 0, 'do mri scan please', '2019-02-22 09:17:03', 54, '', 'undone', 1, '2019-02-22 : 09:02 am', NULL),
(14, 5, '', 'none.png', 0, 'Please carry out this test and report back', '2019-02-22 09:47:06', 54, '', 'undone', 1, '2019-02-22 : 09:02 am', NULL),
(15, 7, '', 'none.png', 0, 'Please the test for this guy', '2019-02-22 09:48:45', 54, '', 'undone', 2, '2019-02-22 : 09:02 am', NULL);

-- --------------------------------------------------------

--
-- Table structure for table `diagnosistypes`
--

CREATE TABLE `diagnosistypes` (
  `id` int(11) NOT NULL,
  `name` varchar(120) NOT NULL,
  `cost` int(11) NOT NULL
) ENGINE=InnoDB DEFAULT CHARSET=latin1;

--
-- Dumping data for table `diagnosistypes`
--

INSERT INTO `diagnosistypes` (`id`, `name`, `cost`) VALUES
(1, 'X-Ray', 4370),
(2, 'ECG', 5000),
(3, 'CT-Scan', 2000),
(4, 'MRI Scan', 5340),
(5, 'Barium Enema', 4567),
(6, 'Barium Meal', 3425),
(7, 'Ultra Sound', 2345),
(8, 'Hysteroscopy', 2500),
(9, 'Laperoscopy', 4670);

-- --------------------------------------------------------

--
-- Table structure for table `doctors`
--

CREATE TABLE `doctors` (
  `id` int(11) NOT NULL,
  `user_id` int(11) NOT NULL,
  `name` varchar(250) CHARACTER SET utf8 COLLATE utf8_unicode_ci NOT NULL,
  `address` varchar(250) CHARACTER SET utf8 COLLATE utf8_unicode_ci NOT NULL,
  `phone` varchar(250) CHARACTER SET utf8 COLLATE utf8_unicode_ci NOT NULL,
  `department_id` int(11) NOT NULL,
  `profile` varchar(250) CHARACTER SET utf8 COLLATE utf8_unicode_ci NOT NULL,
  `created_date` timestamp NOT NULL DEFAULT CURRENT_TIMESTAMP,
  `admin_id` int(11) NOT NULL
) ENGINE=MyISAM DEFAULT CHARSET=latin1;

-- --------------------------------------------------------

--
-- Table structure for table `emailtemplate`
--

CREATE TABLE `emailtemplate` (
  `id` int(11) NOT NULL,
  `task` varchar(250) CHARACTER SET latin1 NOT NULL,
  `subject` varchar(250) CHARACTER SET latin1 NOT NULL,
  `body` varchar(250) CHARACTER SET latin1 NOT NULL,
  `created_date` timestamp NOT NULL DEFAULT CURRENT_TIMESTAMP,
  `admin_id` int(11) NOT NULL
) ENGINE=InnoDB DEFAULT CHARSET=utf8 COLLATE=utf8_unicode_ci;

-- --------------------------------------------------------

--
-- Table structure for table `frontdesks`
--

CREATE TABLE `frontdesks` (
  `id` int(11) NOT NULL,
  `user_id` int(11) NOT NULL,
  `name` varchar(250) CHARACTER SET utf8 COLLATE utf8_unicode_ci NOT NULL,
  `address` varchar(250) CHARACTER SET utf8 COLLATE utf8_unicode_ci NOT NULL,
  `phone` varchar(250) CHARACTER SET utf8 COLLATE utf8_unicode_ci NOT NULL,
  `department_id` int(11) NOT NULL,
  `profile` varchar(250) CHARACTER SET utf8 COLLATE utf8_unicode_ci NOT NULL,
  `created_date` timestamp NOT NULL DEFAULT CURRENT_TIMESTAMP,
  `admin_id` int(11) NOT NULL
) ENGINE=MyISAM DEFAULT CHARSET=latin1;

-- --------------------------------------------------------

--
-- Table structure for table `invoices`
--

CREATE TABLE `invoices` (
  `id` int(11) NOT NULL,
  `patient_id` int(11) NOT NULL,
  `title` varchar(250) COLLATE utf8_unicode_ci NOT NULL,
  `description` varchar(250) COLLATE utf8_unicode_ci NOT NULL,
  `amount` int(11) NOT NULL,
  `created_date` timestamp NOT NULL DEFAULT CURRENT_TIMESTAMP,
  `status` varchar(250) COLLATE utf8_unicode_ci NOT NULL COMMENT 'paid or unpaid',
  `user_id` int(11) NOT NULL,
  `invoiceid` varchar(160) COLLATE utf8_unicode_ci DEFAULT NULL
) ENGINE=MyISAM DEFAULT CHARSET=utf8 COLLATE=utf8_unicode_ci;

--
-- Dumping data for table `invoices`
--

INSERT INTO `invoices` (`id`, `patient_id`, `title`, `description`, `amount`, `created_date`, `status`, `user_id`, `invoiceid`) VALUES
(1, 3, 'Registration Fee + Ante natal', 'fee for new patient and pregnant women', 29000, '2018-11-07 13:28:38', 'Paid', 50, NULL),
(2, 6, 'New Patient Registeration', 'Registeration Fee', 1500, '2018-11-08 09:11:10', 'Paid', 50, NULL),
(3, 7, 'New Patient Registeration', 'Registeration Fee', 1500, '2018-11-08 09:57:47', 'Paid', 50, NULL),
(4, 8, 'New Patient Registration', 'Registration Fee', 1500, '2019-01-05 18:48:35', 'Paid', 55, NULL),
(5, 9, 'New Patient Registration', 'Registration Fee', 1500, '2019-01-06 20:55:12', 'Paid', 55, NULL),
(6, 10, 'New Patient Registration', 'Registration Fee', 1500, '2019-01-07 19:25:29', 'Unpaid', 2, NULL),
(7, 11, 'New Patient Registration', 'Registration Fee', 1500, '2019-01-07 19:26:40', 'Unpaid', 2, NULL),
(15, 16, 'New Patient Registration', 'Registration Fee', 1500, '2019-02-21 11:16:45', 'Unpaid', 55, NULL),
(9, 13, 'New Patient Registration', 'Registration Fee', 1500, '2019-01-10 20:11:41', 'Unpaid', 55, NULL),
(10, 14, 'New Patient Registration', 'Registration Fee', 1500, '2019-01-10 21:34:44', 'Unpaid', 55, NULL),
(11, 14, 'Payment for labtest', 'this is for lab tests', 2500, '2019-01-18 09:08:06', 'Unpaid', 48, NULL),
(12, 5, 'Payment for X-ray', 'Payment for X-ray', 2600, '2019-01-18 09:25:38', 'Paid', 48, '5/Inv/12'),
(13, 11, 'payment for drugs', 'payment for drugs', 4700, '2019-01-18 09:35:22', 'Unpaid', 48, 'WWD/Inv/11/13'),
(14, 15, 'New Patient Registration', 'Registration Fee', 1500, '2019-01-29 12:55:41', 'Paid', 57, 'WWD/Inv/12/13'),
(17, 8, 'Payment for Barium Enema', 'This is a Payment for Barium Enema', 4567, '2019-02-22 09:47:06', 'Unpaid', 54, 'WWD/Inv/8/17'),
(18, 9, 'Payment for Ultra Sound', 'This is a Payment for Ultra Sound', 2345, '2019-02-22 09:48:45', 'Unpaid', 54, 'WWD/Inv/9/18'),
(19, 6, 'Treatment Bills', 'This is the bill for your treatment', 30000, '2019-03-04 11:06:13', 'Paid', 57, 'WWD/Inv/6/19');

-- --------------------------------------------------------

--
-- Table structure for table `laboratorists`
--

CREATE TABLE `laboratorists` (
  `id` int(11) NOT NULL,
  `user_id` int(11) NOT NULL,
  `name` varchar(250) CHARACTER SET utf8 COLLATE utf8_unicode_ci NOT NULL,
  `address` varchar(250) CHARACTER SET utf8 COLLATE utf8_unicode_ci NOT NULL,
  `phone` varchar(250) CHARACTER SET utf8 COLLATE utf8_unicode_ci NOT NULL,
  `created_date` timestamp NOT NULL DEFAULT CURRENT_TIMESTAMP,
  `admin_id` int(11) NOT NULL
) ENGINE=MyISAM DEFAULT CHARSET=latin1;

-- --------------------------------------------------------

--
-- Table structure for table `labtests`
--

CREATE TABLE `labtests` (
  `id` int(11) NOT NULL,
  `prescription_id` int(11) NOT NULL,
  `date_added` timestamp NOT NULL DEFAULT CURRENT_TIMESTAMP,
  `user_id` int(11) NOT NULL,
  `description` varchar(256) NOT NULL,
  `status` varchar(16) NOT NULL DEFAULT 'Undone',
  `result` text NOT NULL,
  `comment` text NOT NULL
) ENGINE=InnoDB DEFAULT CHARSET=utf8;

--
-- Dumping data for table `labtests`
--

INSERT INTO `labtests` (`id`, `prescription_id`, `date_added`, `user_id`, `description`, `status`, `result`, `comment`) VALUES
(1, 2, '2019-01-06 20:40:25', 48, 'please go for a test for malaria and typhoid and HIV', '0', '', ''),
(2, 2, '2019-01-06 20:44:06', 48, 'please go for a test for malaria and typhoid and HIV', '0', '', ''),
(3, 4, '2019-01-06 20:50:55', 48, 'HIV test is highly recommended', '0', '', ''),
(4, 5, '2019-01-06 21:06:04', 2, '1. Malaria test', '0', 'hxjk\\cjk\\cjkdo[c\\ipdacbn cjhb\\ci\\clkhch\\cbjnchbvhjc\\jicj\\cnjhbchbhcnbh', 'some njbhxhb pdgvcjnkvxchj\\vcjhcbjhc'),
(5, 2, '2019-01-07 08:05:32', 2, 'Please do the following test\r\n\r\n1. Malaria\r\n2. typhoid \r\n3. PVC', '0', '', ''),
(6, 5, '2019-01-07 08:06:47', 2, 'Please do the following test\r\n\r\n1. Malaria\r\n2. Typhoid\r\n3. PVC\r\n', '0', '', ''),
(7, 6, '2019-01-07 21:15:03', 46, 'Please conduct a lab test for malaria', 'Done', 'He tested positive to malaria parasite', 'I recommend we keep him in admission for the next few days and monitor him closely');

-- --------------------------------------------------------

--
-- Table structure for table `language`
--

CREATE TABLE `language` (
  `phrase_id` int(11) NOT NULL,
  `phrase` varchar(250) COLLATE utf8_unicode_ci NOT NULL,
  `english` varchar(250) COLLATE utf8_unicode_ci NOT NULL,
  `bengali` varchar(250) COLLATE utf8_unicode_ci NOT NULL,
  `spanish` varchar(250) COLLATE utf8_unicode_ci NOT NULL,
  `arabic` varchar(250) COLLATE utf8_unicode_ci NOT NULL,
  `dutch` varchar(250) COLLATE utf8_unicode_ci NOT NULL,
  `russian` varchar(250) COLLATE utf8_unicode_ci NOT NULL,
  `chinese` varchar(250) COLLATE utf8_unicode_ci NOT NULL,
  `turkish` varchar(250) COLLATE utf8_unicode_ci NOT NULL,
  `portuguese` varchar(250) COLLATE utf8_unicode_ci NOT NULL,
  `hungarian` varchar(250) COLLATE utf8_unicode_ci NOT NULL,
  `french` varchar(250) COLLATE utf8_unicode_ci NOT NULL,
  `greek` varchar(250) COLLATE utf8_unicode_ci NOT NULL,
  `german` varchar(250) COLLATE utf8_unicode_ci NOT NULL,
  `italian` varchar(250) COLLATE utf8_unicode_ci NOT NULL,
  `thai` varchar(250) COLLATE utf8_unicode_ci NOT NULL,
  `urdu` varchar(250) COLLATE utf8_unicode_ci NOT NULL,
  `hindi` varchar(250) COLLATE utf8_unicode_ci NOT NULL,
  `latin` varchar(250) COLLATE utf8_unicode_ci NOT NULL,
  `indonesian` varchar(250) COLLATE utf8_unicode_ci NOT NULL,
  `japanese` varchar(250) COLLATE utf8_unicode_ci NOT NULL,
  `korean` varchar(250) COLLATE utf8_unicode_ci NOT NULL
) ENGINE=MyISAM DEFAULT CHARSET=utf8 COLLATE=utf8_unicode_ci;

--
-- Dumping data for table `language`
--

INSERT INTO `language` (`phrase_id`, `phrase`, `english`, `bengali`, `spanish`, `arabic`, `dutch`, `russian`, `chinese`, `turkish`, `portuguese`, `hungarian`, `french`, `greek`, `german`, `italian`, `thai`, `urdu`, `hindi`, `latin`, `indonesian`, `japanese`, `korean`) VALUES
(1, 'admin_dashboard', 'admin dashboard', 'অ্যাডমিন ড্যাশবোর্ড', 'panel de administración', 'لوحة أجهزة القياس المشرف', 'admin dashboard', 'панели администратора', '管理面板', 'yönetici paneli', 'painel de administração', 'admin műszerfal', 'interface d\'administration', 'το admin ταμπλό', 'Admin-Dashboard', 'cruscotto Admin', 'แผงควบคุมดูแลระบบ', 'ایڈمن ڈیش بورڈ', 'व्यवस्थापक डैशबोर्ड', 'admin Dashboard', 'dashboard admin', '管理ダッシュボード', '관리자 대시 보드'),
(2, 'login', 'login', 'লগইন করুন', 'login', 'دخول', 'inloggen', 'вход', '注册', 'giriş', 'login', 'bejelentkezés', 'S\'identifier', 'σύνδεση', 'anmelden', 'login', 'เข้าสู่ระบบ', 'لاگ ان', 'लॉगिन', 'login', 'login', 'ログイン', '로그인'),
(3, 'email', 'email', 'ইমেল', 'email', 'البريد الإلكتروني', 'e-mail', 'E-mail', '电子邮件', 'e-posta', 'e-mail', 'email', 'email', 'e-mail', 'E-Mail-', 'e-mail', 'ส่งอีเมล์', 'ای میل', 'ईमेल', 'Email', 'email', 'メール', '이메일'),
(4, 'password', 'password', 'পাসওয়ার্ড', 'contraseña', 'كلمة السر', 'wachtwoord', 'пароль', '密码', 'parola', 'senha', 'jelszó', 'mot de passe', 'κωδικού πρόσβασης', 'Kennwort', 'parola d\'ordine', 'รหัสผ่าน', 'پاس ورڈ', 'पासवर्ड', 'Signum', 'kata sandi', 'パスワード', '암호'),
(5, 'forgot_password?', 'forgot password?', 'পাসওয়ার্ড ভুলে গেছেন?', '¿Olvidó su contraseña?', 'هل نسيت كلمة المرور؟', 'wachtwoord vergeten?', 'Забыли пароль?', '忘记密码？', 'şifremi unuttum?', 'Esqueceu a senha?', 'elfelejtett jelszó?', 'Mot de passe oublié?', 'Ξεχάσατε τον κωδικό σας;', 'Passwort vergessen?', 'Hai dimenticato la password?', 'ลืมรหัสผ่าน?', 'پاس ورڈ بھول گیا ہے؟', 'पासवर्ड भूल गए हैं?', 'nibh', 'lupa password?', 'パスワードを忘れた？', '비밀번호를 잊으 셨나요?'),
(6, 'account_type', 'account type', 'অ্যাকাউন্টের প্রকার', 'Tipo de cuenta', 'نوع الحساب', 'accounttype', 'тип счета', '账户类型', 'hesap türü', 'tipo de conta', 'fiók típusát', 'type de compte', 'Τύπος λογαριασμού', 'Kontotyp', 'Tipo di conto', 'ประเภทบัญชี', 'اکاؤنٹ کی قسم', 'खाता प्रकार', 'propter speciem', 'Jenis akun', '口座の種類', '계정 유형'),
(7, 'admin', 'admin', 'অ্যাডমিন', 'administración', 'مشرف', 'admin', 'Админ', '管理员', 'yönetim', 'administrador', 'admin', 'administrateur', 'το admin', 'Admin', 'Admin', 'ผู้ดูแลระบบ', 'منتظم', 'प्रशासन', 'admin', 'admin', '管理者', '관리자'),
(8, 'doctor', 'doctor', 'ডাক্তার', 'doctor', 'طبيب,en', 'dokter', 'врач,en', '医生,en', 'doktor', 'médico', 'orvos', 'médecin', 'γιατρός', 'Arzt', 'medico', 'คุณหมอ', 'ڈاکٹر', 'चिकित्सक', 'Medicus', 'dokter', '医者', '의사'),
(9, 'patient', 'patient', 'রোগীর', 'paciente', 'المريض,en', 'patiënt', 'пациент,en', '病人,en', 'hasta', 'paciente', 'beteg', 'patients', 'ασθενής', 'Patienten', 'paziente', 'ผู้ป่วย', 'مریض', 'रोगी', 'Patientes', 'pasien', '患者', '환자'),
(10, 'pharmacist', 'pharmacist', 'ফার্মাসিস্ট', 'farmacéutico', 'صيدلي,en', 'apotheker', 'фармацевт', '药剂师,en', 'eczacı', 'farmacêutico', 'gyógyszerész', 'pharmacien', 'φαρμακοποιός', 'Apotheker', 'farmacista', 'เภสัชกร', 'فارماسسٹ', 'औषध बनानेवाला', 'pharmacist', 'apoteker,en', '薬剤師', '약사,en'),
(11, 'laboratorist', 'laboratorist,eo', 'ল্যাবরেটরিস্ট', 'laboratorista', 'laboratorist', 'laboratorist', 'laboratorist', 'laboratorist', 'laboratorist', 'laboratorista', 'laboratorist', 'laboratorist', 'laboratorist', 'laboratorist', 'laboratorist,eo', 'laboratorist', 'laboratorist', 'laboratorist', 'laboratorist', 'laboratorist,eo', 'laboratorist', 'laboratorist'),
(12, 'accountant', 'accountant', 'হিসাবরক্ষক', 'contador', 'محاسب,en', 'boekhouder', 'бухгалтер', '会计,en', 'muhasebeci', 'contador', 'könyvelő', 'comptable', 'λογιστής', 'Buchhalter', 'ragioniere', 'สมุห์บัญชี', 'اکاؤنٹنٹ', 'मुनीम', 'Ratiocinatore', 'akuntan', '会計士', '회계 원'),
(13, 'monitor_hospital', 'monitor hospital', 'মনিটর হাসপাতালে', 'hospital monitor', 'مستشفى رصد,en', 'beeldscherm ziekenhuis', 'монитор больницу', '监测医院,en', 'monitör hastane', 'Monitor hospitalar', 'monitor kórházban', 'hôpital moniteur', 'οθόνη από νοσοκομείο', 'Monitor Krankenhaus', 'ospedale monitor', 'โรงพยาบาลจอ', 'مانیٹر ہسپتال', 'मॉनिटर अस्पताल', 'notes hospitalis', 'memantau rumah sakit', 'モニター病院', '모니터 병원,en'),
(14, 'nurse', 'nurse', 'নার্স', 'enfermera', 'ممرضة,en', 'verpleegster', 'медсестра', '护士,en', 'hemşire', 'enfermeira', 'nővér', 'infirmière', 'νοσοκόμα', 'Krankenschwester', 'infermiere', 'พยาบาล', 'نرس', 'नर्स', 'nutricem', 'perawat', '看護師', '간호사'),
(15, 'department', 'department', 'বিভাগ', 'departamento', 'قسم,en', 'afdeling', 'отдел', '部门,en', 'bölüm', 'departamento', 'osztály', 'département', 'τμήμα', 'Abteilung', 'Dipartimento', 'แผนก', 'محکمہ', 'विभाग', 'Department', 'departemen', '部門', '부'),
(16, 'dashboard', 'dashboard', 'ড্যাশবোর্ড', 'salpicadero', 'لوحة أجهزة القياس,en', 'dashboard', 'приборная панель', '仪表盘,en', 'gösterge paneli', 'painel de instrumentos', 'műszerfal', 'tableau de bord', 'ταμπλό', 'Armaturenbrett', 'cruscotto', 'หน้าปัด', 'ڈیش بورڈ', 'डैशबोर्ड', 'Dashboard', 'dasbor', 'ダッシュボード', '계기판,en'),
(17, 'settings', 'settings', 'সেটিংস', 'ajustes', 'إعدادات,en', 'instellingen', 'настройки', '设置,en', 'ayarları', 'definições', 'beállítások', 'réglages', 'Ρυθμίσεις', 'Einstellungen', 'impostazioni', 'การตั้งค่า', 'ترتیبات', 'सेटिंग्स', 'obitus', 'Pengaturan', '設定', '설정,en'),
(18, 'profile', 'profile', 'প্রফাইল', 'perfil', 'الملف الشخصي,en', 'profiel', 'профиль', '轮廓,en', 'profil', 'perfil', 'profil', 'profil', 'προφίλ', 'Profil', 'Profilo', 'รายละเอียด', 'پروفائل', 'प्रोफ़ाइल', 'profile', 'profil,en', 'プロフィール', '프로필'),
(19, 'settings_updated', 'settings updated', 'সেটিংস আপডেট', 'configuración actualizado', 'تحديث إعدادات', 'instellingen bijgewerkt', 'Настройки обновленной', '更新设置', 'ayarlarının güncellenmesi', 'definições atualizadas', 'beállítások frissítése', 'les paramètres mis à jour', 'Ρυθμίσεις ενημέρωση', 'Einstellungen aktualisiert', 'impostazioni aggiornate', 'การตั้งค่าการอัพเดต', 'ترتیبات کی تازہ کاری', 'सेटिंग्स अपडेट', 'occasus updated', 'pengaturan diperbarui', '設定が更新され', '설정 업데이트'),
(20, 'logout', 'logout', 'লগ আউট', 'logout', 'خروج', 'uitloggen', 'выход из системы', '注销', 'çıkış', 'sair', 'logout', 'déconnexion', 'αποσύνδεση', 'Abmeldung', 'il logout', 'ออกจากระบบ', 'لاگ آؤٹ کریں', 'लॉगआउट', 'logout', 'logout', 'ログアウト', '로그 아웃'),
(21, 'logged_out', 'logged out', 'লগ আউট', 'desconectado', 'تسجيل الخروج', 'uitgelogd', 'выход из системы', '注销', 'oturumu', 'desconectado', 'kijelentkezett', 'déconnecté', 'αποσυνδεθεί', 'abgemeldet', 'disconnesso', 'เข้าออก', 'باہر کا', 'लॉग आउट', 'de logged', 'log out', 'ログアウト', '로그 아웃'),
(22, 'reset_password', 'reset password', 'পাসওয়ার্ড রিসেট করুন', 'restablecer la contraseña', 'إعادة تعيين كلمة المرور', 'reset wachtwoord', 'Сброс пароля', '重设密码', 'parola sıfırlama', 'redefinir a senha', 'Jelszó törlése', 'réinitialiser le mot de passe', 'επαναφέρετε τον κωδικό πρόσβασης', 'Kennwort zurücksetzen', 'reimpostare la password', 'ตั้งค่ารหัสผ่าน', 'پاس ورڈ ری سیٹ', 'पासवर्ड रीसेट', 'reset Signum', 'reset password', 'パスワードをリセット', '암호를 재설정'),
(23, 'reset', 'reset', 'রিসেট করুন', 'reajustar', 'إعادة تعيين', 'reset', 'сброс', '复位', 'ayarlamak', 'restabelecer', 'vissza', 'réinitialiser', 'επαναφορά', 'Zurücksetzen', 'reimpostare', 'ตั้งใหม่', 'ری سیٹ', 'रीसेट करें', 'reset', 'ulang', 'リセット', '재설정'),
(24, 'account', 'account', 'হিসাব', 'cuenta', 'حساب', 'rekening', 'счет', '帐户', 'hesap', 'conta', 'számla', 'considération', 'λογαριασμός', 'Rechnung', 'acconto', 'บัญชี', 'اکاؤنٹ', 'खाता', 'propter', 'rekening', 'アカウント', '계정'),
(25, 'select_language', 'select language', 'ভাষা নির্বাচন করুন', 'seleccionar el idioma', 'اختر اللغة,en', 'Selecteer taal,en', 'выбрать язык,en', '选择语言,en', 'dili seçin', 'selecionar o idioma', 'Válasszon nyelvet', 'sélectionner la langue', 'επιλέξτε τη γλώσσα', 'Sprache wählen', 'selezionare la lingua', 'เลือกภาษา', 'زبان منتخب کریں', 'भाषा का चयन', 'Linguam elige', 'pilih bahasa', '言語を選択する', '언어를 선택,en'),
(26, 'panel', 'panel', 'প্যানেল', 'panel', 'لوحة', 'paneel', 'панель', '面板', 'panel', 'painel', 'bizottság', 'panneau', 'πίνακας', 'Panel', 'pannello', 'แผงหน้าปัด', 'پینل', 'पैनल', 'panel', 'panel', 'パネル', '패널'),
(27, 'view_appointment', 'view appointment', 'অ্যাপয়েন্টমেন্ট দেখতে', 'ver la cita', 'عرض التعيين', 'bekijken afspraak', 'Просмотреть встречу', '查看预约', 'randevu görmek', 'ver nomeação', 'Találkozó megtekintése', 'voir rendez-vous', 'δείτε το διορισμό', 'Termin ansehen', 'visualizzare appuntamento', 'ดูได้รับการแต่งตั้ง', 'تقرری دیکھنے کے', 'नियुक्ति देखने', 'considerabit constitutio', 'lihat penunjukan', '予定を表示', '약속보기'),
(28, 'view_payment', 'view payment', 'পেমেন্ট দেখতে', 'ver pago', 'عرض الدفع', 'bekijk betaling', 'просмотреть оплаты', '查看支付', 'ödeme görmek', 'ver o pagamento', 'megtekintése fizetés', 'voir paiement', 'δείτε πληρωμών', 'sehen Zahlung', 'visualizzare pagamento', 'ดูการชำระเงิน', 'ادائیگی کے لئیے', 'भुगतान देखने', 'considerabit solutione', 'lihat pembayaran', '支払いを表示', '지불을 볼'),
(29, 'view_bed_status', 'view bed status', 'বিছানা অবস্থা দেখতে', 'ver el estado de la cama', 'عرض حالة السرير', 'bekijk de status bed', 'View Bed статус', '查看卧床状态', 'yatak durumunu görüntülemek', 'visualizar o status de cama', 'View Bed állapot', 'afficher l\'état du lit', 'δείτε την κατάσταση κρεβάτι', 'View Bed Status', 'visualizzare lo stato del letto', 'ดูสถานะเตียง', 'بستر کی حیثیت کو دیکھنے کے', 'बिस्तर स्थिति देखने', 'considerabit status cubile', 'melihat status tidur', '床の状態を表示', '침대 상태를 확인'),
(30, 'view_blood_bank', 'view blood bank', 'ব্লাড ব্যাঙ্ক দেখতে', 'ver el banco de sangre', 'عرض بنك الدم', 'bekijk bloedbank', 'просмотреть банк крови', '查看血库', 'kan bankası görmek', 'ver banco de sangue', 'megtekintéséhez vér bank', 'voir la banque de sang', 'δείτε τράπεζα αίματος', 'sehen Blutbank', 'visualizzare banca del sangue', 'ดูธนาคารเลือด', 'بلڈ بینک کے لئیے', 'ब्लड बैंक देखने', 'considerabit sanguinem ripae', 'lihat bank darah', '血液バンクを表示', '혈액 은행보기'),
(31, 'view_medicine', 'view medicine', 'ঔষধ দেখতে', 'ver la medicina', 'نظر إلى الطب', 'bekijk geneeskunde', 'просмотреть медицине', '查看药', 'tıp görmek', 'ver medicina', 'megtekintéséhez gyógyszer', 'voir la médecine', 'δείτε το φάρμακο', 'ansehen Medizin', 'visualizzare medicina', 'ดูยา', 'دوا کو دیکھنے کے', 'दवा देखने', 'considerabit medicamentum', 'lihat obat', '薬を見る', '약을 보려면'),
(32, 'view_operation', 'view operation', 'অপারেশন দেখতে', 'ver la operación', 'عرض عملية', 'bekijk operatie', 'Отображение работы', '查看操作', 'çalışma görmek', 'visualizar operação', 'megtekinteni működés', 'voir opération', 'δείτε τη λειτουργία', 'anzuzeigen Betrieb', 'visualizzare il funzionamento', 'ดูการดำเนินงาน', 'آپریشن دیکھنے کے', 'आपरेशन देखने', 'considerabit operatione', 'melihat operasi', '操作を表示', '작업을 보려면'),
(33, 'view_birth_report', 'view birth report', 'আমার রিপোর্ট', 'ver el informe de nacimiento', 'عرض التقرير الميلاد', 'bekijk geboorte rapport', 'просмотреть отчет рождения', '查看出生申报', 'Doğum raporunu görüntülemek', 'ver relatório de nascimento', 'megtekintéséhez születési jelentés', 'voir rapport de naissance', 'προβάλετε την αναφορά γέννησης', 'sehen Geburtsdatum Bericht', 'visualizzare il report di nascita', 'ดูรายงานการเกิด', 'آپ کی رپورٹ دیکھنے کے', 'जन्म रिपोर्ट देखने', 'considerabit nativitatis auditui', 'melihat laporan kelahiran', '出産レポートを表示', '출생 보고서를 보려면'),
(34, 'view_death_report', 'view death report', 'মৃত্যুর রিপোর্ট', 'ver el informe de la muerte', 'عرض تقرير الوفاة', 'bekijk dood rapport', 'просмотреть отчет смерти', '查看死亡报告', 'ölüm raporunu görüntülemek', 'ver relatório morte', 'a halált jelentés', 'voir rapport de la mort', 'προβάλετε την αναφορά του θανάτου', 'sehen Tod Bericht', 'visualizzare il report di morte', 'ดูรายงานการเสียชีวิต', 'موت کی رپورٹ دیکھنے کے', 'मौत रिपोर्ट देखने', 'considerabit mortis nuntium', 'melihat laporan kematian', '死のレポートを表示', '죽음의 보고서를 보려면'),
(35, 'manage_email_template', 'manage email template', 'ইমেইল টেমপ্লেট পরিচালনা', 'gestión de plantilla de correo electrónico', 'إدارة قالب البريد الإلكتروني', 'beheren e-mail template', 'Шаблон управления электронной почтой', '管理电子邮件模板', 'e-posta şablonu yönetmek', 'gerenciar modelo de e-mail', 'kezelni e-mail sablon', 'gérer modèle de courriel', 'διαχείριση πρότυπο email', 'Verwalten von E-Vorlage', 'gestione modello e-mail', 'แม่แบบการจัดการอีเมล์', 'ای میل سانچے انتظام', 'ईमेल टेम्पलेट का प्रबंधन', 'Morbi luctus curo', 'mengelola email template', '電子メールテンプレートを管理', '전자 메일 서식 파일 관리'),
(36, 'manage_noticeboard', 'manage noticeboard', 'নোটিশবোর্ড পরিচালনা', 'gestionar tablón de anuncios', 'إدارة اللافتة', 'beheren prikbord', 'управлять доске объявлений', '管理布告', 'panosuna yönetmek', 'gerenciar avisos', 'kezelni üzenőfalán', 'gérer panneau d\'', 'διαχείριση Ανακοινώσεων', 'verwalten noticeboard', 'gestire bacheca', 'จัดการ noticeboard', 'noticeboard کا انتظام', 'नोटिसबोर्ड प्रबंधन', 'noticeboard curo', 'mengelola pengumuman', '掲示板を管理', '공지 사항 more 관리'),
(37, 'system_settings', 'system settings', 'সিস্টেম সেটিংস', 'configuración del sistema', 'إعدادات النظام', 'systeeminstellingen', 'настройки системы', '系统设置', 'sistem ayarlarını', 'configurações do sistema', 'rendszerbeállításokat', 'les paramètres du système', 'ρυθμίσεις του συστήματος', 'Systemeinstellungen', 'impostazioni di sistema', 'การตั้งค่าระบบ', 'سسٹم کی ترتیبات', 'प्रणाली सेटिंग्स', 'ratio occasus', 'pengaturan sistem', 'システム設定', '시스템 설정'),
(38, 'manage_language', 'manage language', 'ভাষা পরিচালনা', 'gestionar idioma', 'إدارة اللغة', 'beheren taal', 'управлять языком', '管理语言', 'dil yönetmek', 'gerenciar linguagem', 'kezelni nyelv', 'gérer langue', 'διαχείριση γλώσσα', 'verwalten Sprache', 'gestire lingua', 'จัดการภาษา', 'زبان کا انتظام', 'भाषा का प्रबंधन', 'Linguam curo', 'mengelola bahasa', '言語を管理', '언어 관리'),
(39, 'backup_restore', 'backup restore', 'পুনঃস্থাপন ব্যাকআপ', 'Restaurar copia de seguridad', 'استعادة النسخ الاحتياطي', 'backup terugzetten', 'восстановление резервной копии', '备份还原', 'geri yedekleme', 'Restauração de Backup', 'Backup Restore', 'Backup Restore', 'επαναφοράς αντιγράφων ασφαλείας', 'Backup wiederherstellen', 'Backup Restore', 'การสำรองข้อมูลเรียกคืน', 'بحال بیک اپ', 'बहाल बैकअप', 'tergum quod restituo', 'backup restore', 'バックアップのリストア', '복원 백업'),
(40, 'appointment', 'appointment', 'এপয়েন্টমেন্ট', 'nombramiento', 'موعد', 'afspraak', 'назначение', '任命', 'randevu', 'nomeação', 'kinevezés', 'rendez-vous', 'ραντεβού', 'Ernennung', 'appuntamento', 'การแต่งตั้ง', 'تقرری', 'नियुक्ति', 'Nominatio', 'penunjukan', '任命', '약속'),
(41, 'payment', 'payment', 'প্রদান', 'pago', 'دفع', 'betaling', 'оплата', '付款', 'ödeme', 'pagamento', 'fizetés', 'paiement', 'πληρωμή', 'Bezahlung', 'pagamento', 'การชำระเงิน', 'ادائیگی', 'भुगतान', 'solucionis', 'pembayaran', '支払い', '지불'),
(42, 'blood_bank', 'blood bank', 'ব্লাড ব্যাঙ্ক', 'banco de sangre', 'بنك الدم', 'bloedbank', 'банк крови', '血库', 'kan bankası', 'banco de sangue', 'vérbank', 'la banque de sang', 'τράπεζα αίματος', 'Blutbank', 'banca del sangue', 'ธนาคารเลือด', 'بلڈ بینک', 'रक्त बैंक', 'sanguinem ripam', 'bank darah', '血液バンク', '혈액 은행'),
(43, 'medicine', 'medicine', 'ঔষধ', 'medicina', 'دواء', 'geneeskunde', 'медицина', '医药', 'tıp', 'medicina', 'orvostudomány', 'médecine', 'ιατρική', 'Medizin', 'medicina', 'ยา', 'دوا', 'दवा', 'medicine', 'obat', '医学', '의학'),
(44, 'operation_report', 'operation report', 'অপারেশন পরিচালনা', 'confirmación de la operación', 'تقرير العملية', 'bediening rapport', 'отчет о работе', '操作报告', 'çalışma raporu', 'relatório operação', 'működéséről szóló jelentés', 'rapport d\'opération', 'αναφορά λειτουργίας', 'OP-Bericht', 'rapporto sul funzionamento', 'รายงานการดำเนินงาน', 'آپریشن کی رپورٹ', 'आपरेशन रिपोर्ट', 'operatio auditui', 'Laporan operasi', '動作報告', '운영 보고서'),
(45, 'birth_report', 'birth report', 'আমার রিপোর্ট', 'informe nacimiento', 'تقرير الميلاد', 'geboorte rapport', 'Отчет рождения', '出生申报', 'doğum raporu', 'relatório de nascimento', 'születési jelentés', 'rapport à la naissance', 'Έκθεση Γέννησης', 'Geburt Bericht', 'relazione di nascita', 'รายงานการเกิด', 'آپ کی رپورٹ', 'जन्म रिपोर्ट', 'fama nativitate', 'Laporan lahir', '出生届', '출생 보고서'),
(46, 'death_report', 'death report', 'মৃত্যুর প্রতিবেদন', 'informe de la muerte', 'تقرير الموت', 'dood rapport', 'смерть отчет', '死亡报告', 'ölüm raporu', 'relatório morte', 'halál jelentés', 'Rapport de mort', 'έκθεση του θανάτου', 'Tod Bericht', 'rapporto di morte', 'รายงานการเสียชีวิต', 'موت رپورٹ', 'मौत रिपोर्ट', 'fama mortis', 'Laporan kematian', '死亡届', '사망 보고서'),
(47, 'bed_allotment', 'bed allotment', 'বিছানা অ্যালটমেন্ট', 'asignación de cama', 'تخصيص سرير', 'bed toewijzing', 'кровать выделение', '床上配发', 'yatak tahsis', 'cama loteamento', 'ágy elosztás', 'attribution de lit', 'κατανομής κρεβάτι', 'Bett Zuteilung', 'letto riparto', 'จัดสรรเตียง', 'بستر الاٹمنٹ', 'बिस्तर आवंटन', 'stratum sorti', 'tidur penjatahan', 'ベッド割当', '침대 할당'),
(48, 'noticeboard', 'noticeboard', 'নোটিশবোর্ড', 'noticeboard', 'اللافتة', 'prikbord', 'доска объявлений', '布告', 'panosuna', 'NOTICEBOARD', 'üzenőfalán', 'Panneau d\'affichage', 'Ανακοινώσεων', 'Schwarzes Brett', 'bacheca', 'noticeboard', 'noticeboard', 'Noticeboard', 'noticeboard', 'pengumuman', '掲示板', '공지 사항 more'),
(49, 'language', 'language', 'ভাষা', 'idioma', 'لغة', 'taal', 'язык', '语', 'dil', 'linguagem', 'nyelv', 'langue', 'γλώσσα', 'Sprache', 'lingua', 'ภาษา', 'زبان', 'भाषा', 'Linguam', 'bahasa', '言語', '언어'),
(50, 'backup', 'backup', 'ব্যাকআপ', 'copia de seguridad', 'النسخ الاحتياطي', 'backup', 'резервное копирование', '备份', 'yedekleme', 'fazer backup', 'hát', 'sauvegarder', 'αντιγράφων ασφαλείας', 'Backup', 'eseguire il backup', 'การสำรองข้อมูล', 'بیک اپ', 'बैकअप', 'tergum', 'backup', 'バックアップ', '백업'),
(51, 'calendar_schedule', 'calendar schedule', 'ক্যালেন্ডার সময়সূচী', 'horario de calendario', 'جدول التقويم', 'kalender schema', 'календарный план', '日历日程', 'takvim programı', 'calendário da programação', 'naptári ütemezés', 'calendrier calendrier', 'ημερολογιακό πρόγραμμα', 'Kalender Zeitplan', 'calendario calendario', 'ตารางปฏิทิน', 'کیلنڈر شیڈول', 'कैलेंडर अनुसूची', 'Calendarium cedula', 'jadwal kalender', 'カレンダースケジュール', '캘린더 일정'),
(52, 'manage_department', 'manage department', 'ডিপার্টমেন্ট পরিচালনা', 'gestionar departamento', 'إدارة قسم', 'beheren afdeling', 'управлять отделом', '管理部门', 'bölümü yönetmek', 'gerenciar departamento', 'kezelni osztály', 'gérer département', 'διαχειρίζεται το τμήμα', 'Verwaltung Abteilung', 'gestire reparto', 'จัดการแผนก', 'محکمہ کا انتظام', 'विभाग का प्रबंधन', 'department curo', 'mengelola departemen', '部門を管理', '부서 관리'),
(53, 'department_list', 'department list', 'বিভাগ তালিকা', 'Lista departamento', 'قائمة وزارة', 'afdeling lijst', 'Отдел список', '部门列表', 'bölüm listesi', 'Lista de departamento', 'osztály lista', 'Liste département', 'Τμήμα λίστα', 'Abteilung Liste', 'Lista reparto', 'รายการแผนก', 'محکمہ کی فہرست', 'विभाग की सूची', 'department album', 'Daftar departemen', '部門リスト', '부서 목록'),
(54, 'add_department', 'add department', 'বিভাগ যোগ করুন', 'añadir departamento', 'إضافة قسم', 'add afdeling', 'добавить отделе', '新增部门', 'bölümü ekleyin', 'adicionar departamento', 'add osztály', 'ajouter département', 'προσθέστε το τμήμα', 'Abteilung hinzufügen', 'aggiungere reparto', 'เพิ่มแผนก', 'محکمہ شامل', 'विभाग जोड़ना', 'addere dolor', 'menambah organisasi', '部門を追加', '부서를 추가'),
(55, 'department_name', 'department name', 'বিভাগের নাম', 'nombre del departamento', 'اسم القسم', 'afdelingsnaam', 'название отдела', '部门名称', 'bölüm adı', 'nome do departamento', 'részleg nevét', 'nom du département', 'Τμήμα όνομα', 'Name der Abteilung', 'nome del reparto', 'ชื่อแผนก', 'محکمہ کا نام', 'विभाग का नाम', 'nomen department', 'nama departemen', '部署名', '부서 이름'),
(56, 'description', 'description', 'বর্ণনা', 'descripción', 'وصف', 'beschrijving', 'описание', '描述', 'tanımlama', 'descrição', 'leírás', 'Description', 'περιγραφή', 'Beschreibung', 'descrizione', 'ลักษณะ', 'تفصیل', 'विवरण', 'description', 'deskripsi', '説明', '기술'),
(57, 'options', 'options', 'অপশন', 'Opciones', 'خيارات', 'opties', 'опции', '选项', 'seçenekleri', 'opções', 'lehetőségek', 'les options', 'Επιλογές', 'Optionen', 'opzioni', 'ตัวเลือก', 'اختیارات', 'विकल्प', 'options', 'Pilihan', 'オプション', '옵션'),
(58, 'edit', 'edit', 'সম্পাদনা করুন', 'editar', 'تعديل', 'uitgeven', 'редактировать', '编辑', 'düzenleme', 'editar', 'szerkeszt', 'éditer', 'επεξεργαστείτε', 'bearbeiten', 'modificare', 'แก้ไข', 'ترمیم کریں', 'संपादित', 'emendo', 'mengedit', '編集', '편집'),
(59, 'delete', 'delete', 'মুছে দিন', 'borrar', 'حذف', 'verwijderen', 'удалять', '删除', 'silmek', 'excluir', 'töröl', 'supprimer', 'διαγραφή', 'löschen', 'cancella', 'ลบ', 'خارج کر دیں', 'हटाना', 'delete', 'menghapus', '削除する', '삭제'),
(60, 'department_description', 'department description', 'বিভাগ বর্ণনা', 'Descripción del departamento', 'وصف قسم', 'afdeling beschrijving', 'Отдел описание', '科室介绍', 'Bölüm açıklaması', 'descrição departamento', 'osztály leírás', 'Description département', 'Τμήμα περιγραφή', 'Abteilung Beschreibung', 'Descrizione del reparto', 'คำอธิบายของแผนก', 'محکمہ تفصیل', 'विभाग विवरण', 'hac descriptione', 'deskripsi departemen', '部門の説明', '부서 소개'),
(61, 'manage_doctor', 'manage doctor', 'ডাক্তার পরিচালনা', 'gestionar médico', 'إدارة الطبيب', 'beheren arts', 'управлять врача', '医生管理', 'doktor yönetmek', 'gerenciar médico', 'kezelését orvos', 'gérer médecin', 'διαχειρίζεται το γιατρό', 'verwalten Arzt', 'gestire medico', 'จัดการแพทย์', 'ڈاکٹر کا انتظام', 'डॉक्टर का प्रबंधन', 'Medicus curo', 'mengelola dokter', '医師を管理', '의사 관리'),
(62, 'doctor_list', 'doctor list', 'ডাক্তারের তালিকা', 'Lista médico', 'قائمة الطبيب', 'arts lijst', 'Врач список', '医生名单', 'doktor listesi', 'lista médico', 'orvos lista', 'liste de racle', 'Λίστα γιατρό', 'Arzt-Liste', 'elenco medico', 'รายชื่อแพทย์', 'ڈاکٹر فہرست', 'डॉक्टर सूची', 'Medicus album', 'Daftar dokter', '医師リスト', '의사 목록'),
(63, 'add_doctor', 'add doctor', 'ডাক্তার যোগ করুন', 'añadir médico', 'طبيب جديد', 'voegen arts', 'добавить врача', '加医生', 'doktor ekleyin', 'adicionar médico', 'hozzá orvos', 'ajouter médecin', 'προσθέστε το γιατρό', 'Arzt hinzufügen', 'aggiungere medico', 'เพิ่มแพทย์', 'ڈاکٹر شامل', 'डॉक्टर जोड़', 'adde medicum', 'menambah tenaga dokter', '医師を追加', '의사 추가'),
(64, 'doctor_name', 'doctor name', 'ডাক্তারের নাম', 'Nombre del médico', 'اسم الطبيب', 'Naam arts', 'Врач название', '医生姓名', 'doktor adı', 'Nome do médico', 'orvos név', 'Nom du médecin', 'Όνομα γιατρό', 'Arzt Namen', 'Nome del medico', 'ชื่อแพทย์', 'ڈاکٹر کا نام', 'डॉक्टर का नाम', 'medicus nomen', 'Nama dokter', '医師名', '의사 이름'),
(65, 'name', 'name', 'নাম', 'nombre', 'اسم', 'naam', 'название', '名', 'ad', 'nome', 'név', 'Nom', 'όνομα', 'Name', 'nome', 'ชื่อ', 'نام', 'नाम', 'nóminis', 'nama', '名前', '이름'),
(66, 'address', 'address', 'ঠিকানা', 'dirección', 'عنوان', 'adres', 'адрес', '地址', 'adres', 'endereço', 'cím', 'Adresse', 'διεύθυνση', 'Anschrift', 'indirizzo', 'ที่อยู่', 'ایڈریس', 'पता', 'inscriptio', 'alamat', 'アドレス', '주소'),
(67, 'phone', 'phone', 'ফোন', 'teléfono', 'هاتف', 'telefoon', 'телефон', '电话', 'telefon', 'telefone', 'telefon', 'téléphone', 'τηλέφωνο', 'telefonieren', 'telefono', 'โทรศัพท์', 'فون', 'फ़ोन', 'phone', 'telepon', '電話', '전화'),
(68, 'manage_patient', 'manage patient', 'রোগীর পরিচালনা', 'gestionar paciente', 'إدارة المريض', 'beheren patiënt', 'управлять пациента', '管理病人', 'hastanın tedavisini düzenleyin', 'gerenciar paciente', 'kezelni beteg', 'gérer les patients', 'διαχείριση των ασθενών', 'Patienten verwalten', 'gestione del paziente', 'บริหารจัดการผู้ป่วย', 'مریض کا انتظام', 'रोगी प्रबंधन', 'patiens aget', 'mengelola pasien', '患者を管理', '환자 관리'),
(69, 'patient_list', 'patient list', 'রোগীর তালিকা', 'lista de pacientes', 'قائمة المريض', 'patiënt lijst', 'Список пациентов', '病人列表', 'Hasta listesi', 'lista de pacientes', 'beteglistát', 'liste des patients', 'λίστα ασθενών', 'Patientenliste', 'elenco dei pazienti', 'รายชื่อผู้ป่วย', 'مریض کی فہرست', 'रोगी सूची', 'Patientes album', 'daftar pasien', '患者リスト', '환자 목록'),
(70, 'add_patient', 'add patient', 'রোগীর যোগ করুন', 'añadir paciente', 'إضافة المريض', 'voegen patiënt', 'добавить пациента', '增加病人', 'Hasta ekleyin', 'adicionar paciente', 'hozzá beteg', 'ajouter patients', 'προσθήκη ασθενούς', 'Patienten hinzufügen', 'aggiungere paziente', 'เพิ่มผู้ป่วย', 'مریض شامل', 'रोगी जोड़ना', 'adde patientes', 'menambahkan pasien', '患者を追加', '환자 추가'),
(71, 'patient_name', 'patient name', 'রোগীর নাম', 'Nombre del paciente', 'اسم المريض', 'naam van de patiënt', 'имя пациента', '患者姓名', 'hasta adı', 'nome do paciente', 'páciens neve', 'le nom du patient', 'το όνομα του ασθενούς', 'Patientennamen', 'nome del paziente', 'ชื่อผู้ป่วย', 'مریض کا نام', 'रोगी का नाम', 'Patientes nomine', 'Nama pasien', '患者名', '환자의 이름'),
(72, 'age', 'age', 'বয়স', 'edad', 'عمر', 'leeftijd', 'возраст', '年龄', 'yaş', 'idade', 'életkor', 'âge', 'ηλικία', 'Alter', 'età', 'อายุ', 'عمر', 'उम्र', 'saeculi', 'usia', '年齢', '나이'),
(73, 'sex', 'sex', 'যৌন', 'sexo', 'جنس', 'seks', 'секс', '性别', 'seks', 'sexo', 'szex', 'sexe', 'φύλο', 'Sex', 'sesso', 'เพศ', 'جنسی تعلقات', 'लिंग', 'sexum', 'seks', 'セックス', '섹스'),
(74, 'blood_group', 'blood group', 'রক্তের বিভাগ', 'grupo sanguíneo', 'فصيلة الدم', 'bloedgroep', 'группа крови', '血型', 'kan grubu', 'grupo sanguíneo', 'vércsoport', 'groupe sanguin', 'ομάδα αίματος', 'Blutgruppe', 'gruppo sanguigno', 'กรุ๊ปเลือด', 'خون کے گروپ', 'रक्त वर्ग', 'sanguine coetus', 'golongan darah', '血液型', '혈액형'),
(75, 'birth_date', 'birth date', 'আমার জন্ম', 'fecha de nacimiento', 'تاريخ الميلاد', 'geboortedatum', 'Дата рождения', '出生日期', 'doğum tarihi', 'data de nascimento', 'születési dátum', 'date de naissance', 'ημερομηνία γέννησης', 'Geburtsdatum', 'Data di nascita', 'วันเดือนปีเกิด', 'پیدائش کی تاریخ', 'जन्म तिथि', 'date nativitatis', 'tanggal lahir', '生年月日', '생년월일'),
(76, 'male', 'male', 'পুরুষ', 'macho', 'ذكر', 'mannelijk', 'мужской', '男性', 'erkek', 'masculino', 'férfi', 'masculin', 'αρσενικός', 'männlich', 'maschio', 'ชาย', 'کھنگالیں', 'नर', 'masculus', 'laki-laki', '男性', '남성'),
(77, 'female', 'female', 'মহিলা', 'femenino', 'أنثى', 'vrouw', 'женский', '女性', 'kadın', 'feminino', 'női', 'féminin', 'θηλυκός', 'weiblich', 'femminile', 'หญิง', 'خواتین', 'महिला', 'feminam', 'perempuan', '女性', '여성'),
(78, 'manage_nurse', 'manage nurse', 'নার্স পরিচালনা', 'gestionar la enfermera', 'إدارة ممرضة', 'beheren verpleegkundige', 'управлять медсестры', '护士管理', 'hemşire yönetmek', 'gerenciar enfermeira', 'kezelni nővér', 'gérer infirmière', 'διαχείριση νοσοκόμα', 'verwalten Krankenschwester', 'gestire infermiera', 'จัดการพยาบาล', 'نرس کا انتظام', 'नर्स का प्रबंधन', 'nutrix curo', 'mengelola perawat', '看護師を管理', '간호사 관리'),
(79, 'nurse_list', 'nurse list', 'নার্স তালিকা', 'Lista de enfermera', 'قائمة ممرضة', 'verpleegkundige lijst', 'Медсестра список', '护士名单', 'hemşire liste', 'lista enfermeira', 'nővér lista', 'infirmière liste', 'Λίστα νοσοκόμα', 'Krankenschwester Liste', 'Lista infermiera', 'รายการพยาบาล', 'نرس کی فہرست', 'नर्स सूची', 'nutrix album', 'daftar perawat', '看護師のリスト', '간호사 목록'),
(80, 'add_nurse', 'add nurse', 'নার্স যোগ করুন', 'añadir enfermera', 'إضافة ممرضة', 'voegen verpleegkundige', 'добавить медсестры', '增加护士', 'hemşire ekleyin', 'adicionar enfermeira', 'hozzá nővér', 'ajouter infirmière', 'προσθήκη νοσοκόμα', 'Krankenschwester hinzufügen', 'aggiungere infermiera', 'เพิ่มพยาบาล', 'نرس شامل', 'नर्स जोड़', 'adde nutricem', 'tambahkan perawat', '看護師を追加', '간호사 추가'),
(81, 'nurse_name', 'nurse name', 'নার্স নাম', 'nombre de la enfermera', 'اسم ممرضة', 'naam verpleegkundige', 'Медсестра название', '护士的名字', 'hemşire adı', 'Nome enfermeira', 'nővér név', 'nom de l\'infirmière', 'Όνομα νοσοκόμα', 'Krankenschwester Namen', 'Nome infermiera', 'ชื่อพยาบาล', 'نرس کا نام', 'नर्स का नाम', 'nomine nutricis', 'Nama perawat', '看護師名', '간호사 이름'),
(82, 'manage_pharmacist', 'manage pharmacist', 'ফার্মাসিস্ট পরিচালনা', 'gestionar farmacéutico', 'إدارة الصيدلي', 'beheren apotheker', 'управлять фармацевт', '管理药剂师', 'eczacı yönetmek', 'gerenciar farmacêutico', 'kezelni gyógyszerész', 'gérer pharmacien', 'διαχείριση φαρμακοποιό', 'verwalten Apotheker', 'gestire farmacista', 'จัดการเภสัชกร', 'فارماسسٹ کا انتظام', 'फार्मासिस्ट का प्रबंधन', 'pharmacist curo', 'mengelola apoteker', '薬剤師を管理', '약사 관리'),
(83, 'pharmacist_list', 'pharmacist list', 'ফার্মাসিস্ট তালিকা', 'Lista farmacéutico', 'قائمة الصيدلي', 'apotheker lijst', 'Фармацевт список', '药剂师列表', 'eczacı liste', 'lista farmacêutico', 'gyógyszerész lista', 'liste de pharmacien', 'Λίστα φαρμακοποιό', 'Apotheker Liste', 'Lista farmacista', 'รายการเภสัชกร', 'فارماسسٹ فہرست', 'फार्मासिस्ट सूची', 'pharmacist album', 'Daftar apoteker', '薬剤師のリスト', '약사 목록'),
(84, 'add_pharmacist', 'add pharmacist', 'ফার্মাসিস্ট যোগ করুন', 'añadir farmacéutico', 'إضافة الصيدلي', 'voegen apotheker', 'добавить фармацевта', '加药剂师', 'eczacı ekleyin', 'adicionar farmacêutico', 'hozzá gyógyszerészét', 'ajouter pharmacien', 'προσθέστε το φαρμακοποιό', 'Apotheker hinzufügen', 'aggiungere il farmacista', 'เพิ่มเภสัชกร', 'فارماسسٹ شامل', 'फार्मासिस्ट जोड़', 'adde pharmacopola', 'menambahkan apoteker', '薬剤師を追加', '약사 추가'),
(85, 'pharmacist_name', 'pharmacist name', 'ফার্মাসিস্ট নাম', 'Nombre farmacéutico', 'اسم الصيدلي', 'naam apotheker', 'Фармацевт название', '药剂师名称', 'eczacı adı', 'Nome farmacêutico', 'gyógyszerész név', 'Nom du pharmacien', 'το όνομα του φαρμακοποιού', 'Apotheker Namen', 'Nome del farmacista', 'ชื่อเภสัชกร', 'فارماسسٹ کا نام', 'फार्मासिस्ट के नाम', 'pharmacist nomine', 'Nama apoteker', '薬剤師名', '약사 이름'),
(86, 'manage_laboratorist', 'manage laboratorist,eo', 'ল্যাবরেটরিস্ট পরিচালনা', 'gestionar laboratorista', 'إدارة laboratorist', 'beheren laboratorist', 'управлять laboratorist', '管理laboratorist“', 'laboratorist yönetmek', 'gerenciar laboratorista', 'kezelni laboratorist', 'gérer laboratorist', 'διαχείριση laboratorist', 'verwalten laboratorist', 'gestire laboratorist', 'จัดการ laboratorist', 'laboratorist کا انتظام', 'laboratorist प्रबंधन', 'laboratorist curo', 'mengelola laboratorist', 'laboratoristを管理', 'laboratorist 관리'),
(87, 'laboratorist_list', 'laboratorist list,eo', 'ল্যাবরেটরিস্ট তালিকা', 'Lista laboratorista', 'قائمة laboratorist', 'laboratorist lijst', 'laboratorist список', 'laboratorist列表', 'laboratorist liste', 'lista laboratorista', 'laboratorist lista', 'Liste d\'laboratorist', 'Λίστα laboratorist', 'laboratorist Liste', 'Lista laboratorist', 'รายการ laboratorist', 'laboratorist فہرست', 'laboratorist सूची', 'laboratorist album', 'Daftar laboratorist', 'laboratoristリスト', 'laboratorist 목록'),
(88, 'add_laboratorist', 'add laboratorist,eo', 'ল্যাবরেটরিস্ট যোগ করুন', 'añadir laboratorista', 'إضافة laboratorist', 'voegen laboratorist', 'добавить laboratorist', '添加laboratorist“', 'laboratorist ekleyin', 'adicionar laboratorista', 'hozzá laboratorist', 'ajouter laboratorist', 'προσθήκη laboratorist', 'laboratorist hinzufügen', 'aggiungere laboratorist', 'เพิ่ม laboratorist', 'laboratorist شامل', 'laboratorist जोड़', 'adde laboratorist', 'tambahkan laboratorist', 'laboratoristを追加', 'laboratorist 추가'),
(89, 'laboratorist_name', 'laboratorist name,sl', 'ল্যাবরেটরিস্ট নাম', 'Nombre laboratorista', 'اسم laboratorist', 'naam laboratorist', 'laboratorist название', 'laboratorist名', 'laboratorist adı', 'nome laboratorista', 'laboratorist név', 'nom de laboratorist', 'Όνομα laboratorist', 'laboratorist Namen', 'Nome laboratorist', 'ชื่อ laboratorist', 'laboratorist نام', 'laboratorist नाम', 'nomen laboratorist', 'Nama laboratorist', 'laboratorist名', 'laboratorist 이름'),
(90, 'manage_accountant', 'manage accountant', 'হিসাবরক্ষক পরিচালনা', 'gestión contable', 'إدارة محاسب', 'beheren accountant', 'управлять бухгалтера', '管理会计师', 'muhasebeci yönetmek', 'gerenciar contador', 'kezelni könyvelő', 'gérer comptable', 'διαχείριση λογιστή', 'Buchhalter verwalten', 'gestione contabile', 'การจัดการบัญชี', 'اکاؤنٹنٹ کا انتظام', 'लेखाकार प्रबंधन', 'Ratiocinatore curo', 'mengelola akuntan', '会計士を管理', '회계 관리'),
(91, 'accountant_list', 'accountant list', 'হিসাবরক্ষক তালিকা', 'Lista de contador', 'قائمة محاسب', 'accountant lijst', 'бухгалтером список', '会计师名单', 'muhasebeci liste', 'Lista de contador', 'könyvelő lista', 'Liste comptable', 'Λίστα λογιστή', 'Buchhalter Liste', 'Lista ragioniere', 'รายการบัญชี', 'اکاؤنٹنٹ فہرست', 'लेखाकार सूची', 'Ratiocinatore album', 'Daftar akuntan', '会計士リスト', '회계사 목록'),
(92, 'add_accountant', 'add accountant', 'হিসাবরক্ষক যোগ করুন', 'añadir contador', 'إضافة محاسب', 'voegen accountant', 'добавить бухгалтера', '添加会计师', 'muhasebeci ekleyin', 'adicionar contador', 'hozzá könyvelő', 'ajouter comptable', 'προσθήκη λογιστή', 'Buchhalter hinzufügen', 'aggiungere ragioniere', 'เพิ่มบัญชี', 'اکاؤنٹنٹ شامل', 'एकाउंटेंट जोड़ना', 'adde Ratiocinatore', 'tambahkan akuntan', '会計士を追加', '회계사 추가'),
(93, 'accountant_name', 'accountant name', 'হিসাবরক্ষক নাম', 'Nombre del contador', 'اسم محاسب', 'naam accountant', 'бухгалтером название', '会计师名称', 'muhasebeci adı', 'Nome do contador', 'könyvelő név', 'Nom de l\'expert-comptable', 'Όνομα λογιστή', 'Buchhalter Namen', 'Nome ragioniere', 'ชื่อบัญชี', 'اکاؤنٹنٹ کا نام', 'लेखाकार नाम', 'nomen Ratiocinatore', 'Nama akuntan', '会計士名', '회계사 이름'),
(94, 'phrase_list', 'phrase list', 'ফ্রেজ তালিকা', 'lista de frases', 'قائمة العبارة', 'woordgroepenlijst', 'список фраз', '短语列表', 'ifade liste', 'lista de frases', 'kifejezés lista', 'liste de phrase', 'Λίστα φράση', 'Phrase Liste', 'elenco frase', 'รายการวลี', 'جملہ فہرست', 'वाक्यांश सूची', 'phrase album', 'Daftar frase', 'フレーズリスト', '구문 목록'),
(95, 'add_phrase', 'add phrase', 'শব্দবন্ধ যোগ করুন', 'añadir una frase', 'إضافة العبارة', 'add zin', 'Добавить фразу', '加短语', 'ifade ekleme', 'adicionar frase', 'add kifejezés', 'ajouter phrase', 'Προσθήκη φράσης', 'Phrase hinzufügen', 'aggiungere la frase', 'เพิ่มวลี', 'فقرہ شامل کریں', 'वाक्यांश जोड़ना', 'addere phrase', 'menambahkan frase', 'フレーズを追加', '문구를 추가'),
(96, 'add_language', 'add language', 'ভাষা যুক্ত', 'añadir el idioma', 'إضافة لغة', 'add taal', 'добавить язык', '新增语言', 'dil eklemek', 'adicionar linguagem', 'nyelv hozzáadása', 'ajouter langue', 'προσθήκη γλώσσας', 'Sprache hinzufügen', 'aggiungere la lingua', 'เพิ่มภาษา', 'زبان کا اضافہ', 'भाषा जोड़ना', 'Linguam addere', 'menambah bahasa', '言語を追加する', '언어를 추가'),
(97, 'phrase', 'phrase', 'ফ্রেজ', 'frase', 'العبارة', 'frase', 'фраза', '短语', 'ifade', 'frase', 'kifejezés', 'phrase', 'φράση', 'Begriff', 'Frase', 'วลี', 'جملے', 'वाक्यांश', 'phrase', 'frasa', 'フレーズ', '구'),
(98, 'delete_language', 'delete language', 'ভাষা মুছে দিন', 'eliminar el idioma', 'لغة حذف', 'taal verwijderen', 'удалить язык', '删除语言', 'dil silmek', 'excluir linguagem', 'törlése nyelv', 'supprimer langue', 'διαγραφή γλώσσα', 'löschen Sprache', 'eliminare lingua', 'ลบภาษา', 'زبان کو خارج کر دیں', 'भाषा को हटाना', 'Linguam delete', 'menghapus bahasa', '言語を削除する', '언어를 삭제'),
(99, 'update_phrase', 'update phrase', 'ফ্রেজ আপডেট', 'actualizar frase', 'تحديث العبارة', 'updaten zin', 'обновления фразу', '更新短语', 'ifade güncelleme', 'atualizar frase', 'frissítés kifejezés', 'mettre à jour phrase', 'ενημέρωση φράση', 'aktualisieren Phrase', 'aggiornare frase', 'ปรับปรุงวลี', 'جملہ اپ ڈیٹ', 'वाक्यांश अद्यतन', 'phrase update', 'memperbarui frase', 'フレーズを更新', '문구를 업데이트'),
(100, 'time', 'time', 'সময়', 'tiempo', 'وقت', 'tijd', 'время', '时间', 'zaman', 'tempo', 'idő', 'heure', 'χρόνος', 'Zeit', 'volta', 'เวลา', 'وقت', 'समय', 'tempus', 'waktu', '時間', '시간'),
(101, 'amount', 'amount', 'পরিমাণ', 'cantidad', 'كمية', 'bedrag', 'количество', '量', 'miktar', 'quantidade', 'mennyiség', 'montant', 'ποσό', 'Betrag', 'importo', 'จำนวน', 'رقم', 'राशि', 'moles', 'jumlah', '額', '양'),
(102, 'payment_type', 'payment type', 'পেমেন্ট টাইপ', 'forma de pago', 'نوع الدفع', 'soort betaling', 'тип оплаты', '支付类型', 'ödeme türü', 'tipo de pagamento', 'fizetési módot', 'Type de paiement', 'Τύπος πληρωμής', 'Art der Bezahlung', 'Tipo di pagamento', 'ประเภทการชำระเงิน', 'ادائیگی کی قسم', 'भुगतान के प्रकार', 'type solutione', 'jenis pembayaran', '支払いタイプ', '지불 유형'),
(103, 'transaction_id', 'transaction id', 'লেনদেন আইডি', 'identificación de la transacción', 'رقم المعاملات', 'transaction id', 'ID транзакции', '事务ID', 'işlem kimliği', 'ID da transação', 'tranzakció id', 'Identifiant de transaction', 'id συναλλαγών', 'Transaktions-ID', 'id transazione', 'รายการ ID', 'ٹرانزیکشن کی شناخت', 'लेन - देन आईडी', 'id negotii', 'id transaksi', 'トランザクションID', '트랜잭션 ID'),
(104, 'invoice_id', 'invoice id', 'চালান আইডি', 'Identificación factura', 'رقم الفاتورة', 'factuur id', 'счет-фактура ID', '发票编号', 'fatura id', 'id fatura', 'számla id', 'Identifiant facture', 'τιμολογίου id', 'Rechnung id', 'id fattura', 'id ของใบแจ้งหนี้', 'انوائس کی شناخت', 'चालान आईडी', 'ID cautionem', 'id faktur', '請求書のID', '송장 번호'),
(105, 'method', 'method', 'পদ্ধতি', 'método', 'طريقة', 'methode', 'метод', '方法', 'yöntem', 'método', 'módszer', 'méthode', 'μέθοδος', 'Verfahren', 'Metodo', 'วิธี', 'طریقہ', 'विधि', 'methodo', 'metode', '方法', '방법'),
(106, 'bed_list', 'bed list', 'বিছানা তালিকা', 'Lista de cama', 'قائمة سرير', 'bed lijst', 'кровать список', '床列表', 'yatak liste', 'Lista de cama', 'ágy lista', 'liste de lit', 'Λίστα κρεβάτι', 'Bett Liste', 'Lista letto', 'รายการเตียง', 'بستر کی فہرست', 'बिस्तर सूची', 'stratum album', 'Daftar tidur', 'ベッド一覧', '침대 목록'),
(107, 'bed_id', 'bed id', 'বিছানা আইডি', 'Identificación cama', 'معرف السرير', 'bed id', 'кровать ID', '床上ID', 'yatak id', 'id cama', 'ágy id', 'Identifiant du lit', 'id κρεβάτι', 'Bett-ID', 'id letto', 'ID เตียง', 'بستر کی شناخت', 'बिस्तर आईडी', 'ID lectulo', 'tidur id', 'ベッド番号', '침대 ID'),
(108, 'bed_type', 'bed type', 'বিছানা টাইপ', 'tipo de cama', 'نوع السرير', 'Type bed', 'тип кровати', '床型', 'yatak tipi', 'tipo de cama', 'szoba típus', 'Type de lit', 'τύπο κρεβατιού', 'Bett-Typ', 'Tipo di letto', 'ประเภทเตียง', 'بستر کی قسم', 'बिस्तर प्रकार', 'stratum typus', 'jenis tempat tidur', 'ベッドタイプ', '침대 유형'),
(109, 'allotment_time', 'allotment time', 'বন্টনের সময়', 'asignación del tiempo', 'وقت التخصيص', 'allotment tijd', 'выделение времени', '配发时间', 'tahsis süresi', 'tempo loteamento', 'elosztás idő', 'temps d\'attribution', 'κατανομή του χρόνου', 'Zuteilung Zeit', 'tempo di riparto', 'เวลาจัดสรร', 'الاٹمنٹ کے وقت', 'आवंटन के समय', 'sortitio tempore', 'waktu penjatahan', '割当時間', '할당 시간'),
(110, 'discharge_time', 'discharge time', 'স্রাব সময়', 'tiempo de descarga', 'وقت التفريغ', 'ontlaadtijd', 'Время разряда', '放电时间', 'boşalma süresi', 'tempo de descarga', 'kisütési idő', 'temps de décharge', 'χρόνο εκροής', 'Entladezeit', 'tempo di scarica', 'เวลาปลดประจำการ', 'خارج ہونے والے مادہ کا وقت', 'छुट्टी के समय', 'tempus fluit', 'waktu pengosongan', '放電時間', '방전 시간'),
(111, 'bed_number', 'bed number', 'বেড সংখ্যা', 'número de la cama', 'عدد السرير', 'bed nummer', 'номер кровать', '床号', 'yatak sayısı', 'número cama', 'ágyszám', 'Numéro du lit', 'αριθμό κλινών', 'Bettnummer', 'numero letto', 'จำนวนเตียง', 'بیڈ نمبر', 'बिस्तर संख्या', 'torum numero', 'nomor tidur', 'ベッド数', '침대 수'),
(112, 'type', 'type', 'টাইপ', 'tipo', 'نوع', 'type', 'тип', '类型', 'tip', 'tipo', 'típus', 'catégorie', 'τύπος', 'Art', 'Tipo di', 'ชนิด', 'قسم', 'टाइप', 'type', 'jenis', 'タイプ', '유형'),
(113, 'blood_donor_list', 'blood donor list', 'রক্ত দাতার তালিকা', 'lista de donantes de sangre', 'قائمة متبرعين بالدم', 'bloeddonor lijst', 'Список доноров крови', '献血者名单', 'kan bağış yapanlar listesinde', 'lista de doadores de sangue', 'véradó lista', 'liste des donneurs de sang', 'αίμα λίστα των χορηγών', 'Blutspender Liste', 'Lista dei donatori di sangue', 'รายชื่อผู้บริจาคเลือด', 'خون کے عطیہ دہندگان کی فہرست', 'रक्त दाता सूची', 'sanguinem donator album', 'Daftar donor darah', '血液ドナーリスト', '혈액 기증자 목록'),
(114, 'last_donation_date', 'last donation date', 'শেষ দান জন্ম', 'última fecha de la donación', 'مشاركة تاريخ التبرع', 'laatste donatie datum', 'Дата последнего пожертвования', '最后捐赠日期', 'son bağış tarih', 'data da última doação', 'utolsó adomány dátum', 'date du dernier don', 'τελευταία ημερομηνία δωρεά', 'letzten Spende Datum', 'ultima data di donazione', 'วันที่บริจาคล่าสุด', 'گزشتہ عطیہ تاریخ', 'पिछले दान तारीख', 'novissimo tempore donationis', 'Tanggal sumbangan lalu', '最後の寄付日', '마지막으로 기부 날짜'),
(115, 'status', 'status', 'অবস্থা', 'estado', 'حالة', 'toestand', 'статус', '状态', 'durum', 'estado', 'állapot', 'statut', 'κατάσταση', 'Status', 'stato', 'สถานะ', 'درجہ', 'हैसियत', 'Status', 'status', 'ステータス', '지위'),
(116, 'category', 'category', 'বিভাগ', 'categoría', 'فئة', 'categorie', 'категория', '类别', 'kategori', 'categoria', 'kategória', 'catégorie', 'κατηγορία', 'Kategorie', 'categoria', 'หมวดหมู่', 'زمرے', 'श्रेणी', 'praedicamenti', 'kategori', 'カテゴリ', '범주'),
(117, 'price', 'price', 'দাম', 'precio', 'السعر', 'prijs', 'цена', '价格', 'fiyat', 'preço', 'ár', 'prix', 'τιμή', 'Preis', 'prezzo', 'ราคา', 'قیمت', 'कीमत', 'pretium', 'harga', '価格', '가격'),
(118, 'manufacturing_company', 'manufacturing company', 'উত্পাদন কোম্পানি', 'empresa de fabricación', 'شركة التصنيع', 'productiebedrijf', 'производственная фирма', '制造商', 'üretim şirketi', 'empresa de fabricação', 'gyártó cég', 'entreprise de fabrication', 'κατασκευαστική εταιρεία', 'Produktionsunternehmen', 'società di produzione', 'บริษัท ผู้ผลิต', 'مینوفیکچرنگ کمپنی', 'निर्माण कंपनी', 'vestibulum consortia', 'perusahaan manufaktur', '製造会社', '제조 회사'),
(119, 'view_operation_report', 'view operation report', 'অপারেশন রিপোর্ট', 'ver la confirmación de la operación', 'عرض تقرير العملية', 'bekijk bediening rapport', 'просмотреть отчет о работе', '查看操作报告', 'çalışma raporunu görüntülemek', 'exibir o relatório de operação', 'megtekintéséhez működéséről szóló jelentés', 'voir rapport d\'opération', 'δείτε αναφορά λειτουργίας', 'OP-Bericht ansehen', 'visualizzare il report di funzionamento', 'ดูรายงานการดำเนินงาน', 'آپریشن کی رپورٹ دیکھنے کے', 'ऑपरेशन रिपोर्ट को देखने', 'considerabit operatio auditui', 'melihat laporan operasi', '操作レポートを表示', '운영 보고서를 보려면'),
(120, 'view_report', 'view report', 'রিপোর্ট', 'ver el informe', 'عرض تقرير', 'rapport bekijken', 'Просмотреть отчет', '查看报告', 'Raporu görüntülemek', 'ver relatório', 'jelentés megtekintése', 'voir rapport', 'προβάλετε την αναφορά', 'Bericht ansehen', 'visualizzare il report', 'ดูรายงาน', 'رپورٹ دیکھنے کے', 'रिपोर्ट देखने', 'considerabit auditui', 'melihat laporan', 'レポートを見る', '보고서를 보려면'),
(121, 'date', 'date', 'জন্ম', 'fecha', 'تاريخ', 'datum', 'дата', '日', 'tarih', 'data', 'dátum', 'Date', 'ημερομηνία', 'Datum', 'Data', 'วันที่', 'تاریخ', 'तारीख', 'date', 'tanggal', '日付', '날짜'),
(122, 'noticeboard_list', 'noticeboard list', 'নোটিশবোর্ড তালিকা', 'Lista tablón de anuncios', 'قائمة اللافتة', 'prikbord lijst', 'доске объявлений список', '布告名单', 'panosuna liste', 'lista de avisos', 'üzenőfalán lista', 'liste de tableau d\'affichage', 'Λίστα Ανακοινώσεων', 'Brett Liste', 'Lista bacheca', 'รายการ noticeboard', 'noticeboard فہرست', 'नोटिसबोर्ड सूची', 'noticeboard album', 'daftar pengumuman', '掲示板一覧', '공지 사항 more 목록'),
(123, 'add_noticeboard', 'add noticeboard', 'নোটিশবোর্ড যোগ করুন', 'añadir tablón de anuncios', 'إضافة اللافتة', 'voegen prikbord', 'добавить доску объявлений', '加布告', 'panosuna ekleyin', 'adicionar avisos', 'hozzá üzenőfalán', 'ajouter tableau d\'affichage', 'προσθήκη Ανακοινώσεων', 'hinzufügen noticeboard', 'aggiungere bacheca', 'เพิ่ม noticeboard', 'noticeboard شامل', 'नोटिसबोर्ड जोड़', 'adde noticeboard', 'tambahkan pengumuman', '掲示板を追加', '공지 사항 more를 추가'),
(124, 'title', 'title', 'শিরোনাম', 'título', 'لقب', 'titel', 'название', '标题', 'başlık', 'título', 'cím', 'titre', 'τίτλος', 'Titel', 'titolo', 'ชื่อเรื่อง', 'عنوان', 'शीर्षक', 'title', 'judul', 'タイトル', '이름'),
(125, 'notice', 'notice', 'বিজ্ঞপ্তি', 'notar', 'إشعار', 'opmerken', 'замечать', '注意', 'dikkat', 'notar', 'észrevesz', 'remarquer', 'ανακοίνωση', 'Bekanntmachung', 'preavviso', 'สังเกตเห็น', 'نوٹس', 'नोटिस', 'Observa', 'memperhatikan', '気付く', '통지'),
(126, 'system_name', 'system name', 'সিস্টেমের নামের', 'Nombre del sistema', 'اسم النظام', 'Name System', 'имя системы', '系统名称', 'sistemi adı', 'nome do sistema', 'rendszer neve', 'nom de système', 'όνομα του συστήματος', 'System Name', 'nome del sistema', 'ชื่อระบบ', 'نظام کا نام', 'सिस्टम नाम', 'nomen ratio', 'nama sistem', 'システム名', '시스템 이름'),
(127, 'save', 'save', 'সংরক্ষণ করুন', 'guardar', 'حفظ', 'sparen', 'экономить', '节省', 'kurtarmak', 'salvar', 'kivéve', 'sauver', 'εκτός', 'speichern', 'salva', 'ประหยัด', 'کو بچانے کے', 'बचाना', 'Salvum', 'menyimpan', '保存', '저장'),
(128, 'system_email', 'system email', 'সিস্টেম ইমেল', 'sistema de correo electrónico', 'نظام البريد الإلكتروني', 'systeem e-mail', 'системы электронной почты', '电子邮件系统', 'sistemi e-posta', 'sistema de e-mail', 'rendszer email', 'email de système', 'σύστημα ηλεκτρονικού ταχυδρομείου', 'E-Mail-System', 'e-mail del sistema', 'ระบบอีเมล', 'نظام کی ای میل', 'प्रणाली ईमेल', 'email ratio', 'email sistem', 'システムのメール', '시스템 전자 메일'),
(129, 'system_title', 'system title', 'সিস্টেম শিরোনাম', 'Título sistema', 'عناوين النظام', 'systeem titel', 'Система название', '系统标题', 'Sistem başlık', 'título sistema', 'rendszer cím', 'titre du système', 'Τίτλος του συστήματος', 'System Titel', 'del titolo di sistema', 'ชื่อระบบ', 'نظام عنوان', 'सिस्टम शीर्षक', 'ratio title', 'judul sistem', 'システムのタイトル', '시스템 제목'),
(130, 'paypal_email', 'paypal email', 'PayPal এর ইমেইল', 'email paypal', 'البريد الإلكتروني باي بال', 'paypal e-mail', 'PayPal e-mail', 'PayPal电子邮件', 'paypal e-posta', 'email paypal', 'paypal email', 'email paypal', 'paypal email', 'paypal E-Mail', 'email paypal', 'อีเมล์ PayPal', 'پے پال ای میل', 'पेपैल ईमेल', 'Paypal email', 'email paypal', 'ペイパルメール', '페이팔 이메일'),
(131, 'currency', 'currency', 'মুদ্রা', 'moneda', 'عملة', 'valuta', 'валюта', '货币', 'para', 'moeda', 'valuta', 'monnaie', 'νόμισμα', 'Währung', 'valuta', 'เงินตรา', 'کرنسی', 'मुद्रा', 'monetæ', 'mata uang', '通貨', '통화'),
(132, 'restore', 'restore', 'প্রত্যর্পণ করা', 'restaurar', 'استعادة', 'herstellen', 'восстановление', '恢复', 'geri', 'restaurar', 'visszaad', 'rétablir', 'αποκατάσταση', 'wiederherstellen', 'ripristinare', 'ฟื้นฟู', 'بحال', 'बहाल', 'restituo', 'memulihkan', '復元する', '복원'),
(133, 'report', 'report', 'প্রতিবেদন', 'reportar', 'تقرير', 'rapporteren', 'сообщить', '报告', 'rapor', 'denunciar', 'jelentés', 'signaler', 'έκθεση', 'berichten', 'segnalare', 'แจ้ง', 'رپورٹ', 'रिपोर्ट', 'referrent', 'melaporkan', 'レポート', '보고'),
(134, 'all', 'all', 'সমস্ত', 'todo', 'كل', 'alle', 'все', '所有', 'tüm', 'tudo', 'minden', 'tous', 'όλα', 'alle', 'tutti', 'ทั้งหมด', 'تمام', 'सब', 'omnes', 'semua', 'すべて', '모든'),
(135, 'upload_&_restore_from_backup', 'upload & restore from backup', 'আপলোড & ব্যাকআপ থেকে পুনঃস্থাপন', 'cargar y restaurar la copia de seguridad', 'تحميل واستعادة من النسخة الاحتياطية', 'uploaden en terugzetten van een backup', 'загрузить и восстановить из резервной копии', '上传及从备份中还原', 'yüklemek ve yedekten geri yükleme', 'enviar e restaurar a partir de backup', 'feltölteni és visszaállítani backup', 'télécharger et de restauration de la sauvegarde', 'ανεβάσετε και επαναφορά από backup', 'Upload und Wiederherstellung von Backups', 'caricare e ripristinare dal backup', 'อัพโหลดและเรียกคืนจากการสำรองข้อมูล', 'اپ لوڈ اور بیک اپ سے بحال', 'अपलोड और बैकअप से बहाल', '&amp; restituo ex tergum upload', 'meng-upload &amp; restore dari backup', 'アップロード＆バックアップから復元', '업로드 및 백업에서 복원'),
(136, 'manage_profile', 'manage profile', 'প্রফাইল পরিচালনা', 'gestionar el perfil', 'إدارة الملف الشخصي', 'beheren profiel', 'Управление профилем', '管理配置文件', 'profilinizi', 'gerenciar o perfil', 'Profil kezelése', 'Gérer le profil', 'διαχειριστείτε το προφίλ', 'Profil verwalten', 'gestire il profilo', 'จัดการรายละเอียด', 'پروفائل کا انتظام', 'प्रोफ़ाइल का प्रबंधन', 'aget profile', 'mengelola profil', 'プロファイルの管理', '프로필 (내 정보) 관리'),
(137, 'update_profile', 'update profile', 'প্রোফাইল আপডেট', 'actualizar el perfil', 'تحديث الملف الشخصي', 'updaten profiel', 'обновления профиля', '更新个人资料', 'Profil güncelleme', 'atualizar o perfil', 'Profil frissítése', 'mettre à jour le profil', 'ενημερώσετε το προφίλ', 'Profil aktualisieren', 'aggiornare il profilo', 'ปรับปรุงรายละเอียด', 'پروفائل کی تازہ کاری', 'प्रोफ़ाइल का अद्यतन', 'update profile', 'memperbarui profil', 'プロファイルを更新', '프로필을 업데이트'),
(138, 'change_password', 'change password', 'পাসওয়ার্ড পরিবর্তন করুন', 'cambiar la contraseña', 'تغيير كلمة المرور', 'wachtwoord wijzigen', 'сменить пароль', '更改密码', 'şifresini değiştirmek', 'alterar a senha', 'jelszó megváltoztatása', 'changer le mot de passe', 'αλλάξετε τον κωδικό πρόσβασης', 'Kennwort ändern', 'modificare la password', 'เปลี่ยนรหัสผ่าน', 'پاس ورڈ تبدیل کریں', 'पासवर्ड बदलना', 'mutare password', 'mengubah password', 'パスワードを変更する', '암호를 변경'),
(139, 'new_password', 'new password', 'নতুন পাসওয়ার্ড', 'nueva contraseña', 'كلمة مرور جديدة', 'nieuw wachtwoord', 'новый пароль', '新密码', 'Yeni şifre', 'nova senha', 'Új jelszó', 'nouveau mot de passe', 'νέο κωδικό', 'Neues Passwort', 'nuova password', 'รหัสผ่านใหม่', 'نیا پاس ورڈ', 'नया पासवर्ड', 'Novum password', 'sandi baru', '新しいパスワード', '새 암호를'),
(140, 'confirm_new_password', 'confirm new password', 'নতুন পাসওয়ার্ড নিশ্চিত করুন', 'confirmar nueva contraseña', 'تأكيد كلمة المرور الجديدة', 'Bevestig nieuw wachtwoord', 'Подтвердите новый пароль', '确认新密码', 'yeni parolayı onaylayın', 'confirmar nova senha', 'erősítse meg az új jelszót', 'confirmer le nouveau mot de passe', 'επιβεβαιώσετε το νέο κωδικό', 'Bestätigen eines neuen Kennwortes', 'confermare la nuova password', 'ยืนยันรหัสผ่านใหม่', 'نئے پاس ورڈ کی توثیق', 'नए पासवर्ड की पुष्टि', 'Confirmabit novum Signum', 'konfirmasi password baru', '新しいパスワードを確認', '새 암호를 확인합니다'),
(141, 'update_password', 'update password', 'হালনাগাদ পাসওয়ার্ড', 'actualización de la contraseña', 'تحديث كلمة السر', 'Update wachtwoord', 'Обновление пароля', '更新密码', 'güncelleştirme şifre', 'atualização de senha', 'frissítési jelszó', 'mise à jour le mot de passe', 'ενημερώσετε τον κωδικό πρόσβασης', 'Update vergessen', 'aggiornamento della password', 'รหัสผ่านการปรับปรุง', 'اپ ڈیٹ پاس ورڈ', 'अद्यतन पासवर्ड', 'update Signum', 'Update sandi', 'パスワードを更新', '업데이트 암호');
INSERT INTO `language` (`phrase_id`, `phrase`, `english`, `bengali`, `spanish`, `arabic`, `dutch`, `russian`, `chinese`, `turkish`, `portuguese`, `hungarian`, `french`, `greek`, `german`, `italian`, `thai`, `urdu`, `hindi`, `latin`, `indonesian`, `japanese`, `korean`) VALUES
(142, 'option', 'option', 'বিকল্প', 'opción', 'خيار', 'optie', 'вариант', '选项', 'seçenek', 'opção', 'opció', 'choix', 'επιλογή', 'Wahl', 'opzione', 'การเลือก', 'آپشن', 'विकल्प', 'optionem', 'opsi', 'オプション', '선택권'),
(143, 'edit_phrase', 'edit phrase', 'ফ্রেজ সম্পাদনা', 'editar frase', 'تحرير العبارة', 'bewerk zin', 'редактировать фразу', '编辑短语', 'ifade düzenlemek', 'editar frase', 'szerkesztés kifejezés', 'éditer phrase', 'επεξεργαστείτε φράση', 'bearbeiten Phrase', 'modificare frase', 'แก้ไขวลี', 'جملہ ترمیم کریں', 'वाक्यांश को संपादित', 'recensere phrase', 'mengedit frase', 'フレーズを編集', '문구를 편집'),
(144, 'edit_noticeboard', 'edit noticeboard', 'নোটিশবোর্ড সম্পাদনা', 'editar tablón de anuncios', 'تعديل اللافتة', 'bewerk prikbord', 'редактировать доске объявлений', '编辑布告', 'panosuna düzenleme', 'editar avisos', 'szerkesztés hirdetőtábla', 'éditer panneau d\'', 'επεξεργαστείτε Ανακοινώσεων', 'bearbeiten noticeboard', 'modificare bacheca', 'แก้ไข noticeboard', 'noticeboard ترمیم کریں', 'नोटिसबोर्ड संपादित', 'recensere noticeboard', 'mengedit pengumuman', '掲示板を編集', '공지 사항 more 편집'),
(145, 'doctor_dashboard', 'doctor dashboard', 'ডাক্তার ড্যাশবোর্ড', 'médico salpicadero', 'طبيب لوحة أجهزة القياس', 'arts dashboard', 'Врач приборной панели', '医生仪表板', 'doktor paneli', 'médico dashboard', 'orvos műszerfal', 'médecin tableau de bord', 'Ο γιατρός ταμπλό', 'Arzt Armaturenbrett', 'medico cruscotto', 'แผงควบคุมของแพทย์', 'ڈاکٹر ڈیش بورڈ', 'डॉक्टर डैशबोर्ड', 'Medicus Dashboard', 'Dokter dashboard', '医師ダッシュ', '의사 대시 보드'),
(146, 'manage_appointment', 'manage appointment', 'অ্যাপয়েন্টমেন্ট পরিচালনা', 'gestionar cita', 'تعيين إدارة', 'beheren afspraak', 'управлять назначением', '管理预约', 'randevu yönetmek', 'gerenciar nomeação', 'kezelni találkozó', 'gérer les rendez-vous', 'διαχείριση ραντεβού', 'Termin verwalten', 'gestire appuntamento', 'จัดการแต่งตั้ง', 'تقرری کا انتظام', 'नियुक्ति का प्रबंधन', 'gere institutionis', 'mengelola janji', 'アポイントメントを管理', '약속을 관리'),
(147, 'manage_prescription', 'manage prescription', 'প্রেসক্রিপশন পরিচালনা', 'gestión de la prescripción', 'إدارة وصفة طبية', 'beheren recept', 'управлять рецепту', '处方管理', 'reçete yönetmek', 'gerenciar prescrição', 'kezelni recept', 'gérer prescription', 'διαχείριση συνταγή', 'verwalten Rezept', 'gestire prescrizione', 'บริหารจัดการตามใบสั่งแพทย์', 'نسخے کا انتظام', 'पर्चे का प्रबंधन', 'praescriptio curo', 'mengelola resep', '処方箋を管理', '처방 관리'),
(148, 'manage_report', 'manage report', 'রিপোর্ট পরিচালনা', 'gestionar informe', 'إدارة تقرير', 'rapport beheren', 'управлять отчета', '管理报告', 'rapor yönetmek', 'gerenciar relatório', 'kezelni jelentés', 'gérer rapport', 'διαχειρίζονται την έκθεση', 'verwalten Bericht', 'gestione rapporto', 'จัดการรายงาน', 'رپورٹ کا انتظام', 'रिपोर्ट का प्रबंधन', 'fama curo', 'mengelola laporan', 'レポートの管理', '보고서 관리'),
(149, 'prescription', 'prescription', 'প্রেসক্রিপশন', 'prescripción', 'وصفة طبية', 'recept', 'рецепт', '处方', 'reçete', 'prescrição', 'recept', 'ordonnance', 'συνταγή', 'Verschreibung', 'prescrizione', 'ใบสั่งยา', 'نسخے', 'नुस्खा', 'praescriptio', 'resep', '処方箋', '처방'),
(150, 'edit_patient', 'edit patient', 'রোগীর সম্পাদনা', 'editar paciente', 'تحرير المريض', 'bewerk patiënt', 'редактировать пациента', '编辑患者', 'Hasta düzenleme', 'editar paciente', 'szerkesztés beteg', 'éditer des patients', 'επεξεργαστείτε ασθενή', 'Bearbeitung von Patientendaten', 'modificare paziente', 'แก้ไขผู้ป่วย', 'مریض میں ترمیم کریں', 'रोगी को संपादित', 'recensere patientes', 'mengedit pasien', '患者を編集', '환자를 편집'),
(151, 'appointment_list', 'appointment list', 'অ্যাপয়েন্টমেন্ট তালিকা', 'lista de citas', 'قائمة التعيين', 'afsprakenlijst', 'Назначение списка', '任命名单', 'randevu listesi', 'lista de compromissos', 'kinevezés lista', 'liste des rendez-vous', 'κατάλογο διοριστέων', 'Terminliste', 'Lista appuntamento', 'รายการได้รับการแต่งตั้ง', 'تقرری کی فہرست', 'नियुक्ति सूची', 'Nominatio album', 'Daftar janji', 'アポイントメントリスト', '약속 목록'),
(152, 'add_appointment', 'add appointment', 'অ্যাপয়েন্টমেন্ট যোগ করুন', 'añadir cita', 'إضافة موعد', 'voegen afspraak', 'добавить назначения', '加预约', 'randevu eklemek', 'adicionar nomeação', 'hozzá találkozó', 'ajouter rendez-vous', 'προσθέστε το διορισμό', 'neuen Termin', 'aggiungere appuntamento', 'เพิ่มการแต่งตั้ง', 'تقرری شامل', 'नियुक्ति जोड़', 'adde constitutio', 'menambahkan penunjukan', '予定を追加', '약속 추가'),
(153, 'edit_appointment', 'edit appointment', 'অ্যাপয়েন্টমেন্ট সম্পাদনা', 'editar nombramiento', 'تعديل موعد', 'bewerk afspraak', 'редактировать назначения', '编辑预约', 'randevu düzenleme', 'editar nomeação', 'szerkesztés találkozó', 'modifier les rendez-vous', 'επεξεργαστείτε ραντεβού', 'Termin bearbeiten', 'modificare appuntamento', 'แก้ไขการแต่งตั้ง', 'تقرری میں ترمیم کریں', 'नियुक्ति संपादित', 'recensere constitutio', 'mengedit janji', '任命を編集', '약속을 편집합니다'),
(154, 'prescription_list', 'prescription list', 'প্রেসক্রিপশন তালিকা', 'Lista de prescripción', 'قائمة وصفة طبية', 'recept lijst', 'рецепт список', '药物名单', 'reçete listesi', 'Lista de prescrição', 'recept lista', 'liste prescription', 'συνταγή λίστα', 'Rezept Liste', 'Lista prescrizione', 'รายการใบสั่งยา', 'نسخے کی فہرست', 'पर्चे की सूची', 'praescriptio album', 'Daftar resep', '処方リスト', '처방전 목록'),
(155, 'add_prescription', 'add prescription', 'প্রেসক্রিপশন যোগ করুন', 'añadir receta', 'إضافة وصفة طبية', 'add recept', 'добавить рецепт', '将处方', 'reçete ekleyin', 'adicionar prescrição', 'hozzá recept', 'ajouter prescription', 'προσθήκη συνταγή', 'Rezept hinzufügen', 'aggiungere prescrizione', 'เพิ่มตามใบสั่งแพทย์', 'نسخے شامل', 'पर्चे जोड़', 'adde praescriptione', 'menambahkan resep', '処方箋を追加', '처방전을 추가'),
(156, 'case_history', 'case history', 'রোগীর স্বাস্থ্যাদির বিবরণ', 'historia clínica', 'تاريخ الحالة', 'anamnese', 'история болезни', '病历', 'geçmiş', 'história do caso', 'kórtörténet', 'anamnèse', 'ιατρικό ιστορικό ασθενούς', 'Anamnese', 'case history', 'ประวัติผู้ป่วย', 'کیس کی تاریخ', 'पूर्ववृत्त', 'ita history', 'hal ihwal', '病歴', '병력'),
(157, 'add_description', 'add description', 'বিবরণ যুক্ত করুন', 'añadir una descripción', 'إضافة الوصف', 'add omschrijving', 'добавить описание', '添加描述', 'Açıklama eklemek', 'adicionar uma descrição', 'Leírás hozzáadása', 'ajouter une description', 'προσθέσετε την περιγραφή', 'Beschreibung hinzufügen', 'aggiungere descrizione', 'เพิ่มรายละเอียด', 'تفصیل شامل', 'विवरण जोड़ें', 'adde descriptionem', 'menambahkan deskripsi', '説明を追加', '설명을 추가'),
(158, 'medication', 'medication', 'চিকিত্সা', 'medicación', 'دواء', 'geneesmiddel', 'лекарство', '药物治疗', 'ilaç', 'medicação', 'gyógyszer', 'médication', 'φάρμακο', 'Behandlung', 'medicazione', 'การรักษาด้วยยา', 'ادویات', 'इलाज', 'medication', 'obat', '投薬', '약물 치료'),
(159, 'medication_from_pharmacist', 'medication from pharmacist', 'ফার্মাসিস্টের কাছ থেকে ঔষধ', 'medicamento del farmacéutico', 'الدواء من الصيدلي', 'medicatie van apotheker', 'лекарство от фармацевта', '从药师用药', 'eczacıdan ilaç', 'medicação de farmacêutico', 'gyógyszert gyógyszerész', 'médicaments de pharmacien', 'φάρμακα από τον φαρμακοποιό', 'Medikamente von Apotheker', 'farmaci da farmacista', 'ยาจากเภสัชกร', 'فارماسسٹ سے ادویات', 'फार्मासिस्ट से दवा', 'medication a pharmacopola', 'obat dari apoteker', '薬剤師から薬', '약사의 약물 치료'),
(160, 'edit_prescription', 'edit prescription', 'প্রেসক্রিপশন সম্পাদনা', 'editar prescripción', 'تحرير وصفة طبية', 'bewerk recept', 'редактировать рецепту', '编辑处方', 'reçete düzenlemek', 'editar prescrição', 'szerkesztés recept', 'modifier prescription', 'επεξεργαστείτε συνταγή', 'bearbeiten Rezept', 'modificare prescrizione', 'แก้ไขใบสั่งยา', 'نسخے میں ترمیم کریں', 'पर्चे संपादित', 'recensere praescriptione', 'mengedit resep', '処方箋を編集', '처방전을 편집합니다'),
(161, 'diagnosis_report', 'diagnosis report', 'রোগ নির্ণয়ের রিপোর্ট', 'informe de diagnóstico', 'تقرير التشخيص', 'diagnose rapport', 'Диагноз отчет', '诊断报告', 'tanı raporu', 'relatório de diagnóstico', 'diagnózis jelentés', 'rapport de diagnostic', 'Έκθεση διάγνωση', 'Diagnose Bericht', 'rapporto di diagnosi', 'รายงานการวินิจฉัย', 'تشخیص کی رپورٹ', 'निदान रिपोर्ट', 'fama diagnosis', 'Laporan diagnosis', '診断レポート', '진단 보고서'),
(162, 'report_type', 'report type', 'টাইপ প্রতিবেদন', 'informar de tipo', 'نوع التقرير', 'Type melden', 'Тип отчета', '报告类型', 'türlü rapor', 'denunciar o tipo', 'Jelentés típusa', 'Type de rapport', 'Αναφορά Ειδών', 'berichten Art', 'Tipo di rapporto', 'แจ้งประเภท', 'قسم کی رپورٹ', 'प्रकार रिपोर्ट', 'type referrent', 'melaporkan jenis', 'レポートの種類', '유형을보고'),
(163, 'document_type', 'document type', 'নথির ধরণ', 'tipo de documento', 'نوع الوثيقة', 'documenttype', 'тип документа', '文件类型', 'belge türü', 'tipo de documento', 'dokumentum típusa', 'type de document', 'Τύπος εγγράφου', 'Belegart', 'tipo di documento', 'ประเภทของเอกสาร', 'دستاویز کی قسم', 'दस्तावेज़ प्रकार', 'genus scripti', 'Jenis dokumen', 'ドキュメントタイプ', '문서 유형'),
(164, 'download', 'download', 'ডাউনলোড', 'descargar', 'تحميل', 'downloaden', 'скачать', '下载', 'indir', 'baixar', 'letöltés', 'télécharger', 'κατεβάστε', 'downloaden', 'caricare', 'ดาวน์โหลด', 'ڈاؤن لوڈ، اتارنا', 'डाउनलोड', 'download', 'mendownload', 'ダウンロード', '다운로드'),
(165, 'manage_bed_allotment', 'manage bed allotment', 'বিছানা অ্যালটমেন্ট পরিচালনা', 'gestionar adjudicación cama', 'إدارة المخصصات السرير', 'beheren bed toewijzing', 'управлять кроватью выделение', '管理床配发', 'yatak tahsis yönetmek', 'gerenciar cama loteamento', 'kezelni ágy elosztás', 'gérer l\'attribution de lit', 'διαχείριση κατανομής κρεβάτι', 'verwalten Bett Zuteilung', 'gestire letto riparto', 'บริหารจัดการการจัดสรรเตียง', 'بستر الاٹمنٹ کا انتظام', 'बिस्तर आवंटन का प्रबंधन', 'partem stratum curo', 'mengelola tidur penjatahan', 'ベッドの割当てを管理する', '침대 부담금 관리'),
(166, 'bed_allotment_list', 'bed allotment list', 'বিছানা আবণ্টন তালিকা', 'lista de adjudicación cama', 'قائمة تخصيص سرير', 'bed toewijzing lijst', 'Список кровать выделение', '床上配发清单', 'yatak tahsis liste', 'lista loteamento cama', 'ágy elosztás lista', 'liste d\'attribution de lit', 'κρεβάτι λίστα κατανομής', 'Bett Zuteilung Liste', 'Lista riparto letto', 'รายการจัดสรรเตียง', 'بستر الاٹمنٹ کی فہرست', 'बिस्तर आवंटन सूची', 'partem stratum album', 'daftar tempat tidur penjatahan', 'ベッド割当一覧', '침대 할당 목록'),
(167, 'add_bed_allotment', 'add bed allotment', 'বিছানা অ্যালটমেন্ট যোগ করুন', 'añadir adjudicación cama', 'إضافة تخصيص سرير', 'add bed toewijzing', 'добавить кровать выделение', '加床上配发', 'yatak tahsis ekleyin', 'adicionar cama loteamento', 'hozzá ágy elosztás', 'ajouter attribution de lit', 'προσθήκη κατανομής κρεβάτι', 'hinzufügen Bett Zuteilung', 'aggiungere letto riparto', 'เพิ่มการจัดสรรเตียง', 'بستر الاٹمنٹ شامل', 'बिस्तर आवंटन जोड़', 'adde lectum sorti', 'tambahkan tidur penjatahan', 'ベッド割当てを追加', '침대 할당을 추가'),
(168, 'allotment_date_time', 'allotment date time', 'অ্যালটমেন্ট তারিখ সময়', 'Fecha y hora de adjudicación', 'تخصيص وقت التسجيل', 'toewijzing datum tijd', 'Время выделения дате', '配发日期时间', 'tahsis tarih saat', 'atribuição de data e hora', 'elosztás dátum időpont', 'lotissement date heure', 'κατανομή του χρόνου ημερομηνία', 'Zuteilung Datum Zeit', 'riparto data ora', 'วันที่เวลาจัดสรร', 'الاٹمنٹ تاریخ وقت', 'आवंटन की तारीख समय', 'sortitio date tempore', 'penjatahan waktu tanggal', '割当日の時間', '부담금 날짜 시간'),
(169, 'discharge_date_time', 'discharge date time', 'স্রাব তারিখ সময়', 'Fecha y hora de descarga', 'تصريف الوقت التسجيل', 'ontslagdatum tijd', 'время разряда дате', '出院日期时间', 'deşarj tarih saat', 'descarga de data e hora', 'kisülési dátum időpont', 'temps de décharge de la date', 'Απαλλαγή ημερομηνίας και ώρας', 'Entlastung Datum Zeit', 'tempo di scarico data', 'เวลาวันที่ปลดประจำการ', 'خارج ہونے والے مادہ تاریخ وقت', 'मुक्ति दिनांक समय', 'date tempore missionem', 'discharge waktu tanggal', '放電日時', '방전 된 날짜와 시간'),
(170, 'operation', 'operation', 'অপারেশন', 'operación', 'عملية', 'operatie', 'операция', '手术', 'operasyon', 'operação', 'működés', 'opération', 'λειτουργία', 'Betrieb', 'operazione', 'การทำงาน', 'آپریشن', 'आपरेशन', 'Operatio', 'operasi', '操作', '운전'),
(171, 'birth', 'birth', 'আমার', 'nacimiento', 'الولادة', 'geboorte', 'рождение', '分娩', 'doğum', 'nascimento', 'szülés', 'naissance', 'γέννηση', 'Geburt', 'nascita', 'กำเนิด', 'پیدائش', 'जन्म', 'Nativitas', 'kelahiran', '出産', '출생'),
(172, 'death', 'death', 'মৃতু্য', 'muerte', 'الموت', 'dood', 'смерть', '死亡', 'ölüm', 'morte', 'halál', 'décès', 'θάνατος', 'Sterben', 'scomparsa', 'ความตาย', 'موت', 'मौत', 'mortem', 'kematian', '死', '죽음'),
(173, 'other', 'other', 'অন্য', 'otro', 'آخر', 'ander', 'другой', '其他', 'diğer', 'outro', 'más', 'autre', 'άλλος', 'andere', 'altro', 'อื่น ๆ', 'دیگر', 'अन्य', 'aliud', 'lain', 'その他', '다른'),
(174, 'add_report', 'add report', 'প্রতিবেদনে যোগ', 'agregar informe', 'إضافة تقرير', 'verslag toe te voegen', 'Добавить отчет', '加报告', 'rapor ekleyin', 'adicionar relatório', 'hozzá jelentés', 'Ajouter un rapport', 'προσθέστε την έκθεση', 'Bericht hinzufügen', 'aggiungere rapporto', 'เพิ่มรายงาน', 'رپورٹ میں شامل', 'रिपोर्ट जोड़', 'adde auditui', 'menambahkan laporan', 'レポートを追加', '보고서를 추가'),
(175, 'patient_dashboard', 'patient dashboard', 'রোগীর ড্যাশবোর্ড', 'tablero paciente', 'لوحة أجهزة القياس المريض', 'patiënt dashboard', 'Пациент приборной панели', '病人的仪表板', 'Hasta tablosu', 'dashboard paciente', 'beteg műszerfal', 'tableau de bord patients', 'ασθενούς ταμπλό', 'Patienten Armaturenbrett', 'cruscotto paziente', 'แผงควบคุมผู้ป่วย', 'مریض ڈیش بورڈ', 'रोगी डैशबोर्ड', 'Patientes Dashboard', 'dashboard pasien', '患者ダッシュ', '환자의 대시 보드'),
(176, 'view_prescription', 'view prescription', 'প্রেসক্রিপশন দেখতে', 'ver receta', 'عرض وصفة طبية', 'bekijk recept', 'просмотр рецепта', '查看处方', 'tanımını görüntülemek', 'ver prescrição', 'megtekintéséhez recept', 'voir prescription', 'δείτε συνταγή', 'Rezept ansehen', 'visualizzare prescrizione', 'ดูตามใบสั่งแพทย์', 'نسخے دیکھنے کے', 'पर्चे देखने', 'considerabit praescriptione', 'lihat resep', '処方箋を見る', '처방보기'),
(177, 'view_doctor', 'view doctor', 'ডাক্তার দেখতে', 'ver médico', 'عرض الطبيب', 'bekijk arts', 'просмотреть врача', '查看医生', 'doktor görmek', 'vista médico', 'megtekintéséhez orvos', 'voir un médecin', 'δείτε το γιατρό', 'Arzt sehen', 'vista medico', 'ดูหมอ', 'ڈاکٹر کو دیکھنے کے', 'चिकित्सक देखने', 'considerabit medicum', 'lihat dokter', 'ビュー医者', '의사보기'),
(178, 'admit_history', 'admit history', 'ইতিহাস সত্য বলিয়া স্বীকার করা', 'admitir la historia', 'أعترف التاريخ', 'toegeven geschiedenis', 'признать историю', '承认历史', 'tarihi itiraf', 'admitir história', 'elismerem történelem', 'admettre histoire', 'παραδέχονται ιστορία', 'zugeben Geschichte', 'ammettere storia', 'ยอมรับประวัติศาสตร์', 'تاریخ کا اعتراف', 'इतिहास मानता', 'fatentur historiam', 'mengakui sejarah', '歴史を認める', '역사를 인정'),
(179, 'operation_history', 'operation history', 'অপারেশন ইতিহাস', 'historial de operaciones', 'تاريخ العملية', 'bedieningsgeschiedenis', 'истории операций', '手术史', 'operasyon öyküsü', 'histórico de operação', 'működés történelem', 'historique de fonctionnement', 'Ιστορικό λειτουργίας', 'Betrieb Geschichte', 'storia operazione', 'ประวัติศาสตร์การดำเนินงาน', 'آپریشن کی تاریخ', 'आपरेशन इतिहास', 'operatio history', 'sejarah operasi', '運転履歴', '작업 내역'),
(180, 'view_invoice', 'view invoice', 'চালান দেখতে', 'ver la factura', 'عرض الفاتورة', 'bekijk factuur', 'Просмотреть счет', '查看发票', 'fatura görmek', 'ver fatura', 'megtekintéséhez számla', 'voir facture', 'δείτε το τιμολόγιό', 'anzuzeigen Rechnung', 'visualizzare fattura', 'ดูใบแจ้งหนี้', 'انوائس کے لئیے', 'चालान देखने', 'considerabit cautionem', 'lihat faktur', '請求書を表示', '송장보기'),
(181, 'payment_history', 'payment history', 'অর্থ প্রদান ইতিহাস', 'historial de pago', 'تاريخ الدفع', 'betaling geschiedenis', 'История платежей', '付款历史', 'ödeme tarihi', 'histórico de pagamento', 'Fizetési előzmények', 'l\'historique des paiements', 'ιστορικό πληρωμών', 'Zahlungsverhalten', 'storia di pagamento', 'ประวัติการชำระเงิน', 'ادائیگی کی تاریخ', 'भुगतान इतिहास', 'solucionis history', 'riwayat pembayaran', '支払歴', '결제 내역'),
(182, 'view_admit_history', 'view admit history', 'ইতিহাস মানা দেখতে', 'ver admitir historia', 'عرض أعترف التاريخ', 'bekijk toegeven geschiedenis', 'просмотреть признать историю', '查看承认历史', 'tarih kabul görmek', 'ver admitir história', 'megtekintéséhez elismerem történelem', 'voir admettre histoire', 'δείτε παραδέχονται ιστορία', 'sehen zugeben Geschichte', 'visualizzare ammettere storia', 'ดูยอมรับประวัติศาสตร์', 'تاریخ تسلیم دیکھنے کے', 'इतिहास मानता देखने', 'considerabit historiae fatentur', 'lihat mengakui sejarah', '認める履歴を表示', '역사를 인정보기'),
(183, 'view_operation_history', 'view operation history', 'অপারেশন ইতিহাস দেখতে', 'ver el historial de operación', 'عرض تاريخ العملية', 'bekijk bedieningsgeschiedenis', 'просмотр истории операций', '查看操作历史记录', 'işlem geçmişini görüntüleyebilirsiniz', 'visualizar o histórico de operação', 'megtekinteni működés történelem', 'voir l\'historique des opérations', 'δείτε το ιστορικό λειτουργίας', 'Betrieb anzuzeigen Geschichte', 'visualizzare la cronologia delle operazioni', 'ดูประวัติการทำงาน', 'آپریشن کی تاریخ دیکھیں', 'ऑपरेशन के इतिहास को देखने', 'considerabit operationis historiam,', 'melihat riwayat operasi', '操作履歴を表示する', '작업 기록을 보려면'),
(184, 'invoice_list', 'invoice list', 'চালান তালিকা', 'lista de facturas', 'قائمة الفاتورة', 'factuurlijst', 'счет-фактура список', '发票清单', 'fatura listesi', 'lista fatura', 'számla lista', 'liste des factures', 'τιμολογίου λίστα', 'Rechnung Liste', 'Lista fattura', 'รายการใบแจ้งหนี้', 'انوائس کی فہرست', 'चालान सूची', 'cautionem album', 'daftar faktur', '送り状リスト', '송장 목록'),
(185, 'creation_timestamp', 'creation timestamp', 'সৃষ্টি টাইমস্ট্যাম্প', 'fecha y hora de creación', 'الطابع الزمني خلق', 'creatie timestamp', 'Создание метки', '创建时间戳', 'oluşturma zaman damgası', 'timestamp criação', 'létrehozása timestamp', 'horodatage de création', 'timestamp δημιουργία', 'Schaffung Zeitstempel', 'creazione timestamp', 'เวลาสร้าง', 'تخلیق ٹائمسٹیمپ', 'निर्माण टाइमस्टैम्प', 'timestamp creatio', 'penciptaan timestamp', '作成タイムスタンプ', '생성 타임 스탬프'),
(186, 'nurse_dashboard', 'nurse dashboard', 'নার্স ড্যাশবোর্ড', 'dashboard enfermera', 'لوحة أجهزة القياس ممرضة', 'verpleegkundige dashboard', 'Медсестра приборной панели', '护士的仪表板', 'hemşire paneli', 'dashboard enfermeira', 'ápoló műszerfal', 'infirmière tableau de bord', 'ταμπλό νοσοκόμα', 'Krankenschwester Armaturenbrett', 'cruscotto infermiera', 'แผงควบคุมพยาบาล', 'نرس ڈیش بورڈ', 'नर्स डैशबोर्ड', 'nutrix Dashboard', 'dashboard perawat', '看護師のダッシュボード', '간호사 대시 보드'),
(187, 'bed_ward', 'bed ward', 'বিছানা ওয়ার্ড', 'sala de cama', 'جناح السرير', 'bed ward', 'кровать палате', '床病房', 'yatak koğuş', 'cama de enfermaria', 'ágy osztályon', 'salle de lit', 'Ward κρεβάτι', 'Bettenhaus', 'Ward letto', 'หอผู้ป่วยเตียง', 'بستر وارڈ', 'बिस्तर वार्ड', 'stratum pupillo', 'tidur bangsal', 'ベッド病棟', '침대 구'),
(188, 'manage_bed', 'manage bed', 'বিছানা পরিচালনা', 'gestión de la cama', 'إدارة السرير', 'beheren bed', 'управлять кроватью', '管理床', 'yatak yönetmek', 'gerenciar cama', 'kezelni ágy', 'gérer lit', 'διαχείριση κρεβάτι', 'verwalten Bett', 'gestire letto', 'บริหารจัดการเตียง', 'بستر کا انتظام', 'बिस्तर का प्रबंधन', 'stratum curo', 'mengelola tidur', 'ベッドを管理', '침대 관리'),
(189, 'manage_blood_bank', 'manage blood bank', 'ব্লাড ব্যাঙ্ক পরিচালনা', 'gestión de bancos de sangre', 'إدارة بنك الدم', 'beheren bloedbank', 'управлять банком крови', '管理血库', 'kan bankası yönetmek', 'gerenciar banco de sangue', 'kezelni vér bank', 'gérer la banque de sang', 'διαχείριση τράπεζα αίματος', 'verwalten Blutbank', 'gestire banca del sangue', 'จัดการธนาคารเลือด', 'بلڈ بینک کا انتظام', 'ब्लड बैंक का प्रबंधन', 'curo sanguine ripam Iordanis', 'mengelola bank darah', '血液銀行の管理', '혈액 은행 관리'),
(190, 'manage_blood_donor', 'manage blood donor', 'রক্ত দাতা পরিচালনা', 'gestión de donantes de sangre', 'إدارة للمتبرعين بالدم', 'beheren bloeddonor', 'управлять донорской крови', '管理献血', 'kan donör yönetmek', 'gerenciar doador de sangue', 'kezelni véradó', 'gérer les donneurs de sang', 'διαχείριση αιμοδότης', 'verwalten Blutspender', 'gestire donatore di sangue', 'จัดการผู้บริจาคโลหิต', 'بلڈ ڈونر کا انتظام', 'रक्त दाता प्रबंधन', 'curo sanguine donator', 'mengelola donor darah', '供血者を管理する', '혈액 기증자 관리'),
(191, 'add_bed', 'add bed', 'বিছানা যোগ করুন', 'añadir cama', 'إضافة السرير', 'add bed', 'добавить кровать', '加床', 'yatak', 'adicionar cama', 'hozzá ágy', 'ajouter un lit', 'προσθήκη κρεβατιού', 'hinzufügen Bett', 'aggiungere letto', 'เพิ่มเตียง', 'بستر میں شامل کریں', 'बिस्तर जोड़', 'adde cubile', 'tambahkan tidur', 'ベッドを追加', '침대를 추가'),
(192, 'ward', 'ward', 'ওয়ার্ড', 'sala', 'جناح', 'afdeling', 'палата', '病房', 'koğuş', 'enfermaria', 'kórterem', 'Ward', 'πτέρυγα', 'Ward', 'Ward', 'ท้องที่', 'وارڈ', 'परवरिश', 'pupillus', 'bangsal', '病棟', '구'),
(193, 'cabin', 'cabin', 'কেবিন', 'cabina', 'قمرة', 'cabine', 'кабина', '机舱', 'kabin', 'cabine', 'kabin', 'cabine', 'καμπίνα', 'Kabine', 'cabina', 'กระต๊อบ', 'کیبن', 'केबिन', 'Cameram', 'kabin', 'キャビン', '선실'),
(194, 'icu', 'icu', 'ICU', 'icu', 'وحدة العناية المركزة', 'icu', 'ICU', 'ICU', 'icu', 'UTI', 'ICU', 'ICU', 'ΜΕΘ', 'ICU', 'icu', 'ไอซียู', 'آایسییو', 'आईसीयू', 'ICU', 'icu', 'ICU', 'ICU'),
(195, 'edit_bed', 'edit bed', 'বিছানা সম্পাদনা', 'editar cama', 'تعديل سرير', 'bewerk bed', 'редактировать кровать', '编辑床', 'yatak düzenleme', 'editar cama', 'szerkesztés ágy', 'modifier lit', 'επεξεργαστείτε κρεβάτι', 'bearbeiten Bett', 'modificare letto', 'แก้ไขเตียง', 'بستر میں ترمیم کریں', 'बिस्तर संपादित', 'Duis lectus', 'mengedit tidur', 'ベッドを編集', '침대를 편집'),
(196, 'edit_bed_allotment', 'edit bed allotment', 'বিছানা অ্যালটমেন্ট সম্পাদনা', 'editar adjudicación cama', 'تعديل المخصصات السرير', 'bewerk bed toewijzing', 'редактировать кровать выделение', '编辑床配发', 'yatak tahsis düzenleme', 'editar cama loteamento', 'szerkesztés ágy elosztás', 'modifier l\'attribution de lit', 'επεξεργαστείτε κατανομής κρεβάτι', 'bearbeiten Bett Zuteilung', 'modificare letto riparto', 'แก้ไขการจัดสรรเตียง', 'بستر الاٹمنٹ میں ترمیم کریں', 'बिस्तर आवंटन संपादित', 'Duis lectus sorti', 'mengedit tidur penjatahan', 'ベッド割当てを編集', '침대 할당을 편집합니다'),
(197, 'blood_bank_list', 'blood bank list', 'ব্লাড ব্যাঙ্ক তালিকা', 'lista de bancos de sangre', 'قائمة بنك الدم', 'bloedbank lijst', 'Список банков крови', '血库列表', 'kan bankası listesi', 'Lista de banco de sangue', 'vér bank lista', 'liste de banques de sang', 'αίμα λίστα τράπεζας', 'Blutbank Liste', 'elenco banca del sangue', 'รายการธนาคารเลือด', 'بلڈ بینک کی فہرست', 'ब्लड बैंक की सूची', 'sanguinem ripam album', 'Daftar bank darah', '血液銀行のリスト', '혈액 은행 목록'),
(198, 'edit_blood_bank', 'edit blood bank', 'ব্লাড ব্যাঙ্ক সম্পাদনা', 'editar banco de sangre', 'تعديل بنك الدم', 'bewerk bloedbank', 'редактировать банка крови', '编辑血库', 'kan bankası düzenleme', 'editar banco de sangue', 'szerkesztés vér bank', 'modifier banque de sang', 'επεξεργαστείτε τράπεζα αίματος', 'bearbeiten Blutbank', 'modificare banca del sangue', 'แก้ไขธนาคารเลือด', 'بلڈ بینک میں ترمیم کریں', 'ब्लड बैंक को संपादित', 'sanguinem ripam creare', 'mengedit bank darah', '血液バンクを編集', '혈액 은행을 편집합니다'),
(199, 'add_blood_donor', 'add blood donor', 'রক্ত দাতা যোগ করুন', 'añadir donante de sangre', 'إضافة للمتبرعين بالدم', 'voegen bloeddonor', 'добавить донорской крови', '增加献血者', 'kan donör ekleyin', 'adicionar doador de sangue', 'hozzá véradó', 'ajouter donneurs de sang', 'προσθήκη αιμοδότης', 'hinzufügen Blutspender', 'aggiungere donatore di sangue', 'เพิ่มผู้บริจาคโลหิต', 'بلڈ ڈونر شامل', 'रक्त दाता जोड़', 'Addunt sanguinem donator', 'tambahkan donor darah', '献血を追加', '혈액 기증자 추가'),
(200, 'edit_blood_donor', 'edit blood donor', 'রক্ত দাতা সম্পাদনা', 'editar donante de sangre', 'تعديل للمتبرعين بالدم', 'bewerk bloeddonor', 'редактировать донорской крови', '编辑献血', 'kan donör düzenleme', 'editar doador de sangue', 'szerkesztés véradó', 'modifier les donneurs de sang', 'επεξεργαστείτε αιμοδότης', 'bearbeiten Blutspender', 'modificare donatore di sangue', 'แก้ไขผู้บริจาคโลหิต', 'بلڈ ڈونر ترمیم کریں', 'रक्त दाता संपादित', 'recensere sanguinem donator', 'mengedit donor darah', '献血を編集', '혈액 기증자를 편집'),
(201, 'pharmacist_dashboard', 'pharmacist dashboard', 'ফার্মাসিস্ট ড্যাশবোর্ড', 'tablero farmacéutico', 'لوحة أجهزة القياس الصيدلي', 'apotheker dashboard', 'Фармацевт приборной панели', '药剂师仪表', 'eczacı paneli', 'dashboard farmacêutico', 'gyógyszerész műszerfal', 'tableau de bord du pharmacien', 'ταμπλό του φαρμακοποιού', 'Apotheker Armaturenbrett', 'cruscotto farmacista', 'แผงควบคุมเภสัชกร', 'فارماسسٹ ڈیش بورڈ', 'फार्मासिस्ट डैशबोर्ड', 'pharmacist Dashboard', 'dashboard apoteker', '薬剤師のダッシュボード', '약사 대시 보드'),
(202, 'medicine_category', 'medicine category', 'ঔষধ বিষয়শ্রেণীতে', 'Categoría Medicina', 'الطب فئة', 'geneeskunde categorie', 'медицина категории', '医药类', 'tıp kategori', 'medicina categoria', 'gyógyszer kategória', 'médecine catégorie', 'ιατρικής κατηγορία', 'Medizin Kategorie', 'categoria medicina', 'หมวดหมู่การแพทย์', 'دوا قسم', 'दवा वर्ग', 'medicine praedicamentum', 'kategori obat', '薬カテゴリ', '의학 카테고리'),
(203, 'manage_medicine', 'manage medicine', 'ঔষধ পরিচালনা', 'administrar medicamentos', 'إدارة الطب', 'beheren geneeskunde', 'управлять медициной', '医药管理', 'tıp yönetmek', 'gerenciar medicina', 'kezelésére gyógyszert', 'gérer médecine', 'διαχείριση ιατρικής', 'verwalten Medizin', 'gestire medicina', 'บริหารจัดการยา', 'ادویات کا انتظام', 'दवा का प्रबंधन', 'medicine curo', 'mengelola obat', '薬を管理', '약을 관리'),
(204, 'provide_medication', 'provide medication', 'ঔষধ প্রদান', 'proporcionar la medicación', 'توفير الدواء', 'bieden medicatie', 'обеспечить лекарства', '提供用药', 'ilaç sağlamak', 'fornecer medicamentos', 'biztosít gyógyszert', 'fournir des médicaments', 'παρέχουν φάρμακα', 'bieten Medikamente', 'fornire farmaci', 'ให้การรักษาด้วยยา', 'ادویات فراہم', 'दवा प्रदान', 'medicamento parentur', 'menyediakan pengobatan', '薬を提供する', '약물을 제공'),
(205, 'manage_medicine_category', 'manage medicine category', 'ঔষধ বিষয়শ্রেণীতে পরিচালনা', 'gestionar Categoría Medicina', 'إدارة فئة الطب', 'beheren categorie geneeskunde', 'управлять медициной категории', '医药管理类别', 'tıp kategori yönetmek', 'gerenciar categoria medicina', 'kezelni gyógyszer kategória', 'gérer catégorie de médicaments', 'διαχείριση κατηγορία φαρμάκων', 'verwalten Medizin Kategorie', 'gestire categoria medicina', 'จัดการหมวดหมู่การแพทย์', 'دوا زمرے کا انتظام', 'दवा वर्ग का प्रबंधन', 'aget medicina praedicamentum', 'mengelola kategori obat', '薬カテゴリの管理', '의학 카테고리 관리'),
(206, 'medicine_category_list', 'medicine category list', 'ঔষধ বিষয়শ্রেণীতে তালিকা', 'lista de categorías de la medicina', 'قائمة فئة الطب', 'geneeskunde lijst met categorieën', 'Список категорий медицине', '药品分类列表', 'tıp kategori listesi', 'lista de categorias de medicina', 'gyógyszer kategórialista', 'liste des catégories médecine', 'ιατρική λίστα κατηγοριών', 'Medizin Kategorie Liste', 'medicina lista delle categorie', 'รายการประเภทยา', 'طب زمرہ فہرست', 'दवा वर्ग की सूची', 'medicine genus album', 'Obat daftar kategori', '薬カテゴリリスト', '의학 범주 목록'),
(207, 'add_medicine_category', 'add medicine category', 'ঔষধ বিভাগ যোগ করুন', 'añadir Categoría Medicina', 'إضافة فئة الطب', 'add categorie geneeskunde', 'добавить медицину категории', '加药类别', 'tıp kategori eklemek', 'Adicione uma categoria medicina', 'hozzá gyógyszer kategória', 'ajouter la catégorie de la médecine', 'Προσθήκη κατηγορίας ιατρικής', 'Kategorie hinzufügen Medizin', 'aggiungere categoria medicina', 'เพิ่มประเภทยา', 'طب زمرہ شامل', 'दवा श्रेणी जोड़ने', 'adde medicina praedicamentum', 'menambahkan kategori obat', '薬カテゴリを追加', '의학 카테고리를 추가'),
(208, 'medicine_category_name', 'medicine category name', 'ঔষধ বিষয়শ্রেণীতে নাম', 'medicina nombre de la categoría', 'الطب اسم التصنيف', 'geneeskunde categorie naam', 'медицине название категории', '医药类名称', 'tıp kategori adı', 'medicina nome da categoria', 'orvostudomány kategória nevét', 'médecine nom de la catégorie', 'ιατρικής όνομα κατηγορίας', 'Medizin Kategorie Name', 'medicina di nome categoria', 'ชื่อหมวดหมู่ยา', 'دوا قسم کا نام', 'दवा श्रेणी का नाम', 'medicine nomine praedicamentum', 'Obat nama kategori', '薬カテゴリ名', '의학 카테고리의 이름'),
(209, 'medicine_category_description', 'medicine category description', 'ঔষধ বিষয়শ্রেণীতে বর্ণনা', 'medicina descripción de la categoría', 'الطب التصنيف الوصف', 'geneeskunde categorie omschrijving', 'медицина описание категории', '医药类说明', 'tıp kategori açıklaması', 'medicina descrição da categoria', 'gyógyszer kategória leírás', 'médecine description de catégorie', 'ιατρική περιγραφή της κατηγορίας', 'Medizin Beschreibung der Kategorie', 'medicina descrizione categoria', 'คำอธิบายหมวดหมู่ยา', 'دوا قسم وضاحت', 'दवा वर्ग विवरण', 'medicine genus praedicamenti', 'kategori obat deskripsi', '薬カテゴリの説明', '의학 카테고리 설명'),
(210, 'medicine_list', 'medicine list', 'ঔষধ তালিকা', 'lista de medicamentos', 'قائمة الأدوية', 'geneeskunde lijst', 'список лекарств', '药物目录', 'ilaç listesi', 'lista de medicamentos', 'gyógyszer lista', 'médecine liste', 'Λίστα φαρμάκων', 'Medizin Liste', 'medicina elenco', 'รายการยา', 'دوا کی فہرست', 'दवा सूची', 'medicine album', 'Daftar Obat', '薬リスト', '의학 목록'),
(211, 'add_medicine', 'add medicine', 'ঔষধ যোগ করুন', 'añadir la medicina', 'إضافة الدواء', 'voegen geneeskunde', 'добавить медицине', '加药', 'tıp ekleyin', 'adicionar medicina', 'hozzá gyógyszer', 'ajouter médecine', 'προσθέστε το φάρμακο', 'hinzufügen Medizin', 'aggiungere medicina', 'เพิ่มยา', 'ادویات شامل', 'दवा जोड़ना', 'adde medicamentum', 'tambahkan obat', '薬を追加', '약을 추가'),
(212, 'medicine_name', 'medicine name', 'ঔষধ নাম', 'Nombre del medicamento', 'اسم الدواء', 'Naam van de geneeskunde', 'названия лекарства', '药名', 'tıp adı', 'nome do medicamento', 'orvostudomány név', 'nom du médicament', 'Όνομα ιατρικής', 'Medizin Namen', 'Nome del medicinale', 'ชื่อยา', 'دوا کا نام', 'दवा का नाम', 'medicine nomine', 'Nama obat', '薬名', '약 이름'),
(213, 'medicine_catogory', 'medicine catogory', 'ঔষধ শ্রেণী', 'medicina catogory', 'الطب catogory', 'geneeskunde catogory', 'медицины catogory', '医药catogory', 'tıp Kategorideki', 'medicina catogory', 'gyógyszer catogory', 'médecine catogory', 'ιατρικής catogory', 'Medizin catogory', 'medicina catogory', 'catogory ยา', 'دوا catogory', 'दवा catogory', 'medicine catogory', 'Obat catogory', '医学catogory', '의학 catogory'),
(214, 'edit_medicine_category', 'edit medicine category', 'সম্পাদনা ঔষধ বিষয়শ্রেণীতে', 'edit Categoría Medicina', 'تحرير فئة الطب', 'bewerk geneeskunde categorie', 'Редактировать категорию медицине', '编辑医药类', 'düzenleme tıp kategori', 'edição medicina categoria', 'szerkesztés orvostudomány kategória', 'edit médecine catégorie', 'edit ιατρική κατηγορία', 'edit Medizin Kategorie', 'medicina Modifica categoria', 'หมวดหมู่ยาแก้ไข', 'ترمیم دوا قسم', 'संपादित दवा वर्ग', 'edit medicina praedicamentum', 'sunting obat kategori', '薬カテゴリを編集', '편집 의학 카테고리'),
(215, 'edit_medicine', 'edit medicine', 'সম্পাদনা ঔষধ', 'edit medicina', 'تحرير الطب', 'geneeskunde bewerken', 'Редактировать медицине', '编辑药', 'düzenleme tıp', 'edição medicina', 'szerkesztés orvostudomány', 'médecine édition', 'edit ιατρικής', 'edit Medizin', 'Modifica medicina', 'ยาแก้ไข', 'ترمیم دوا', 'संपादित दवा', 'edit medicamentum', 'sunting Obat', '編集薬', '편집 의학'),
(216, 'laboratorist_dashboard', 'laboratorist dashboard,eo', 'ল্যাবরেটরিস্ট ড্যাশবোর্ড', 'laboratorista salpicadero', 'laboratorist لوحة أجهزة القياس', 'laboratorist dashboard', 'laboratorist приборной панели', 'laboratorist仪表板', 'laboratorist paneli', 'laboratorista dashboard', 'laboratorist műszerfal', 'laboratorist tableau de bord', 'laboratorist ταμπλό', 'laboratorist Armaturenbrett', 'laboratorist cruscotto', 'แผงควบคุม laboratorist', 'laboratorist ڈیش بورڈ', 'laboratorist डैशबोर्ड', 'laboratorist Dashboard', 'laboratorist dashboard', 'laboratoristダッシュ', 'laboratorist 대시 보드'),
(217, 'add_diagnosis_report', 'add diagnosis report', 'রোগ নির্ণয়ের রিপোর্ট যোগ করুন', 'agregar informe diagnóstico', 'إضافة تقرير التشخيص', 'voegen diagnose rapport', 'добавить диагноза отчет', '诊断报告', 'tanı raporu ekleyin', 'adicionar relatório de diagnóstico', 'hozzá diagnózis jelentés', 'Ajouter un rapport de diagnostic', 'προσθέστε την έκθεση διάγνωση', 'hinzufügen Diagnose Bericht', 'aggiungere rapporto diagnostico', 'เพิ่มรายงานการวินิจฉัย', 'تشخیص کی رپورٹ میں شامل', 'निदान रिपोर्ट जोड़', 'adde fama diagnosis', 'menambahkan laporan diagnosis', '診断レポートを追加', '진단 보고서를 추가'),
(218, 'report_status', 'report status', 'প্রতিবেদনের অবস্থা', 'estado del informe', 'تقرير الحالة', 'verslag-status', 'отчет о состоянии', '报告状态', 'rapor durumu', 'status do relatório', 'jelentés állapotát', 'état du rapport', 'αναφορά της κατάστασης', 'Status der Meldung', 'Status Report', 'รายงานสถานะ', 'رپورٹ کی حیثیت', 'स्थिति रिपोर्ट', 'fama status', 'Status laporan', 'レポートのステータス', '보고서 상태'),
(219, 'add_diagnostic_report', 'add diagnostic report', 'ডায়গনিস্টিক প্রতিবেদন যোগ করুন', 'agregar informe de diagnóstico', 'إضافة تقرير التشخيص', 'voegen diagnostisch rapport', 'добавить диагностический отчет', '新增诊断报告', 'tanılama raporu ekleyin', 'adicionar relatório de diagnóstico', 'hozzá diagnosztikai jelentés', 'Ajouter un rapport de diagnostic', 'προσθέσει διαγνωστική έκθεση', 'hinzufügen Diagnosebericht', 'aggiungere report diagnostico', 'เพิ่มรายงานการวินิจฉัย', 'تشخیصی رپورٹ میں شامل', 'नैदानिक ​​रिपोर्ट जोड़', 'adde fama Diagnostic', 'menambahkan laporan diagnostik', '診断レポートを追加', '진단 보고서를 추가'),
(220, 'image', 'image', 'চিত্র', 'imagen', 'صورة', 'afbeelding', 'изображение', '图像', 'görüntü', 'imagem', 'kép', 'Image', 'image', 'Bild', 'immagine', 'ภาพ', 'تصویر', 'छवि', 'simulacrum', 'gambar', '画像', '영상'),
(221, 'doc', 'doc', 'Doc', 'doctor', 'دوك', 'dokter', 'доктор', 'DOC', 'doktor', 'doutor', 'doktor', 'doc', 'doc', 'doc', 'doc', 'คุณหมอ', 'ڈاکٹر', 'डॉक्टर', 'doc', 'dokter', 'DOC', '의사'),
(222, 'pdf', 'pdf', 'পিডিএফ', 'pdf', 'PDF', 'pdf', 'PDF', 'PDF', 'pdf', 'pdf', 'pdf', 'pdf', 'pdf', 'pdf', 'pdf', 'รูปแบบไฟล์ PDF', 'پی ڈی ایف', 'पीडीएफ', 'pdf', 'pdf', 'PDF', 'PDF'),
(223, 'excel', 'excel', 'এক্সেল', 'sobresalir', 'تفوق', 'uitmunten', 'превосходить', '高强', 'sivrilmek', 'sobressair', 'excel', 'excel', 'excel', 'excel', 'excel', 'เก่งกว่า', 'ایکسل', 'एक्सेल', 'præesse', 'unggul', 'エクセル', '뛰어나다'),
(224, 'upload_document', 'upload document', 'ডকুমেন্ট আপলোড', 'Cargar documento', 'تحميل الوثيقة', 'uploaden van documenten', 'Загрузить документ', '上传文件', 'belge yüklemek', 'upload de documento', 'feltöltés dokumentum', 'télécharger le document', 'ανεβάσετε το έγγραφο', 'Dokument hochladen', 'Carica documento', 'อัปโหลดเอกสาร', 'دستاویز اپ لوڈ کریں', 'दस्तावेज़ अपलोड', 'upload document', 'meng-upload dokumen', 'ドキュメントをアップロード', '문서를 업로드'),
(225, 'accountant_dashboard', 'accountant dashboard', 'হিসাবরক্ষক ড্যাশবোর্ড', 'tablero contador', 'لوحة أجهزة القياس محاسب', 'accountant dashboard', 'бухгалтером приборной панели', '会计师仪表', 'muhasebeci paneli', 'dashboard contador', 'könyvelő műszerfal', 'tableau de bord comptable', 'ταμπλό λογιστή', 'Buchhalter Armaturenbrett', 'cruscotto contabile', 'แผงควบคุมบัญชี', 'اکاؤنٹنٹ ڈیش بورڈ', 'लेखाकार डैशबोर्ड', 'Ratiocinatore Dashboard', 'dashboard akuntan', '会計士のダッシュボード', '회계사 대시 보드'),
(226, 'invoice / take_payment', 'invoice / take payment', 'চালান / পেমেন্ট নিতে', 'factura / recibir el pago', 'فاتورة / أخذ الأجرة', 'factuur / rekening betalen', 'счета / принимать оплату', '发票/付款', 'fatura / ödeme almak', 'factura / ter o pagamento', 'számla / veszi fizetés', 'facture / prendre le paiement', 'τιμολόγιο / λαμβάνουν πληρωμές', 'Rechnung / Zahlung nehmen', 'fattura / prendere il pagamento', 'ใบแจ้งหนี้ / ใช้การชำระเงิน', 'انوائس / ادائیگی لینا', 'चालान / भुगतान लेना', 'cautionem / accipe mercedes', 'faktur / mengambil pembayaran', '請求/支払いを取る', '송장 / 지불을'),
(227, 'manage_invoice', 'manage invoice', 'চালান পরিচালনা', 'gestionar factura', 'إدارة الفاتورة', 'beheren factuur', 'управлять счета', '发票管理', 'fatura yönetmek', 'gerenciar fatura', 'kezelni számla', 'gérer facture', 'διαχείριση τιμολόγιο', 'Verwaltung Rechnung', 'gestione fattura', 'การจัดการใบแจ้งหนี้', 'انوائس کے انتظام', 'चालान का प्रबंधन', 'aget cautionem', 'mengelola faktur', '請求書を管理する', '송장 관리'),
(228, 'add_invoice', 'add invoice', 'চালান যোগ করুন', 'añadir factura', 'إضافة فاتورة', 'voegen factuur', 'добавить счет-фактура', '加发票', 'fatura ekleyin', 'adicionar fatura', 'hozzá számla', 'ajouter facture', 'προσθήκη τιμολόγιο', 'Rechnung hinzufügen', 'aggiungere fattura', 'เพิ่มใบแจ้งหนี้', 'انوائس میں شامل کریں', 'चालान जोड़', 'add cautionem', 'tambahkan faktur', '請求書を追加', '송장을 추가'),
(229, 'unpaid', 'unpaid', 'অবৈতনিক', 'no pagado', 'غير مدفوع', 'onbetaald', 'неоплаченный', '未付', 'ödenmemiş', 'não remunerado', 'kifizetetlen', 'non rémunéré', 'απλήρωτη', 'unbezahlte', 'non pagato', 'ไม่ได้ค่าจ้าง', 'بلا معاوضہ', 'अवैतनिक', 'est constitutus,', 'belum dibayar', '未払い', '무급'),
(230, 'take_cash_payment', 'take cash payment', 'নগদ টাকা নিতে', 'tomar el pago en efectivo', 'أخذ الأجرة النقدية', 'neem contante betaling', 'принимать оплату наличными', '以现金支付', 'nakit ödeme almak', 'tomar pagamento em dinheiro', 'hogy készpénzes fizetés', 'prendre le paiement en espèces', 'λαμβάνουν καταβολή μετρητών', 'nehmen Barzahlung', 'prendere il pagamento in contanti', 'ใช้เงินสด', 'نقد ادائیگی لینا', 'नकद भुगतान लेना', 'accipere nummis solutio', 'mengambil pembayaran tunai', '現金支払いを取る', '현금 지불을'),
(231, 'paid', 'paid', 'পরিশোধ', 'pagado', 'مدفوع', 'betaald', 'оплачиваемый', '支付', 'ücretli', 'pago', 'fizetett', 'payé', 'καταβληθεί', 'bezahlt', 'pagato', 'ต้องจ่าย', 'ادا کی', 'प्रदत्त', 'solutis', 'dibayar', '支払われた', '지급'),
(232, 'edit_invoice', 'edit invoice', 'চালান সম্পাদনা', 'editar factura', 'تحرير الفاتورة', 'bewerk factuur', 'редактирования счета', '编辑发票', 'fatura düzenlemek', 'editar fatura', 'szerkesztés számla', 'éditer facture', 'επεξεργαστείτε τιμολόγιο', 'Rechnung bearbeiten', 'modificare fattura', 'แก้ไขใบแจ้งหนี้', 'انوائس میں ترمیم کریں', 'चालान संपादित', 'recensere cautionem', 'mengedit faktur', '請求書を編集', '송장을 편집합니다'),
(233, 'edit_nurse', '', 'নার্স সম্পাদনা', '', 'تعديل ممرضة', 'bewerk verpleegkundige', 'редактировать медсестры', '编辑护士', 'hemşire düzenleme', 'editar enfermeira', 'szerkesztés nővér', 'modifier infirmière', 'επεξεργαστείτε νοσοκόμα', 'bearbeiten Krankenschwester', 'modificare infermiera', 'แก้ไขพยาบาล', 'نرس ترمیم کریں', 'नर्स को संपादित', 'recensere nutricem', 'mengedit perawat', '看護師を編集', '간호사 편집');

-- --------------------------------------------------------

--
-- Table structure for table `logs`
--

CREATE TABLE `logs` (
  `id` int(11) NOT NULL,
  `title` varchar(64) CHARACTER SET utf8 COLLATE utf8_unicode_ci NOT NULL,
  `timestamp` timestamp NOT NULL DEFAULT CURRENT_TIMESTAMP,
  `user_id` int(11) NOT NULL,
  `description` varchar(250) CHARACTER SET utf8 COLLATE utf8_unicode_ci NOT NULL,
  `ip` varchar(250) CHARACTER SET utf8 COLLATE utf8_unicode_ci NOT NULL,
  `type` varchar(16) COLLATE latin1_general_ci NOT NULL
) ENGINE=MyISAM DEFAULT CHARSET=latin1 COLLATE=latin1_general_ci;

--
-- Dumping data for table `logs`
--

INSERT INTO `logs` (`id`, `title`, `timestamp`, `user_id`, `description`, `ip`, `type`) VALUES
(11, 'Add doctor', '2018-11-01 08:12:40', 1, 'Added a new doctor Chukwudi Chukwudi to the system', '::1', 'Comment'),
(12, 'Add Department', '2018-11-01 08:20:55', 1, 'Added a new department Lab', '::1', 'Add'),
(3, 'Add doctor', '2018-10-31 09:18:00', 2, 'Added a new doctor to the system', '10.100.0.100', 'Add'),
(15, 'Delete Department', '2018-11-01 08:37:14', 1, 'Deleted department testing', '::1', 'Delete'),
(6, 'Add doctor', '2018-10-31 13:55:11', 2, 'Added a new doctor Vincent Vincent to the system', '::1', 'Add'),
(14, 'Edit Department', '2018-11-01 08:29:18', 1, 'Edited department demo12345', '::1', 'Edit'),
(8, 'Edit doctor', '2018-10-31 14:02:52', 2, 'Edited doctor Doctor22 Doctor22 to the system', '::1', 'Edit'),
(13, 'Add Department', '2018-11-01 08:24:58', 1, 'Added a new department Health', '::1', 'Add'),
(10, 'Delete doctor', '2018-10-31 14:18:39', 2, 'Deleted doctor from the system', '::1', 'Delete'),
(16, 'Delete Department', '2018-11-01 08:37:44', 1, 'Deleted department Triplejs', '::1', 'Delete'),
(17, 'Delete Department', '2018-11-01 08:42:01', 1, 'Deleted department demo12345', '::1', 'Delete'),
(18, 'Delete Department', '2018-11-01 08:42:07', 1, 'Deleted department Lab', '::1', 'Delete'),
(19, 'Delete Department', '2018-11-01 08:42:14', 1, 'Deleted department Health', '::1', 'Delete'),
(20, 'Delete Department', '2018-11-01 08:42:21', 1, 'Deleted department upload', '::1', 'Delete'),
(21, 'Delete Department', '2018-11-01 08:42:36', 1, 'Deleted department demo', '::1', 'Delete'),
(22, 'Delete Department', '2018-11-01 08:44:49', 1, 'Deleted department Health', '::1', 'Delete'),
(23, 'Edit Department', '2018-11-01 08:45:04', 1, 'Edited department Finance', '::1', 'Edit'),
(24, 'Delete Department', '2018-11-01 08:45:20', 1, 'Deleted department Product  Two', '::1', 'Delete'),
(25, 'added New Patient', '2018-11-01 11:52:04', 1, 'user 1added a patient', '::1', 'Add'),
(26, 'Add doctor', '2018-11-01 13:20:24', 1, 'Added a new doctor chukd chukd to the system', '::1', 'Comment'),
(27, 'Add Nurse', '2018-11-01 14:48:32', 1, 'Added a new Nurse Nurse Nurse to the system', '::1', 'Comment'),
(28, 'Scheduled Appointment', '2018-11-02 12:53:52', 46, 'Doctor scheduled an appointment', '11.22.33.44', 'Add'),
(29, 'Scheduled Appointment', '2018-11-02 13:06:28', 46, 'Doctor scheduled an appointment', '::1', 'Add'),
(30, 'Scheduled Appointment', '2018-11-02 13:08:53', 46, 'Doctor scheduled an appointment', '::1', 'Add'),
(31, 'Scheduled Appointment', '2018-11-02 13:09:53', 46, 'Doctor edited an appointment', '::1', 'Edit'),
(32, 'Edited a Prescription', '2018-11-05 08:54:05', 46, 'Doctor edited a Prescription', '::1', 'Edit'),
(33, 'Laboratorist Added a Report', '2018-11-05 11:05:34', 48, 'Lab added a Report', '::1', 'Add'),
(34, 'Laboratorist Added a Report', '2018-11-05 11:08:44', 48, 'Lab added a Report', '::1', 'Add'),
(35, 'Laboratorist Edited a Report', '2018-11-05 11:39:36', 48, 'Lab Edited a Report', '::1', 'Edit'),
(36, 'Added Diagnostic Report', '2018-11-05 14:42:15', 48, 'Laboratorist Added a Diagnostic Report', '::1', 'Add'),
(37, 'Added Diagnostic Report', '2018-11-05 14:45:47', 48, 'Laboratorist Added a Diagnostic Report', '::1', 'Add'),
(38, 'Scheduled Appointment', '2018-11-06 13:23:32', 1, 'Doctor edited an appointment', '::1', 'Edit'),
(39, 'Scheduled Appointment', '2018-11-06 13:24:27', 1, 'Doctor scheduled an appointment', '::1', 'Add'),
(40, 'Scheduled Appointment', '2018-11-06 13:27:36', 1, 'Doctor scheduled an appointment', '::1', 'Add'),
(41, 'Scheduled Appointment', '2018-11-06 13:28:44', 1, 'Doctor scheduled an appointment', '::1', 'Add'),
(42, 'Scheduled Appointment', '2018-11-06 13:30:39', 1, 'Doctor scheduled an appointment', '::1', 'Add'),
(43, 'Scheduled Appointment', '2018-11-06 13:32:37', 1, 'Doctor edited an appointment', '::1', 'Edit'),
(44, 'Scheduled Appointment', '2018-11-06 13:34:38', 1, 'Doctor scheduled an appointment', '::1', 'Add'),
(45, 'Scheduled Appointment', '2018-11-06 13:35:40', 1, 'Doctor scheduled an appointment', '::1', 'Add'),
(46, 'Scheduled Appointment', '2018-11-06 13:53:14', 1, 'Doctor scheduled an appointment', '::1', 'Add'),
(47, 'Scheduled Appointment', '2018-11-06 13:56:58', 1, 'Doctor scheduled an appointment', '::1', 'Add'),
(48, 'Add Staff', '2018-11-07 11:18:16', 1, 'Added a new staff clark clark to the system', '::1', 'Add'),
(49, 'Edit Staff', '2018-11-07 11:26:38', 1, 'Edited a staff clark clark to the system', '::1', 'Edit'),
(50, 'Edit Staff', '2018-11-07 11:27:00', 1, 'Edited a staff clark clark to the system', '::1', 'Edit'),
(51, 'Add Staff', '2018-11-07 11:44:39', 1, 'Added a new staff sasaax sasaax to the system', '::1', 'Add'),
(52, 'Deleted a staff', '2018-11-07 11:45:45', 1, 'Deleted a staff from the system', '::1', 'Delete'),
(53, 'New Patient', '2018-11-07 12:38:56', 50, 'user 50 added a patient', '::1', 'Add'),
(54, 'New Patient', '2018-11-08 08:31:33', 1, 'user 1 added a patient', '::1', 'Add'),
(55, 'New Patient', '2018-11-08 08:41:14', 50, 'user 50 added a patient', '::1', 'Add'),
(56, 'New Patient', '2018-11-08 09:11:10', 50, 'user 50 added a patient', '::1', 'Add'),
(57, 'New Patient', '2018-11-08 09:57:47', 50, 'user 50 added a patient', '::1', 'Add'),
(58, 'Add Accountant', '2018-11-09 08:50:07', 1, 'Added a new accountant Theaccountant Theaccountant to the system', '::1', 'Add'),
(59, 'Recieved Payment', '2018-11-09 10:30:19', 52, 'user 52 Recieved Payment', '::1', 'Add'),
(60, 'Recieved Payment', '2018-11-09 10:30:34', 52, 'user 52 Recieved Payment', '::1', 'Add'),
(61, 'Printed Invoice', '2018-11-09 10:31:31', 52, 'user 52 printed an invoice', '::1', 'Print'),
(62, 'Add Staff', '2018-11-09 13:23:39', 1, 'Added a new staff Chukd Chukd to the system', '::1', 'Add'),
(63, 'Scheduled Appointment', '2018-11-12 09:56:23', 53, 'Doctor scheduled an appointment', '::1', 'Add'),
(64, 'Add doctor', '2018-11-12 10:39:18', 53, 'Added a new doctor docchukd docchukd to the system', '::1', 'Add'),
(65, 'Added New Prescription', '2018-11-12 10:42:13', 54, 'Doctor added new prescription', '::1', 'Add'),
(66, 'Add Frontdesk', '2019-01-05 18:37:07', 1, 'Added a new frontdesk officer Registration Registration to the system', '::1', 'Add'),
(67, 'Deleted a staff', '2019-01-05 18:37:14', 1, 'Deleted a staff from the system', '::1', 'Delete'),
(68, 'New Patient', '2019-01-05 18:48:35', 55, 'user 55 added a patient', '::1', 'Add'),
(69, 'Created ID Card', '2019-01-05 18:59:52', 55, 'user 55 Created an ID Card', '::1', 'Add'),
(70, 'Recieved Payment', '2019-01-05 19:53:02', 52, 'user 52 Recieved Payment', '::1', 'Add'),
(71, 'Recieved Payment', '2019-01-05 19:57:09', 52, 'user 52 Recieved Payment', '::1', 'Add'),
(72, 'Created ID Card', '2019-01-05 19:57:29', 55, 'user 55 Created an ID Card', '::1', 'Add'),
(73, 'Created ID Card', '2019-01-05 20:00:12', 55, 'user 55 Created an ID Card', '::1', 'Add'),
(74, 'Created ID Card', '2019-01-05 20:01:12', 55, 'user 55 Created an ID Card', '::1', 'Add'),
(75, 'Created ID Card', '2019-01-05 20:02:37', 55, 'user 55 Created an ID Card', '::1', 'Add'),
(76, 'Created ID Card', '2019-01-05 20:03:12', 55, 'user 55 Created an ID Card', '::1', 'Add'),
(77, 'Created ID Card', '2019-01-05 20:05:40', 55, 'user 55 Created an ID Card', '::1', 'Add'),
(78, 'Created ID Card', '2019-01-05 20:05:56', 55, 'user 55 Created an ID Card', '::1', 'Add'),
(79, 'Created ID Card', '2019-01-05 20:06:46', 55, 'user 55 Created an ID Card', '::1', 'Add'),
(80, 'Created ID Card', '2019-01-05 20:07:42', 55, 'user 55 Created an ID Card', '::1', 'Add'),
(81, 'Created ID Card', '2019-01-05 20:09:14', 55, 'user 55 Created an ID Card', '::1', 'Add'),
(82, 'Created ID Card', '2019-01-05 20:09:34', 55, 'user 55 Created an ID Card', '::1', 'Add'),
(83, 'Created ID Card', '2019-01-05 20:11:23', 55, 'user 55 Created an ID Card', '::1', 'Add'),
(84, 'Created ID Card', '2019-01-05 20:11:47', 55, 'user 55 Created an ID Card', '::1', 'Add'),
(85, 'Created ID Card', '2019-01-05 20:17:29', 55, 'user 55 Created an ID Card', '::1', 'Add'),
(86, 'Created ID Card', '2019-01-05 20:18:30', 55, 'user 55 Created an ID Card', '::1', 'Add'),
(87, 'Created ID Card', '2019-01-05 20:20:47', 55, 'user 55 Created an ID Card', '::1', 'Add'),
(88, 'Created ID Card', '2019-01-05 20:21:24', 55, 'user 55 Created an ID Card', '::1', 'Add'),
(89, 'Created ID Card', '2019-01-05 20:27:17', 55, 'user 55 Created an ID Card', '::1', 'Add'),
(90, 'Created ID Card', '2019-01-05 20:27:58', 55, 'user 55 Created an ID Card', '::1', 'Add'),
(91, 'Printed Invoice', '2019-01-05 20:30:18', 52, 'user 52 printed an invoice', '::1', 'Print'),
(92, 'Created ID Card', '2019-01-05 20:33:05', 55, 'user 55 Created an ID Card', '::1', 'Add'),
(93, 'Created ID Card', '2019-01-05 20:33:17', 55, 'user 55 Created an ID Card', '::1', 'Add'),
(94, 'Created ID Card', '2019-01-05 20:35:56', 55, 'user 55 Created an ID Card', '::1', 'Add'),
(95, 'Created ID Card', '2019-01-05 20:37:39', 55, 'user 55 Created an ID Card', '::1', 'Add'),
(96, 'Created ID Card', '2019-01-05 20:45:08', 55, 'user 55 Created an ID Card', '::1', 'Add'),
(97, 'Printed Id Card', '2019-01-05 20:45:13', 55, 'user 55 printed Id Card', '::1', 'Print'),
(98, 'Created ID Card', '2019-01-05 20:46:07', 55, 'user 55 Created an ID Card', '::1', 'Add'),
(99, 'Printed Id Card', '2019-01-05 20:48:47', 55, 'user 55 printed Id Card', '::1', 'Print'),
(100, 'Created ID Card', '2019-01-05 20:49:44', 55, 'user 55 Created an ID Card', '::1', 'Add'),
(101, 'Created ID Card', '2019-01-05 20:50:22', 55, 'user 55 Created an ID Card', '::1', 'Add'),
(102, 'Printed Id Card', '2019-01-05 20:50:32', 55, 'user 55 printed Id Card', '::1', 'Print'),
(103, 'Created ID Card', '2019-01-05 20:52:08', 55, 'user 55 Created an ID Card', '::1', 'Add'),
(104, 'Printed Id Card', '2019-01-05 20:52:12', 55, 'user 55 printed Id Card', '::1', 'Print'),
(105, 'Printed Id Card', '2019-01-05 20:53:05', 55, 'user 55 printed Id Card', '::1', 'Print'),
(106, 'Printed Invoice', '2019-01-05 20:53:58', 52, 'user 52 printed an invoice', '::1', 'Print'),
(107, 'Created ID Card', '2019-01-05 20:54:40', 55, 'user 55 Created an ID Card', '::1', 'Add'),
(108, 'Printed Id Card', '2019-01-05 20:54:42', 55, 'user 55 printed Id Card', '::1', 'Print'),
(109, 'Created ID Card', '2019-01-05 20:57:29', 55, 'user 55 Created an ID Card', '::1', 'Add'),
(110, 'Printed Id Card', '2019-01-05 20:57:36', 55, 'user 55 printed Id Card', '::1', 'Print'),
(111, 'Printed Id Card', '2019-01-05 20:58:15', 55, 'user 55 printed Id Card', '::1', 'Print'),
(112, 'Created ID Card', '2019-01-05 20:58:36', 55, 'user 55 Created an ID Card', '::1', 'Add'),
(113, 'Created ID Card', '2019-01-05 20:58:40', 55, 'user 55 Created an ID Card', '::1', 'Add'),
(114, 'Printed Id Card', '2019-01-05 20:58:45', 55, 'user 55 printed Id Card', '::1', 'Print'),
(115, 'Created ID Card', '2019-01-05 21:00:20', 55, 'user 55 Created an ID Card', '::1', 'Add'),
(116, 'Printed Id Card', '2019-01-05 21:00:26', 55, 'user 55 printed Id Card', '::1', 'Print'),
(117, 'Created ID Card', '2019-01-05 21:01:17', 55, 'user 55 Created an ID Card', '::1', 'Add'),
(118, 'Printed Id Card', '2019-01-05 21:01:20', 55, 'user 55 printed Id Card', '::1', 'Print'),
(119, 'Printed Id Card', '2019-01-05 21:04:50', 55, 'user 55 printed Id Card', '::1', 'Print'),
(120, 'Printed Id Card', '2019-01-05 21:04:59', 55, 'user 55 printed Id Card', '::1', 'Print'),
(121, 'Printed Id Card', '2019-01-05 21:05:08', 55, 'user 55 printed Id Card', '::1', 'Print'),
(122, 'Created ID Card', '2019-01-05 21:07:02', 55, 'user 55 Created an ID Card', '::1', 'Add'),
(123, 'Printed Id Card', '2019-01-05 21:07:06', 55, 'user 55 printed Id Card', '::1', 'Print'),
(124, 'Printed Id Card', '2019-01-05 21:08:07', 55, 'user 55 printed Id Card', '::1', 'Print'),
(125, 'Created ID Card', '2019-01-05 21:10:27', 55, 'user 55 Created an ID Card', '::1', 'Add'),
(126, 'Printed Id Card', '2019-01-05 21:10:43', 55, 'user 55 printed Id Card', '::1', 'Print'),
(127, 'Created ID Card', '2019-01-05 21:11:33', 55, 'user 55 Created an ID Card', '::1', 'Add'),
(128, 'Created ID Card', '2019-01-05 21:13:25', 55, 'user 55 Created an ID Card', '::1', 'Add'),
(129, 'Created ID Card', '2019-01-05 21:14:05', 55, 'user 55 Created an ID Card', '::1', 'Add'),
(130, 'Created ID Card', '2019-01-05 21:14:20', 55, 'user 55 Created an ID Card', '::1', 'Add'),
(131, 'Created ID Card', '2019-01-05 21:16:32', 55, 'user 55 Created an ID Card', '::1', 'Add'),
(132, 'Created ID Card', '2019-01-05 21:17:16', 55, 'user 55 Created an ID Card', '::1', 'Add'),
(133, 'Created ID Card', '2019-01-05 21:17:48', 55, 'user 55 Created an ID Card', '::1', 'Add'),
(134, 'Created ID Card', '2019-01-05 21:18:10', 55, 'user 55 Created an ID Card', '::1', 'Add'),
(135, 'Created ID Card', '2019-01-05 21:19:48', 55, 'user 55 Created an ID Card', '::1', 'Add'),
(136, 'Created ID Card', '2019-01-05 21:20:40', 55, 'user 55 Created an ID Card', '::1', 'Add'),
(137, 'Created ID Card', '2019-01-05 21:22:31', 55, 'user 55 Created an ID Card', '::1', 'Add'),
(138, 'Created ID Card', '2019-01-05 21:23:43', 55, 'user 55 Created an ID Card', '::1', 'Add'),
(139, 'Created ID Card', '2019-01-05 21:24:47', 55, 'user 55 Created an ID Card', '::1', 'Add'),
(140, 'Created ID Card', '2019-01-05 21:25:43', 55, 'user 55 Created an ID Card', '::1', 'Add'),
(141, 'Created ID Card', '2019-01-05 21:29:01', 55, 'user 55 Created an ID Card', '::1', 'Add'),
(142, 'Created ID Card', '2019-01-05 21:29:25', 55, 'user 55 Created an ID Card', '::1', 'Add'),
(143, 'Created ID Card', '2019-01-05 21:30:14', 55, 'user 55 Created an ID Card', '::1', 'Add'),
(144, 'Created ID Card', '2019-01-05 21:31:54', 55, 'user 55 Created an ID Card', '::1', 'Add'),
(145, 'Created ID Card', '2019-01-05 21:32:33', 55, 'user 55 Created an ID Card', '::1', 'Add'),
(146, 'Created ID Card', '2019-01-05 21:33:36', 55, 'user 55 Created an ID Card', '::1', 'Add'),
(147, 'Printed Id Card', '2019-01-05 21:34:12', 55, 'user 55 printed Id Card', '::1', 'Print'),
(148, 'Created ID Card', '2019-01-05 21:35:36', 55, 'user 55 Created an ID Card', '::1', 'Add'),
(149, 'Printed Id Card', '2019-01-05 21:35:39', 55, 'user 55 printed Id Card', '::1', 'Print'),
(150, 'Created ID Card', '2019-01-05 21:38:17', 55, 'user 55 Created an ID Card', '::1', 'Add'),
(151, 'Printed Id Card', '2019-01-05 21:38:23', 55, 'user 55 printed Id Card', '::1', 'Print'),
(152, 'Printed Id Card', '2019-01-05 21:39:01', 55, 'user 55 printed Id Card', '::1', 'Print'),
(153, 'Created ID Card', '2019-01-05 21:42:35', 55, 'user 55 Created an ID Card', '::1', 'Add'),
(154, 'Printed Id Card', '2019-01-05 21:42:38', 55, 'user 55 printed Id Card', '::1', 'Print'),
(155, 'Created ID Card', '2019-01-05 21:43:40', 55, 'user 55 Created an ID Card', '::1', 'Add'),
(156, 'Printed Id Card', '2019-01-05 21:43:50', 55, 'user 55 printed Id Card', '::1', 'Print'),
(157, 'Printed Id Card', '2019-01-05 21:45:52', 55, 'user 55 printed Id Card', '::1', 'Print'),
(158, 'Created ID Card', '2019-01-06 06:38:45', 55, 'user 55 Created an ID Card', '::1', 'Add'),
(159, 'Printed Id Card', '2019-01-06 06:39:38', 55, 'user 55 printed Id Card', '::1', 'Print'),
(160, 'Printed Id Card', '2019-01-06 06:46:51', 55, 'user 55 printed Id Card', '::1', 'Print'),
(161, 'Created ID Card', '2019-01-06 06:47:16', 55, 'user 55 Created an ID Card', '::1', 'Add'),
(162, 'Created ID Card', '2019-01-06 06:50:36', 55, 'user 55 Created an ID Card', '::1', 'Add'),
(163, 'Created ID Card', '2019-01-06 06:53:05', 55, 'user 55 Created an ID Card', '::1', 'Add'),
(164, 'Created ID Card', '2019-01-06 06:54:38', 55, 'user 55 Created an ID Card', '::1', 'Add'),
(165, 'Created ID Card', '2019-01-06 06:55:35', 55, 'user 55 Created an ID Card', '::1', 'Add'),
(166, 'Created ID Card', '2019-01-06 06:56:31', 55, 'user 55 Created an ID Card', '::1', 'Add'),
(167, 'Created ID Card', '2019-01-06 07:08:09', 55, 'user 55 Created an ID Card', '::1', 'Add'),
(168, 'Created ID Card', '2019-01-06 07:09:15', 55, 'user 55 Created an ID Card', '::1', 'Add'),
(169, 'Created ID Card', '2019-01-06 07:10:02', 55, 'user 55 Created an ID Card', '::1', 'Add'),
(170, 'Created ID Card', '2019-01-06 07:10:45', 55, 'user 55 Created an ID Card', '::1', 'Add'),
(171, 'Created ID Card', '2019-01-06 07:11:25', 55, 'user 55 Created an ID Card', '::1', 'Add'),
(172, 'Created ID Card', '2019-01-06 07:13:24', 55, 'user 55 Created an ID Card', '::1', 'Add'),
(173, 'Created ID Card', '2019-01-06 07:14:02', 55, 'user 55 Created an ID Card', '::1', 'Add'),
(174, 'Created ID Card', '2019-01-06 07:14:20', 55, 'user 55 Created an ID Card', '::1', 'Add'),
(175, 'Created ID Card', '2019-01-06 07:14:41', 55, 'user 55 Created an ID Card', '::1', 'Add'),
(176, 'Created ID Card', '2019-01-06 07:15:19', 55, 'user 55 Created an ID Card', '::1', 'Add'),
(177, 'Created ID Card', '2019-01-06 07:16:00', 55, 'user 55 Created an ID Card', '::1', 'Add'),
(178, 'Created ID Card', '2019-01-06 07:16:13', 55, 'user 55 Created an ID Card', '::1', 'Add'),
(179, 'Created ID Card', '2019-01-06 07:17:18', 55, 'user 55 Created an ID Card', '::1', 'Add'),
(180, 'Created ID Card', '2019-01-06 07:17:54', 55, 'user 55 Created an ID Card', '::1', 'Add'),
(181, 'Created ID Card', '2019-01-06 07:18:08', 55, 'user 55 Created an ID Card', '::1', 'Add'),
(182, 'Created ID Card', '2019-01-06 07:19:47', 55, 'user 55 Created an ID Card', '::1', 'Add'),
(183, 'Created ID Card', '2019-01-06 07:20:59', 55, 'user 55 Created an ID Card', '::1', 'Add'),
(184, 'Created ID Card', '2019-01-06 07:21:29', 55, 'user 55 Created an ID Card', '::1', 'Add'),
(185, 'Created ID Card', '2019-01-06 07:23:01', 55, 'user 55 Created an ID Card', '::1', 'Add'),
(186, 'Created ID Card', '2019-01-06 07:23:25', 55, 'user 55 Created an ID Card', '::1', 'Add'),
(187, 'Created ID Card', '2019-01-06 07:23:55', 55, 'user 55 Created an ID Card', '::1', 'Add'),
(188, 'Created ID Card', '2019-01-06 07:26:39', 55, 'user 55 Created an ID Card', '::1', 'Add'),
(189, 'Created ID Card', '2019-01-06 07:28:20', 55, 'user 55 Created an ID Card', '::1', 'Add'),
(190, 'Created ID Card', '2019-01-06 07:29:00', 55, 'user 55 Created an ID Card', '::1', 'Add'),
(191, 'Created ID Card', '2019-01-06 07:29:29', 55, 'user 55 Created an ID Card', '::1', 'Add'),
(192, 'Created ID Card', '2019-01-06 07:33:09', 55, 'user 55 Created an ID Card', '::1', 'Add'),
(193, 'Created ID Card', '2019-01-06 07:34:06', 55, 'user 55 Created an ID Card', '::1', 'Add'),
(194, 'Created ID Card', '2019-01-06 07:34:37', 55, 'user 55 Created an ID Card', '::1', 'Add'),
(195, 'Created ID Card', '2019-01-06 07:34:53', 55, 'user 55 Created an ID Card', '::1', 'Add'),
(196, 'Printed Id Card', '2019-01-06 07:34:59', 55, 'user 55 printed Id Card', '::1', 'Print'),
(197, 'Created ID Card', '2019-01-06 07:37:24', 55, 'user 55 Created an ID Card', '::1', 'Add'),
(198, 'Printed Id Card', '2019-01-06 07:37:40', 55, 'user 55 printed Id Card', '::1', 'Print'),
(199, 'Printed Invoice', '2019-01-06 07:39:00', 55, 'user 55 printed an invoice', '::1', 'Print'),
(200, 'Created ID Card', '2019-01-06 07:39:24', 55, 'user 55 Created an ID Card', '::1', 'Add'),
(201, 'Printed Id Card', '2019-01-06 07:40:06', 55, 'user 55 printed Id Card', '::1', 'Print'),
(202, 'Printed Id Card', '2019-01-06 07:40:29', 55, 'user 55 printed Id Card', '::1', 'Print'),
(203, 'Printed Id Card', '2019-01-06 07:58:41', 55, 'user 55 printed Id Card', '::1', 'Print'),
(204, 'Deleted a staff', '2019-01-06 08:08:44', 1, 'Deleted a staff from the system', '::1', 'Delete'),
(205, 'Add doctor', '2019-01-06 08:13:52', 1, 'Added a new doctor kkk kkk to the system', '::1', 'Add'),
(206, 'Deleted a staff', '2019-01-06 08:14:01', 1, 'Deleted a staff from the system', '::1', 'Delete'),
(207, 'Add Nurse', '2019-01-06 08:15:38', 1, 'Added a new nurse Nurse Nurse to the system', '::1', 'Add'),
(208, 'Added New Prescription', '2019-01-06 19:16:11', 2, 'Doctor added new prescription', '::1', 'Add'),
(209, 'Added Diagnostic Report', '2019-01-06 20:11:14', 48, 'Laboratorist Added a Diagnostic Report', '::1', 'Add'),
(210, 'New Patient', '2019-01-06 20:55:12', 55, 'user 55 added a patient', '::1', 'Add'),
(211, 'Recieved Payment', '2019-01-06 20:56:32', 52, 'user 52 Recieved Payment', '::1', 'Add'),
(212, 'Created ID Card', '2019-01-06 20:56:49', 55, 'user 55 Created an ID Card', '::1', 'Add'),
(213, 'Printed Id Card', '2019-01-06 20:56:56', 55, 'user 55 printed Id Card', '::1', 'Print'),
(214, 'Added New Prescription', '2019-01-06 21:01:35', 2, 'Doctor added new prescription', '::1', 'Add'),
(215, 'Added Diagnostic Report', '2019-01-06 21:04:47', 2, 'Laboratorist Added a Diagnostic Report', '::1', 'Add'),
(216, 'Added Diagnostic Report', '2019-01-07 13:44:38', 2, 'Laboratorist Added a Diagnostic Report', '::1', 'Add'),
(217, 'New Patient', '2019-01-07 19:25:29', 2, 'user 2 added a patient', '::1', 'Add'),
(218, 'New Patient', '2019-01-07 19:26:40', 2, 'user 2 added a patient', '::1', 'Add'),
(219, 'Added New Prescription', '2019-01-07 19:51:53', 46, 'Doctor added new prescription', '::1', 'Add'),
(220, 'Added Diagnostic Report', '2019-01-07 20:06:34', 46, 'Laboratorist Added a Diagnostic Report', '::1', 'Add'),
(221, 'New Patient', '2019-01-10 19:46:37', 55, 'user 55 added a patient', '::1', 'Add'),
(222, 'New Patient', '2019-01-10 20:11:41', 55, 'user 55 added a patient', '::1', 'Add'),
(223, 'New Patient', '2019-01-10 21:34:43', 55, 'user 55 added a patient', '::1', 'Add'),
(224, 'Added New Prescription', '2019-01-11 08:14:47', 46, 'Doctor added new prescription', '::1', 'Add'),
(225, 'Edit User', '2019-01-14 08:15:38', 46, 'Edited User chukd chukd to the system', '::1', 'Edit Profile'),
(226, 'Added Diagnostic Report', '2019-01-14 10:16:15', 46, 'Laboratorist Added a Diagnostic Report', '::1', 'Add'),
(227, 'Added Diagnostic Report', '2019-01-14 14:15:49', 46, 'Laboratorist Added a Diagnostic Report', '::1', 'Add'),
(228, 'Add Bed', '2019-01-16 12:47:17', 57, 'Added a new Bed 4', '::1', 'Add'),
(229, 'Created an Invoice', '2019-01-18 09:08:06', 48, 'user 48 created an invoice', '::1', 'Add'),
(230, 'Created an Invoice', '2019-01-18 09:25:38', 48, 'user 48 created an invoice', '::1', 'Add'),
(231, 'Created an Invoice', '2019-01-18 09:35:23', 48, 'user 48 created an invoice', '::1', 'Add'),
(232, 'New Treatment Plan', '2019-01-28 11:50:42', 46, 'user 46 added a treatment plan', '::1', 'Add'),
(233, 'New Treatment Plan', '2019-01-28 13:55:20', 46, 'user 46 added a treatment plan', '::1', 'Add'),
(234, 'Edited Treatment Plan', '2019-01-28 15:06:54', 46, 'user 46 Edited a treatment plan', '::1', 'Edit'),
(235, 'Edit Prescription', '2019-01-28 15:18:41', 46, 'user 46 Edited a prescription', '::1', 'Edit'),
(236, 'Scheduled Appointment', '2019-01-28 15:37:14', 46, 'Doctor scheduled an appointment', '::1', 'Add'),
(237, 'Updated Appointment', '2019-01-29 10:56:14', 46, 'Doctor Edited an appointment', '::1', 'Edit'),
(238, 'New Patient', '2019-01-29 12:55:41', 57, 'user 57 added a patient', '::1', 'Add'),
(239, 'Scheduled Appointment', '2019-01-29 13:07:00', 57, 'Doctor scheduled an appointment', '::1', 'Add'),
(240, 'Recieved Payment', '2019-01-29 13:15:34', 52, 'user 52 Recieved Payment', '::1', 'Add'),
(241, 'Recieved Payment', '2019-01-29 13:16:20', 52, 'user 52 Recieved Payment', '::1', 'Add'),
(242, 'New Consultation', '2019-01-31 11:54:02', 46, 'user 46 Added New Consultation', '::1', 'Add'),
(243, 'Added Diagnostic Report', '2019-01-31 11:55:20', 46, 'Laboratorist Added a Diagnostic Report', '::1', 'Add'),
(244, 'New Prescription', '2019-01-31 11:57:17', 46, 'user 46 Added New Prescription', '::1', 'Add'),
(245, 'New Treatment Plan', '2019-01-31 11:58:58', 46, 'user 46 added a treatment plan', '::1', 'Add'),
(246, 'New Treatment Plan', '2019-01-31 12:01:44', 46, 'user 46 added a treatment plan', '::1', 'Add'),
(247, 'Edited Diagnostic Report', '2019-01-31 12:32:00', 48, 'Laboratorist Edited a Diagnostic Report', '::1', 'Edit'),
(248, 'Deleted a Diagnostic Report', '2019-01-31 13:01:11', 48, 'Laboratorist Deleted a Diagnostic Report 11', '::1', 'Delete'),
(249, 'Edited Diagnostic Report', '2019-01-31 13:13:36', 48, 'Laboratorist Edited a Diagnostic Report 3', '::1', 'Edit'),
(250, 'Edit User', '2019-01-31 13:16:38', 48, 'Edited User Thelab Guy Lab Attendant to the system', '::1', 'Edit Profile'),
(251, 'New Treatment Plan', '2019-02-01 11:45:19', 57, 'user 57 added a treatment plan', '::1', 'Add'),
(252, 'Password Change', '2019-02-01 15:44:49', 57, 'Changed password for 57', '::1', 'Edit'),
(253, 'Password Change', '2019-02-01 15:48:14', 57, 'Changed password for 57', '::1', 'Edit'),
(254, 'Add Department', '2019-02-05 10:22:33', 1, 'Added a new department Test Department', '::1', 'Add'),
(255, 'Delete Department', '2019-02-05 10:29:25', 1, 'Deleted department Test Department', '::1', 'Delete'),
(256, 'Delete Patient', '2019-02-05 10:42:47', 1, 'user 1 Deleted patient 10', '::1', 'Delete'),
(257, 'Deleted An Invoice', '2019-02-05 11:03:38', 1, 'user 1 Deleted Invoice ', '::1', 'Delete'),
(258, 'New Patient', '2019-02-21 11:16:45', 55, 'user 55 added a patient', '::1', 'Add'),
(259, 'New Patient', '2019-02-21 11:20:01', 55, 'user 55 added a patient', '::1', 'Add'),
(260, 'Added Diagnostic Report', '2019-02-22 09:17:03', 54, 'Laboratorist Added a Diagnostic Report', '::1', 'Add'),
(261, 'Added Diagnostic Report', '2019-02-22 09:47:06', 54, 'Laboratorist Added a Diagnostic Report', '::1', 'Add'),
(262, 'Added Diagnostic Report', '2019-02-22 09:48:45', 54, 'Laboratorist Added a Diagnostic Report', '::1', 'Add'),
(263, 'Deleted a Diagnostic Report', '2019-02-22 09:50:03', 54, 'Laboratorist Deleted a Diagnostic Report 13', '::1', 'Delete'),
(264, 'Request Discharge', '2019-02-22 12:44:29', 54, 'user 54 Requested discharge for patient', '::1', 'Delete'),
(265, 'Request Discharge', '2019-02-22 12:46:56', 54, 'user 54 Requested discharge for patient3', '::1', 'Delete'),
(266, 'New Patient Admission Request', '2019-02-25 11:45:00', 54, 'user 54 Requested patient 11be Admitted', '::1', 'Add'),
(267, 'Discharged a Patient', '2019-02-25 12:17:11', 57, 'user 57 Discharge patient3', '::1', 'Edit'),
(268, 'Allocated Bed/Ward', '2019-02-25 12:38:46', 57, 'user 57 Allocated Bed/Ward to a Patient', '::1', 'Add'),
(269, 'Add Pharmacist', '2019-02-25 13:00:02', 1, 'Added a new Pharmacist Uchechukwu Uchechukwu to the system', '::1', 'Add'),
(270, 'Updated Appointment', '2019-02-26 15:59:05', 46, 'Doctor Edited an appointment', '::1', 'Edit'),
(271, 'Discharged a Patient', '2019-02-26 16:13:19', 57, 'user 57 Discharge patient7', '::1', 'Edit'),
(272, 'Discharged a Patient', '2019-02-26 16:13:33', 57, 'user 57 Discharge patient11', '::1', 'Edit'),
(273, 'Recieved Payment', '2019-02-26 16:24:15', 52, 'user 52 Updated invoice 15 To Status Paid', '::1', 'Edit'),
(274, 'Request Discharge', '2019-03-04 10:15:28', 54, 'user 54 Requested discharge for patient6', '::1', 'Delete'),
(275, 'Request Discharge', '2019-03-04 10:28:22', 54, 'user 54 Requested discharge for patient6', '::1', 'Delete'),
(276, 'Created an Invoice', '2019-03-04 11:06:13', 57, 'user 57 created an invoice', '::1', 'Add'),
(277, 'Printed Invoice', '2019-03-04 11:06:46', 57, 'user 57 printed an invoice', '::1', 'Print'),
(278, 'Updated Appointment', '2019-03-04 11:09:31', 57, 'Doctor Edited an appointment', '::1', 'Edit'),
(279, 'Discharged a Patient', '2019-03-04 11:28:16', 57, 'user 57 Discharge patient6', '::1', 'Edit'),
(280, 'Recieved Payment', '2019-03-04 11:51:54', 52, 'user 52 Updated invoice 19 To Status Paid', '::1', 'Edit'),
(281, 'Discharged a Patient', '2019-03-04 11:53:07', 57, 'user 57 Discharge patient6', '::1', 'Edit'),
(282, 'Request Discharge', '2019-03-05 10:26:32', 46, 'user 46 Requested discharge for patient3', '::1', 'Delete'),
(283, 'New Patient Admission Request', '2019-03-06 15:24:57', 54, 'user 54 Requested patient 17be Admitted', '::1', 'Add'),
(284, 'Deleted a staff', '2019-03-08 10:50:11', 1, 'Deleted a staff from the systemChukd', '::1', 'Delete'),
(285, 'Deleted a staff', '2019-03-08 10:51:22', 1, 'Deleted a staff from the systemUchechukwu', '::1', 'Delete'),
(286, 'Add New Staff', '2019-03-08 11:45:07', 1, 'Added Staff Mrs Oluwafolahan Temi to the system', '::1', 'Add'),
(287, 'Add New Staff', '2019-03-08 12:31:31', 1, 'Added Staff Mr John  Snow to the system', '::1', 'Add'),
(288, 'New Consultation', '2019-03-11 08:18:52', 2, 'user 2 Added New Consultation', '::1', 'Add'),
(289, 'New Prescription', '2019-03-11 13:56:10', 2, 'user 2 Added New Prescription', '::1', 'Add');

-- --------------------------------------------------------

--
-- Table structure for table `medicines`
--

CREATE TABLE `medicines` (
  `id` int(11) NOT NULL,
  `name` varchar(250) COLLATE utf8_unicode_ci NOT NULL,
  `description` varchar(250) COLLATE utf8_unicode_ci NOT NULL,
  `price` varchar(250) COLLATE utf8_unicode_ci NOT NULL,
  `manufacturing_company` varchar(250) COLLATE utf8_unicode_ci NOT NULL,
  `status` varchar(250) COLLATE utf8_unicode_ci NOT NULL,
  `pharmacist_id` int(11) NOT NULL
) ENGINE=MyISAM DEFAULT CHARSET=utf8 COLLATE=utf8_unicode_ci;

-- --------------------------------------------------------

--
-- Table structure for table `medicine_categories`
--

CREATE TABLE `medicine_categories` (
  `id` int(11) NOT NULL,
  `medicine_id` int(11) NOT NULL,
  `category_id` int(11) NOT NULL
) ENGINE=MyISAM DEFAULT CHARSET=utf8 COLLATE=utf8_unicode_ci;

-- --------------------------------------------------------

--
-- Table structure for table `messages`
--

CREATE TABLE `messages` (
  `id` int(11) NOT NULL,
  `message` varchar(250) COLLATE utf8_unicode_ci NOT NULL,
  `user_id` int(11) NOT NULL,
  `receiver_id` int(11) NOT NULL,
  `created_date` timestamp NOT NULL DEFAULT CURRENT_TIMESTAMP,
  `readstatus` varchar(20) COLLATE utf8_unicode_ci NOT NULL COMMENT 'read or unread'
) ENGINE=MyISAM DEFAULT CHARSET=utf8 COLLATE=utf8_unicode_ci;

-- --------------------------------------------------------

--
-- Table structure for table `noticeboards`
--

CREATE TABLE `noticeboards` (
  `id` int(11) NOT NULL,
  `notice_title` varchar(250) COLLATE utf8_unicode_ci NOT NULL,
  `notice` varchar(250) COLLATE utf8_unicode_ci NOT NULL,
  `created_date` timestamp NOT NULL DEFAULT CURRENT_TIMESTAMP
) ENGINE=MyISAM DEFAULT CHARSET=utf8 COLLATE=utf8_unicode_ci;

-- --------------------------------------------------------

--
-- Table structure for table `nurses`
--

CREATE TABLE `nurses` (
  `id` int(11) NOT NULL,
  `user_id` int(11) NOT NULL,
  `name` varchar(250) CHARACTER SET utf8 COLLATE utf8_unicode_ci NOT NULL,
  `address` varchar(250) CHARACTER SET utf8 COLLATE utf8_unicode_ci NOT NULL,
  `phone` varchar(250) CHARACTER SET utf8 COLLATE utf8_unicode_ci NOT NULL
) ENGINE=MyISAM DEFAULT CHARSET=latin1;

-- --------------------------------------------------------

--
-- Table structure for table `patients`
--

CREATE TABLE `patients` (
  `id` int(11) NOT NULL,
  `user_id` int(11) NOT NULL,
  `name` varchar(250) COLLATE utf8_unicode_ci NOT NULL,
  `address` varchar(250) COLLATE utf8_unicode_ci NOT NULL,
  `phone` varchar(250) COLLATE utf8_unicode_ci NOT NULL,
  `sex` varchar(250) COLLATE utf8_unicode_ci NOT NULL,
  `birth_date` varchar(64) COLLATE utf8_unicode_ci NOT NULL,
  `blood_group` varchar(250) COLLATE utf8_unicode_ci NOT NULL,
  `created_date` timestamp NOT NULL DEFAULT CURRENT_TIMESTAMP,
  `emailaddress` varchar(150) COLLATE utf8_unicode_ci DEFAULT NULL,
  `uniquid` varchar(56) COLLATE utf8_unicode_ci DEFAULT NULL,
  `age` int(11) DEFAULT NULL,
  `surname` varchar(128) COLLATE utf8_unicode_ci NOT NULL,
  `nokname` varchar(186) COLLATE utf8_unicode_ci NOT NULL,
  `nokaddress` varchar(200) COLLATE utf8_unicode_ci NOT NULL,
  `nokrelation` varchar(66) COLLATE utf8_unicode_ci NOT NULL,
  `nokphone` varchar(18) COLLATE utf8_unicode_ci NOT NULL,
  `religion` varchar(52) COLLATE utf8_unicode_ci DEFAULT NULL,
  `occupation` varchar(96) COLLATE utf8_unicode_ci DEFAULT NULL,
  `tribe` varchar(160) COLLATE utf8_unicode_ci DEFAULT NULL
) ENGINE=MyISAM DEFAULT CHARSET=utf8 COLLATE=utf8_unicode_ci;

--
-- Dumping data for table `patients`
--

INSERT INTO `patients` (`id`, `user_id`, `name`, `address`, `phone`, `sex`, `birth_date`, `blood_group`, `created_date`, `emailaddress`, `uniquid`, `age`, `surname`, `nokname`, `nokaddress`, `nokrelation`, `nokphone`, `religion`, `occupation`, `tribe`) VALUES
(3, 50, 'patientclak name edited', 'NO. 7 SALOEZEAKAIBEYA CRESCENT, MMAKWUM OBOSI', '09009988987', 'Female', '10/28/2018', 'A-', '2018-11-07 12:38:55', 'mail@mail.com', NULL, NULL, '', '', '', '', '', NULL, NULL, NULL),
(9, 55, 'Goodness Goodness', 'Imo state', '+2348035400621', 'Male', '01/08/2019', 'A+', '2019-01-06 20:55:12', 'goodnees@demo.com', 'WWD/19/01/9', NULL, '', '', '', '', '', NULL, NULL, NULL),
(5, 50, 'testpatient name', 'NO. 7 SALOEZEAKAIBEYA CRESCENT, MMAKWUM OBOSI', '08999827674', 'Male', '11/11/2018', 'AA', '2018-11-08 08:41:14', 'pati@mail.com', 'WWD/18/11/08/5', NULL, '', '', '', '', '', NULL, NULL, NULL),
(6, 50, 'another patient', '64 emekuku, D/line, portharcourt.', '222333334444', 'Female', '10/28/2018', 'AA', '2018-11-08 09:11:09', 'fnfhg@mail.com', 'HMS/18/11/08/6', NULL, '', '', '', '', '', NULL, NULL, NULL),
(7, 50, 'titit', 'No .8 Boms avenue Elekahia\r\nTrans Amadi industrial layout', '0968686758', 'Male', '11/11/2018', 'SS', '2018-11-08 09:57:47', 'tyty@mail.com', 'HMS/18/11/08/7', NULL, '', '', '', '', '', NULL, NULL, NULL),
(8, 55, 'Patient05 Patient05', '29 Umaru dikko street, Jabi\r\n29 Umaru dikko street, Jabi', '+2348035400621', 'Male', '01/08/2019', 'A+', '2019-01-05 18:48:35', 'patient05@demo.com', 'WWD/19/01/8', NULL, '', '', '', '', '', NULL, NULL, NULL),
(16, 55, 'tester', 'Abuja\r\nOff Gado Nasco road', '8060407160', 'Male', '01/27/2019', 'B-', '2019-02-21 11:16:44', 'nzewiuc@gmail.com', 'WWD/19/02/16', 66, 'tester', 'Uchechukwu Dorathy Nzewi', 'No .8 Boms avenue Elekahia\r\nTrans Amadi industrial layout', 'Brother', '08060407160', 'Omenani', 'Economist', 'Igbo'),
(11, 2, 'Jodan Mathew', 'NO. 7 SALOEZEAKAIBEYA CRESCENT, MMAKWUM OBOSI', 'Mmuo', 'Male', '11/11/2018', 'AA', '2019-01-07 19:26:40', 'Jomada@mail.com', 'WWD/19/01/11', NULL, '', '', '', '', '', NULL, NULL, NULL),
(12, 55, 'Okafo', 'No .8 Boms avenue Elekahia\r\nTrans Amadi industrial layout', '+2348122260140', 'Male', '01/20/2019', 'AA', '2019-01-10 19:46:37', 'aniegbokachukwudi@gmail.com', 'WWD/19/01/12', NULL, 'Ijeoma', 'Jenny Ijeremy', 'AREA3, 40 MILES FROM WHITE HOUSE', 'Brother', '08060407160', 'Omenani', NULL, NULL),
(13, 55, 'Okafo', 'No .8 Boms avenue Elekahia\r\nTrans Amadi industrial layout', '+2348122260140', 'Male', '01/20/2019', 'AA', '2019-01-10 20:11:41', 'aniegbokachukwudi@gmail.com', 'WWD/19/01/13', 44, 'Theresa', 'Jenny Ijeremy', 'AREA3, 40 MILES FROM WHITE HOUSE', 'Brother', '08060407160', 'Omenani', '', 'Igbo'),
(14, 55, 'Uchechukwu', 'Abuja\r\nOff Gado Nasco road', '08060407160', 'Female', '10/28/2018', 'A-', '2019-01-10 21:34:43', 'nzewiuc@gmail.com', 'WWD/19/01/14', 30, 'Nzewi', 'Jenny Ijeremy Henry', 'NO. 7 SALOEZEAKAIBEYA CRESCENT, MMAKWUM OBOSI', 'Sister', '08060407160', 'Omenani', 'Economist', 'Igbo'),
(15, 57, 'stev', 'No .8 Boms avenue Elekahia\r\nTrans Amadi industrial layout', '+2348122260140', 'Female', '01/31/2019', 'A', '2019-01-29 12:55:41', 'aniegbokachukwudi@gmail.com', 'WWD/19/01/15', 22, 'Azaiki', 'Jenny Ijeremy', 'No .8 Boms avenue Elekahia\r\nTrans Amadi industrial layout', 'Brother', '08060407160', '', '', ''),
(17, 55, 'tester', 'Abuja\r\nOff Gado Nasco road', '8060407160', 'Male', '01/27/2019', 'B-', '2019-02-21 11:20:01', 'nzew4iuc@gmail.com', 'WWD/19/02/17', 66, 'tester', 'Uchechukwu Dorathy Nzewi', 'No .8 Boms avenue Elekahia\r\nTrans Amadi industrial layout', 'Brother', '08060407160', 'Omenani', 'Economist', 'Igbo');

-- --------------------------------------------------------

--
-- Table structure for table `payments`
--

CREATE TABLE `payments` (
  `id` int(11) NOT NULL,
  `payment_for` varchar(250) COLLATE utf8_unicode_ci NOT NULL,
  `invoice_id` int(11) NOT NULL,
  `patient_id` int(11) NOT NULL,
  `payment_method` varchar(250) COLLATE utf8_unicode_ci NOT NULL,
  `description` varchar(250) COLLATE utf8_unicode_ci NOT NULL,
  `amount` int(11) NOT NULL,
  `created_date` timestamp NOT NULL DEFAULT CURRENT_TIMESTAMP
) ENGINE=MyISAM DEFAULT CHARSET=utf8 COLLATE=utf8_unicode_ci;

--
-- Dumping data for table `payments`
--

INSERT INTO `payments` (`id`, `payment_for`, `invoice_id`, `patient_id`, `payment_method`, `description`, `amount`, `created_date`) VALUES
(1, 'medical services fee', 3, 7, 'Cash', 'Registeration Fee', 1500, '2018-11-09 10:30:19'),
(2, 'medical services fee', 3, 7, 'Cash', 'Registeration Fee', 1500, '2018-11-09 10:30:34'),
(3, 'medical services fee', 4, 8, 'Cash', 'Registeration Fee', 1500, '2019-01-05 19:53:02'),
(4, 'medical services fee', 4, 8, 'Cash', 'Registration Fee', 1500, '2019-01-05 19:57:09'),
(5, 'medical services fee', 5, 9, 'Cash', 'Registration Fee', 1500, '2019-01-06 20:56:32'),
(6, 'medical services fee', 14, 15, 'Cash', 'Registration Fee', 1500, '2019-01-29 13:15:34'),
(7, 'medical services fee', 12, 5, 'Cash', 'Payment for X-ray', 2600, '2019-01-29 13:16:20'),
(8, 'medical services fee', 15, 16, 'Cash', 'Registration Fee', 1500, '2019-02-26 16:24:15'),
(9, 'medical services fee', 19, 6, 'Cash', 'This is the bill for your treatment', 30000, '2019-03-04 11:51:54');

-- --------------------------------------------------------

--
-- Table structure for table `pharmacists`
--

CREATE TABLE `pharmacists` (
  `id` int(11) NOT NULL,
  `user_id` int(11) NOT NULL,
  `name` varchar(250) CHARACTER SET utf8 COLLATE utf8_unicode_ci NOT NULL,
  `address` varchar(250) CHARACTER SET utf8 COLLATE utf8_unicode_ci NOT NULL,
  `phone` varchar(250) CHARACTER SET utf8 COLLATE utf8_unicode_ci NOT NULL
) ENGINE=MyISAM DEFAULT CHARSET=latin1;

-- --------------------------------------------------------

--
-- Table structure for table `prescriptions`
--

CREATE TABLE `prescriptions` (
  `id` int(11) NOT NULL,
  `creation_timestamp` timestamp NOT NULL DEFAULT CURRENT_TIMESTAMP,
  `user_id` int(11) NOT NULL,
  `patient_id` int(11) NOT NULL,
  `consultation_id` int(11) NOT NULL,
  `medication` varchar(250) COLLATE utf8_unicode_ci NOT NULL,
  `medication_from_pharmacist` varchar(250) COLLATE utf8_unicode_ci NOT NULL,
  `description` varchar(250) COLLATE utf8_unicode_ci NOT NULL
) ENGINE=MyISAM DEFAULT CHARSET=utf8 COLLATE=utf8_unicode_ci;

--
-- Dumping data for table `prescriptions`
--

INSERT INTO `prescriptions` (`id`, `creation_timestamp`, `user_id`, `patient_id`, `consultation_id`, `medication`, `medication_from_pharmacist`, `description`) VALUES
(1, '2018-11-02 14:30:02', 46, 1, 0, 'paracetamol', 'tramadol', 'just take it edited'),
(2, '2018-11-12 10:42:13', 54, 3, 0, 'paracetamol 3 capsules', 'tramadol one bag', 'testing the product'),
(3, '2019-01-06 19:15:06', 2, 8, 0, 'para', '', 'having malaria'),
(4, '2019-01-06 19:16:11', 2, 8, 0, 'para', '', 'having malaria'),
(5, '2019-01-06 21:01:35', 2, 9, 1, '<p>1. Panadol 2. Avomite</p>\r\n\r\n<p>navagine</p>\r\n', 'tramadol', '<p>I think he has mild malaria</p>\r\n\r\n<p>now edited</p>\r\n'),
(6, '2019-01-07 19:51:53', 46, 11, 0, 'pere and tram', '', 'This guy is not feeling any thing at all'),
(7, '2019-01-11 08:14:47', 46, 9, 0, 'bhh', '', 'ggg'),
(8, '2019-01-28 07:11:36', 46, 8, 1, '<p>here the doctor makes his prescription</p>\r\n', '', '<p>Any other description can go here</p>\r\n'),
(9, '2019-01-31 11:57:17', 46, 9, 3, '<p>so much drugs to be administered</p>\r\n', '', '<p>do as specified</p>\r\n'),
(10, '2019-03-11 13:56:10', 2, 8, 1, '<p>the prescription</p>\r\n', '', '<p>other stories</p>\r\n');

-- --------------------------------------------------------

--
-- Table structure for table `reports`
--

CREATE TABLE `reports` (
  `id` int(11) NOT NULL,
  `type` varchar(250) COLLATE utf8_unicode_ci NOT NULL COMMENT 'operation,birth,death',
  `description` varchar(250) COLLATE utf8_unicode_ci NOT NULL,
  `timestamp` timestamp NOT NULL DEFAULT CURRENT_TIMESTAMP,
  `user_id` int(11) NOT NULL,
  `patient_id` int(11) NOT NULL
) ENGINE=MyISAM DEFAULT CHARSET=utf8 COLLATE=utf8_unicode_ci;

--
-- Dumping data for table `reports`
--

INSERT INTO `reports` (`id`, `type`, `description`, `timestamp`, `user_id`, `patient_id`) VALUES
(1, 'medical report edited ', 'This guy is a good guy attend to him edited ', '0000-00-00 00:00:00', 0, 1),
(2, 'medical report', 'This is a medical report of the current patient', '2018-11-05 11:08:44', 48, 1);

-- --------------------------------------------------------

--
-- Table structure for table `roles`
--

CREATE TABLE `roles` (
  `id` int(11) NOT NULL,
  `role_name` varchar(250) CHARACTER SET utf8 COLLATE utf8_unicode_ci NOT NULL
) ENGINE=MyISAM DEFAULT CHARSET=latin1;

--
-- Dumping data for table `roles`
--

INSERT INTO `roles` (`id`, `role_name`) VALUES
(1, 'admin'),
(2, 'doctor'),
(3, 'Nurse'),
(4, 'Pharmacist '),
(5, 'Labouratorist'),
(6, 'Accountant'),
(7, 'Front Desk');

-- --------------------------------------------------------

--
-- Table structure for table `settings`
--

CREATE TABLE `settings` (
  `id` int(11) NOT NULL,
  `type` varchar(250) CHARACTER SET utf8 COLLATE utf8_unicode_ci NOT NULL,
  `description` varchar(250) CHARACTER SET utf8 COLLATE utf8_unicode_ci NOT NULL,
  `regfee` int(11) NOT NULL
) ENGINE=MyISAM DEFAULT CHARSET=latin1;

--
-- Dumping data for table `settings`
--

INSERT INTO `settings` (`id`, `type`, `description`, `regfee`) VALUES
(1, 'Precisio HMS', 'Precisio HMS', 1700);

-- --------------------------------------------------------

--
-- Table structure for table `staffs`
--

CREATE TABLE `staffs` (
  `id` int(11) NOT NULL,
  `user_id` int(11) NOT NULL,
  `fname` varchar(250) CHARACTER SET utf8 COLLATE utf8_unicode_ci NOT NULL,
  `lname` varchar(250) CHARACTER SET utf8 COLLATE utf8_unicode_ci NOT NULL,
  `mname` varchar(250) CHARACTER SET utf8 COLLATE utf8_unicode_ci DEFAULT NULL,
  `gender` varchar(15) CHARACTER SET utf8 COLLATE utf8_unicode_ci DEFAULT NULL,
  `address` varchar(250) CHARACTER SET utf8 COLLATE utf8_unicode_ci NOT NULL,
  `country_id` int(11) NOT NULL,
  `state_id` int(11) NOT NULL,
  `phone` varchar(250) CHARACTER SET utf8 COLLATE utf8_unicode_ci NOT NULL,
  `department_id` int(11) NOT NULL,
  `profile` text CHARACTER SET utf8 COLLATE utf8_unicode_ci,
  `photo` varchar(250) CHARACTER SET utf8 COLLATE utf8_unicode_ci DEFAULT NULL,
  `dob` varchar(250) CHARACTER SET utf8 COLLATE utf8_unicode_ci NOT NULL,
  `created_date` timestamp NOT NULL DEFAULT CURRENT_TIMESTAMP,
  `created_by` int(11) NOT NULL
) ENGINE=MyISAM DEFAULT CHARSET=latin1;

--
-- Dumping data for table `staffs`
--

INSERT INTO `staffs` (`id`, `user_id`, `fname`, `lname`, `mname`, `gender`, `address`, `country_id`, `state_id`, `phone`, `department_id`, `profile`, `photo`, `dob`, `created_date`, `created_by`) VALUES
(1, 1, 'Admin', 'Admin', 'Admin', 'Male', 'NetPro International', 160, 23, '08030000000', 1, 'Profile', NULL, '1978/11/11', '2018-10-26 11:12:27', 1),
(2, 2, 'Doctor', 'Doctor', 'Doctor', 'Female', 'NetPro International', 160, 23, '08030000000', 1, 'profile', NULL, '1987/11/11', '2018-10-26 12:45:53', 1);

-- --------------------------------------------------------

--
-- Table structure for table `states`
--

CREATE TABLE `states` (
  `id` int(11) NOT NULL,
  `name` varchar(30) NOT NULL,
  `country_id` int(11) NOT NULL DEFAULT '1'
) ENGINE=InnoDB DEFAULT CHARSET=latin1;

--
-- Dumping data for table `states`
--

INSERT INTO `states` (`id`, `name`, `country_id`) VALUES
(1, 'Andaman and Nicobar Islands', 101),
(2, 'Andhra Pradesh', 101),
(3, 'Arunachal Pradesh', 101),
(4, 'Assam', 101),
(5, 'Bihar', 101),
(6, 'Chandigarh', 101),
(7, 'Chhattisgarh', 101),
(8, 'Dadra and Nagar Haveli', 101),
(9, 'Daman and Diu', 101),
(10, 'Delhi', 101),
(11, 'Goa', 101),
(12, 'Gujarat', 101),
(13, 'Haryana', 101),
(14, 'Himachal Pradesh', 101),
(15, 'Jammu and Kashmir', 101),
(16, 'Jharkhand', 101),
(17, 'Karnataka', 101),
(18, 'Kenmore', 101),
(19, 'Kerala', 101),
(20, 'Lakshadweep', 101),
(21, 'Madhya Pradesh', 101),
(22, 'Maharashtra', 101),
(23, 'Manipur', 101),
(24, 'Meghalaya', 101),
(25, 'Mizoram', 101),
(26, 'Nagaland', 101),
(27, 'Narora', 101),
(28, 'Natwar', 101),
(29, 'Odisha', 101),
(30, 'Paschim Medinipur', 101),
(31, 'Pondicherry', 101),
(32, 'Punjab', 101),
(33, 'Rajasthan', 101),
(34, 'Sikkim', 101),
(35, 'Tamil Nadu', 101),
(36, 'Telangana', 101),
(37, 'Tripura', 101),
(38, 'Uttar Pradesh', 101),
(39, 'Uttarakhand', 101),
(40, 'Vaishali', 101),
(41, 'West Bengal', 101),
(42, 'Badakhshan', 1),
(43, 'Badgis', 1),
(44, 'Baglan', 1),
(45, 'Balkh', 1),
(46, 'Bamiyan', 1),
(47, 'Farah', 1),
(48, 'Faryab', 1),
(49, 'Gawr', 1),
(50, 'Gazni', 1),
(51, 'Herat', 1),
(52, 'Hilmand', 1),
(53, 'Jawzjan', 1),
(54, 'Kabul', 1),
(55, 'Kapisa', 1),
(56, 'Khawst', 1),
(57, 'Kunar', 1),
(58, 'Lagman', 1),
(59, 'Lawghar', 1),
(60, 'Nangarhar', 1),
(61, 'Nimruz', 1),
(62, 'Nuristan', 1),
(63, 'Paktika', 1),
(64, 'Paktiya', 1),
(65, 'Parwan', 1),
(66, 'Qandahar', 1),
(67, 'Qunduz', 1),
(68, 'Samangan', 1),
(69, 'Sar-e Pul', 1),
(70, 'Takhar', 1),
(71, 'Uruzgan', 1),
(72, 'Wardag', 1),
(73, 'Zabul', 1),
(74, 'Berat', 2),
(75, 'Bulqize', 2),
(76, 'Delvine', 2),
(77, 'Devoll', 2),
(78, 'Dibre', 2),
(79, 'Durres', 2),
(80, 'Elbasan', 2),
(81, 'Fier', 2),
(82, 'Gjirokaster', 2),
(83, 'Gramsh', 2),
(84, 'Has', 2),
(85, 'Kavaje', 2),
(86, 'Kolonje', 2),
(87, 'Korce', 2),
(88, 'Kruje', 2),
(89, 'Kucove', 2),
(90, 'Kukes', 2),
(91, 'Kurbin', 2),
(92, 'Lezhe', 2),
(93, 'Librazhd', 2),
(94, 'Lushnje', 2),
(95, 'Mallakaster', 2),
(96, 'Malsi e Madhe', 2),
(97, 'Mat', 2),
(98, 'Mirdite', 2),
(99, 'Peqin', 2),
(100, 'Permet', 2),
(101, 'Pogradec', 2),
(102, 'Puke', 2),
(103, 'Sarande', 2),
(104, 'Shkoder', 2),
(105, 'Skrapar', 2),
(106, 'Tepelene', 2),
(107, 'Tirane', 2),
(108, 'Tropoje', 2),
(109, 'Vlore', 2),
(110, '\'Ayn Daflah', 3),
(111, '\'Ayn Tamushanat', 3),
(112, 'Adrar', 3),
(113, 'Algiers', 3),
(114, 'Annabah', 3),
(115, 'Bashshar', 3),
(116, 'Batnah', 3),
(117, 'Bijayah', 3),
(118, 'Biskrah', 3),
(119, 'Blidah', 3),
(120, 'Buirah', 3),
(121, 'Bumardas', 3),
(122, 'Burj Bu Arririj', 3),
(123, 'Ghalizan', 3),
(124, 'Ghardayah', 3),
(125, 'Ilizi', 3),
(126, 'Jijili', 3),
(127, 'Jilfah', 3),
(128, 'Khanshalah', 3),
(129, 'Masilah', 3),
(130, 'Midyah', 3),
(131, 'Milah', 3),
(132, 'Muaskar', 3),
(133, 'Mustaghanam', 3),
(134, 'Naama', 3),
(135, 'Oran', 3),
(136, 'Ouargla', 3),
(137, 'Qalmah', 3),
(138, 'Qustantinah', 3),
(139, 'Sakikdah', 3),
(140, 'Satif', 3),
(141, 'Sayda\'', 3),
(142, 'Sidi ban-al-\'Abbas', 3),
(143, 'Suq Ahras', 3),
(144, 'Tamanghasat', 3),
(145, 'Tibazah', 3),
(146, 'Tibissah', 3),
(147, 'Tilimsan', 3),
(148, 'Tinduf', 3),
(149, 'Tisamsilt', 3),
(150, 'Tiyarat', 3),
(151, 'Tizi Wazu', 3),
(152, 'Umm-al-Bawaghi', 3),
(153, 'Wahran', 3),
(154, 'Warqla', 3),
(155, 'Wilaya d Alger', 3),
(156, 'Wilaya de Bejaia', 3),
(157, 'Wilaya de Constantine', 3),
(158, 'al-Aghwat', 3),
(159, 'al-Bayadh', 3),
(160, 'al-Jaza\'ir', 3),
(161, 'al-Wad', 3),
(162, 'ash-Shalif', 3),
(163, 'at-Tarif', 3),
(164, 'Eastern', 4),
(165, 'Manu\'a', 4),
(166, 'Swains Island', 4),
(167, 'Western', 4),
(168, 'Andorra la Vella', 5),
(169, 'Canillo', 5),
(170, 'Encamp', 5),
(171, 'La Massana', 5),
(172, 'Les Escaldes', 5),
(173, 'Ordino', 5),
(174, 'Sant Julia de Loria', 5),
(175, 'Bengo', 6),
(176, 'Benguela', 6),
(177, 'Bie', 6),
(178, 'Cabinda', 6),
(179, 'Cunene', 6),
(180, 'Huambo', 6),
(181, 'Huila', 6),
(182, 'Kuando-Kubango', 6),
(183, 'Kwanza Norte', 6),
(184, 'Kwanza Sul', 6),
(185, 'Luanda', 6),
(186, 'Lunda Norte', 6),
(187, 'Lunda Sul', 6),
(188, 'Malanje', 6),
(189, 'Moxico', 6),
(190, 'Namibe', 6),
(191, 'Uige', 6),
(192, 'Zaire', 6),
(193, 'Other Provinces', 7),
(194, 'Sector claimed by Argentina/Ch', 8),
(195, 'Sector claimed by Argentina/UK', 8),
(196, 'Sector claimed by Australia', 8),
(197, 'Sector claimed by France', 8),
(198, 'Sector claimed by New Zealand', 8),
(199, 'Sector claimed by Norway', 8),
(200, 'Unclaimed Sector', 8),
(201, 'Barbuda', 9),
(202, 'Saint George', 9),
(203, 'Saint John', 9),
(204, 'Saint Mary', 9),
(205, 'Saint Paul', 9),
(206, 'Saint Peter', 9),
(207, 'Saint Philip', 9),
(208, 'Buenos Aires', 10),
(209, 'Catamarca', 10),
(210, 'Chaco', 10),
(211, 'Chubut', 10),
(212, 'Cordoba', 10),
(213, 'Corrientes', 10),
(214, 'Distrito Federal', 10),
(215, 'Entre Rios', 10),
(216, 'Formosa', 10),
(217, 'Jujuy', 10),
(218, 'La Pampa', 10),
(219, 'La Rioja', 10),
(220, 'Mendoza', 10),
(221, 'Misiones', 10),
(222, 'Neuquen', 10),
(223, 'Rio Negro', 10),
(224, 'Salta', 10),
(225, 'San Juan', 10),
(226, 'San Luis', 10),
(227, 'Santa Cruz', 10),
(228, 'Santa Fe', 10),
(229, 'Santiago del Estero', 10),
(230, 'Tierra del Fuego', 10),
(231, 'Tucuman', 10),
(232, 'Aragatsotn', 11),
(233, 'Ararat', 11),
(234, 'Armavir', 11),
(235, 'Gegharkunik', 11),
(236, 'Kotaik', 11),
(237, 'Lori', 11),
(238, 'Shirak', 11),
(239, 'Stepanakert', 11),
(240, 'Syunik', 11),
(241, 'Tavush', 11),
(242, 'Vayots Dzor', 11),
(243, 'Yerevan', 11),
(244, 'Aruba', 12),
(245, 'Auckland', 13),
(246, 'Australian Capital Territory', 13),
(247, 'Balgowlah', 13),
(248, 'Balmain', 13),
(249, 'Bankstown', 13),
(250, 'Baulkham Hills', 13),
(251, 'Bonnet Bay', 13),
(252, 'Camberwell', 13),
(253, 'Carole Park', 13),
(254, 'Castle Hill', 13),
(255, 'Caulfield', 13),
(256, 'Chatswood', 13),
(257, 'Cheltenham', 13),
(258, 'Cherrybrook', 13),
(259, 'Clayton', 13),
(260, 'Collingwood', 13),
(261, 'Frenchs Forest', 13),
(262, 'Hawthorn', 13),
(263, 'Jannnali', 13),
(264, 'Knoxfield', 13),
(265, 'Melbourne', 13),
(266, 'New South Wales', 13),
(267, 'Northern Territory', 13),
(268, 'Perth', 13),
(269, 'Queensland', 13),
(270, 'South Australia', 13),
(271, 'Tasmania', 13),
(272, 'Templestowe', 13),
(273, 'Victoria', 13),
(274, 'Werribee south', 13),
(275, 'Western Australia', 13),
(276, 'Wheeler', 13),
(277, 'Bundesland Salzburg', 14),
(278, 'Bundesland Steiermark', 14),
(279, 'Bundesland Tirol', 14),
(280, 'Burgenland', 14),
(281, 'Carinthia', 14),
(282, 'Karnten', 14),
(283, 'Liezen', 14),
(284, 'Lower Austria', 14),
(285, 'Niederosterreich', 14),
(286, 'Oberosterreich', 14),
(287, 'Salzburg', 14),
(288, 'Schleswig-Holstein', 14),
(289, 'Steiermark', 14),
(290, 'Styria', 14),
(291, 'Tirol', 14),
(292, 'Upper Austria', 14),
(293, 'Vorarlberg', 14),
(294, 'Wien', 14),
(295, 'Abseron', 15),
(296, 'Baki Sahari', 15),
(297, 'Ganca', 15),
(298, 'Ganja', 15),
(299, 'Kalbacar', 15),
(300, 'Lankaran', 15),
(301, 'Mil-Qarabax', 15),
(302, 'Mugan-Salyan', 15),
(303, 'Nagorni-Qarabax', 15),
(304, 'Naxcivan', 15),
(305, 'Priaraks', 15),
(306, 'Qazax', 15),
(307, 'Saki', 15),
(308, 'Sirvan', 15),
(309, 'Xacmaz', 15),
(310, 'Abaco', 16),
(311, 'Acklins Island', 16),
(312, 'Andros', 16),
(313, 'Berry Islands', 16),
(314, 'Biminis', 16),
(315, 'Cat Island', 16),
(316, 'Crooked Island', 16),
(317, 'Eleuthera', 16),
(318, 'Exuma and Cays', 16),
(319, 'Grand Bahama', 16),
(320, 'Inagua Islands', 16),
(321, 'Long Island', 16),
(322, 'Mayaguana', 16),
(323, 'New Providence', 16),
(324, 'Ragged Island', 16),
(325, 'Rum Cay', 16),
(326, 'San Salvador', 16),
(327, '\'Isa', 17),
(328, 'Badiyah', 17),
(329, 'Hidd', 17),
(330, 'Jidd Hafs', 17),
(331, 'Mahama', 17),
(332, 'Manama', 17),
(333, 'Sitrah', 17),
(334, 'al-Manamah', 17),
(335, 'al-Muharraq', 17),
(336, 'ar-Rifa\'a', 17),
(337, 'Bagar Hat', 18),
(338, 'Bandarban', 18),
(339, 'Barguna', 18),
(340, 'Barisal', 18),
(341, 'Bhola', 18),
(342, 'Bogora', 18),
(343, 'Brahman Bariya', 18),
(344, 'Chandpur', 18),
(345, 'Chattagam', 18),
(346, 'Chittagong Division', 18),
(347, 'Chuadanga', 18),
(348, 'Dhaka', 18),
(349, 'Dinajpur', 18),
(350, 'Faridpur', 18),
(351, 'Feni', 18),
(352, 'Gaybanda', 18),
(353, 'Gazipur', 18),
(354, 'Gopalganj', 18),
(355, 'Habiganj', 18),
(356, 'Jaipur Hat', 18),
(357, 'Jamalpur', 18),
(358, 'Jessor', 18),
(359, 'Jhalakati', 18),
(360, 'Jhanaydah', 18),
(361, 'Khagrachhari', 18),
(362, 'Khulna', 18),
(363, 'Kishorganj', 18),
(364, 'Koks Bazar', 18),
(365, 'Komilla', 18),
(366, 'Kurigram', 18),
(367, 'Kushtiya', 18),
(368, 'Lakshmipur', 18),
(369, 'Lalmanir Hat', 18),
(370, 'Madaripur', 18),
(371, 'Magura', 18),
(372, 'Maimansingh', 18),
(373, 'Manikganj', 18),
(374, 'Maulvi Bazar', 18),
(375, 'Meherpur', 18),
(376, 'Munshiganj', 18),
(377, 'Naral', 18),
(378, 'Narayanganj', 18),
(379, 'Narsingdi', 18),
(380, 'Nator', 18),
(381, 'Naugaon', 18),
(382, 'Nawabganj', 18),
(383, 'Netrakona', 18),
(384, 'Nilphamari', 18),
(385, 'Noakhali', 18),
(386, 'Pabna', 18),
(387, 'Panchagarh', 18),
(388, 'Patuakhali', 18),
(389, 'Pirojpur', 18),
(390, 'Rajbari', 18),
(391, 'Rajshahi', 18),
(392, 'Rangamati', 18),
(393, 'Rangpur', 18),
(394, 'Satkhira', 18),
(395, 'Shariatpur', 18),
(396, 'Sherpur', 18),
(397, 'Silhat', 18),
(398, 'Sirajganj', 18),
(399, 'Sunamganj', 18),
(400, 'Tangayal', 18),
(401, 'Thakurgaon', 18),
(402, 'Christ Church', 19),
(403, 'Saint Andrew', 19),
(404, 'Saint George', 19),
(405, 'Saint James', 19),
(406, 'Saint John', 19),
(407, 'Saint Joseph', 19),
(408, 'Saint Lucy', 19),
(409, 'Saint Michael', 19),
(410, 'Saint Peter', 19),
(411, 'Saint Philip', 19),
(412, 'Saint Thomas', 19),
(413, 'Brest', 20),
(414, 'Homjel\'', 20),
(415, 'Hrodna', 20),
(416, 'Mahiljow', 20),
(417, 'Mahilyowskaya Voblasts', 20),
(418, 'Minsk', 20),
(419, 'Minskaja Voblasts\'', 20),
(420, 'Petrik', 20),
(421, 'Vicebsk', 20),
(422, 'Antwerpen', 21),
(423, 'Berchem', 21),
(424, 'Brabant', 21),
(425, 'Brabant Wallon', 21),
(426, 'Brussel', 21),
(427, 'East Flanders', 21),
(428, 'Hainaut', 21),
(429, 'Liege', 21),
(430, 'Limburg', 21),
(431, 'Luxembourg', 21),
(432, 'Namur', 21),
(433, 'Ontario', 21),
(434, 'Oost-Vlaanderen', 21),
(435, 'Provincie Brabant', 21),
(436, 'Vlaams-Brabant', 21),
(437, 'Wallonne', 21),
(438, 'West-Vlaanderen', 21),
(439, 'Belize', 22),
(440, 'Cayo', 22),
(441, 'Corozal', 22),
(442, 'Orange Walk', 22),
(443, 'Stann Creek', 22),
(444, 'Toledo', 22),
(445, 'Alibori', 23),
(446, 'Atacora', 23),
(447, 'Atlantique', 23),
(448, 'Borgou', 23),
(449, 'Collines', 23),
(450, 'Couffo', 23),
(451, 'Donga', 23),
(452, 'Littoral', 23),
(453, 'Mono', 23),
(454, 'Oueme', 23),
(455, 'Plateau', 23),
(456, 'Zou', 23),
(457, 'Hamilton', 24),
(458, 'Saint George', 24),
(459, 'Bumthang', 25),
(460, 'Chhukha', 25),
(461, 'Chirang', 25),
(462, 'Daga', 25),
(463, 'Geylegphug', 25),
(464, 'Ha', 25),
(465, 'Lhuntshi', 25),
(466, 'Mongar', 25),
(467, 'Pemagatsel', 25),
(468, 'Punakha', 25),
(469, 'Rinpung', 25),
(470, 'Samchi', 25),
(471, 'Samdrup Jongkhar', 25),
(472, 'Shemgang', 25),
(473, 'Tashigang', 25),
(474, 'Timphu', 25),
(475, 'Tongsa', 25),
(476, 'Wangdiphodrang', 25),
(477, 'Beni', 26),
(478, 'Chuquisaca', 26),
(479, 'Cochabamba', 26),
(480, 'La Paz', 26),
(481, 'Oruro', 26),
(482, 'Pando', 26),
(483, 'Potosi', 26),
(484, 'Santa Cruz', 26),
(485, 'Tarija', 26),
(486, 'Federacija Bosna i Hercegovina', 27),
(487, 'Republika Srpska', 27),
(488, 'Central Bobonong', 28),
(489, 'Central Boteti', 28),
(490, 'Central Mahalapye', 28),
(491, 'Central Serowe-Palapye', 28),
(492, 'Central Tutume', 28),
(493, 'Chobe', 28),
(494, 'Francistown', 28),
(495, 'Gaborone', 28),
(496, 'Ghanzi', 28),
(497, 'Jwaneng', 28),
(498, 'Kgalagadi North', 28),
(499, 'Kgalagadi South', 28),
(500, 'Kgatleng', 28),
(501, 'Kweneng', 28),
(502, 'Lobatse', 28),
(503, 'Ngamiland', 28),
(504, 'Ngwaketse', 28),
(505, 'North East', 28),
(506, 'Okavango', 28),
(507, 'Orapa', 28),
(508, 'Selibe Phikwe', 28),
(509, 'South East', 28),
(510, 'Sowa', 28),
(511, 'Bouvet Island', 29),
(512, 'Acre', 30),
(513, 'Alagoas', 30),
(514, 'Amapa', 30),
(515, 'Amazonas', 30),
(516, 'Bahia', 30),
(517, 'Ceara', 30),
(518, 'Distrito Federal', 30),
(519, 'Espirito Santo', 30),
(520, 'Estado de Sao Paulo', 30),
(521, 'Goias', 30),
(522, 'Maranhao', 30),
(523, 'Mato Grosso', 30),
(524, 'Mato Grosso do Sul', 30),
(525, 'Minas Gerais', 30),
(526, 'Para', 30),
(527, 'Paraiba', 30),
(528, 'Parana', 30),
(529, 'Pernambuco', 30),
(530, 'Piaui', 30),
(531, 'Rio Grande do Norte', 30),
(532, 'Rio Grande do Sul', 30),
(533, 'Rio de Janeiro', 30),
(534, 'Rondonia', 30),
(535, 'Roraima', 30),
(536, 'Santa Catarina', 30),
(537, 'Sao Paulo', 30),
(538, 'Sergipe', 30),
(539, 'Tocantins', 30),
(540, 'British Indian Ocean Territory', 31),
(541, 'Belait', 32),
(542, 'Brunei-Muara', 32),
(543, 'Temburong', 32),
(544, 'Tutong', 32),
(545, 'Blagoevgrad', 33),
(546, 'Burgas', 33),
(547, 'Dobrich', 33),
(548, 'Gabrovo', 33),
(549, 'Haskovo', 33),
(550, 'Jambol', 33),
(551, 'Kardzhali', 33),
(552, 'Kjustendil', 33),
(553, 'Lovech', 33),
(554, 'Montana', 33),
(555, 'Oblast Sofiya-Grad', 33),
(556, 'Pazardzhik', 33),
(557, 'Pernik', 33),
(558, 'Pleven', 33),
(559, 'Plovdiv', 33),
(560, 'Razgrad', 33),
(561, 'Ruse', 33),
(562, 'Shumen', 33),
(563, 'Silistra', 33),
(564, 'Sliven', 33),
(565, 'Smoljan', 33),
(566, 'Sofija grad', 33),
(567, 'Sofijska oblast', 33),
(568, 'Stara Zagora', 33),
(569, 'Targovishte', 33),
(570, 'Varna', 33),
(571, 'Veliko Tarnovo', 33),
(572, 'Vidin', 33),
(573, 'Vraca', 33),
(574, 'Yablaniza', 33),
(575, 'Bale', 34),
(576, 'Bam', 34),
(577, 'Bazega', 34),
(578, 'Bougouriba', 34),
(579, 'Boulgou', 34),
(580, 'Boulkiemde', 34),
(581, 'Comoe', 34),
(582, 'Ganzourgou', 34),
(583, 'Gnagna', 34),
(584, 'Gourma', 34),
(585, 'Houet', 34),
(586, 'Ioba', 34),
(587, 'Kadiogo', 34),
(588, 'Kenedougou', 34),
(589, 'Komandjari', 34),
(590, 'Kompienga', 34),
(591, 'Kossi', 34),
(592, 'Kouritenga', 34),
(593, 'Kourweogo', 34),
(594, 'Leraba', 34),
(595, 'Mouhoun', 34),
(596, 'Nahouri', 34),
(597, 'Namentenga', 34),
(598, 'Noumbiel', 34),
(599, 'Oubritenga', 34),
(600, 'Oudalan', 34),
(601, 'Passore', 34),
(602, 'Poni', 34),
(603, 'Sanguie', 34),
(604, 'Sanmatenga', 34),
(605, 'Seno', 34),
(606, 'Sissili', 34),
(607, 'Soum', 34),
(608, 'Sourou', 34),
(609, 'Tapoa', 34),
(610, 'Tuy', 34),
(611, 'Yatenga', 34),
(612, 'Zondoma', 34),
(613, 'Zoundweogo', 34),
(614, 'Bubanza', 35),
(615, 'Bujumbura', 35),
(616, 'Bururi', 35),
(617, 'Cankuzo', 35),
(618, 'Cibitoke', 35),
(619, 'Gitega', 35),
(620, 'Karuzi', 35),
(621, 'Kayanza', 35),
(622, 'Kirundo', 35),
(623, 'Makamba', 35),
(624, 'Muramvya', 35),
(625, 'Muyinga', 35),
(626, 'Ngozi', 35),
(627, 'Rutana', 35),
(628, 'Ruyigi', 35),
(629, 'Banteay Mean Chey', 36),
(630, 'Bat Dambang', 36),
(631, 'Kampong Cham', 36),
(632, 'Kampong Chhnang', 36),
(633, 'Kampong Spoeu', 36),
(634, 'Kampong Thum', 36),
(635, 'Kampot', 36),
(636, 'Kandal', 36),
(637, 'Kaoh Kong', 36),
(638, 'Kracheh', 36),
(639, 'Krong Kaeb', 36),
(640, 'Krong Pailin', 36),
(641, 'Krong Preah Sihanouk', 36),
(642, 'Mondol Kiri', 36),
(643, 'Otdar Mean Chey', 36),
(644, 'Phnum Penh', 36),
(645, 'Pousat', 36),
(646, 'Preah Vihear', 36),
(647, 'Prey Veaeng', 36),
(648, 'Rotanak Kiri', 36),
(649, 'Siem Reab', 36),
(650, 'Stueng Traeng', 36),
(651, 'Svay Rieng', 36),
(652, 'Takaev', 36),
(653, 'Adamaoua', 37),
(654, 'Centre', 37),
(655, 'Est', 37),
(656, 'Littoral', 37),
(657, 'Nord', 37),
(658, 'Nord Extreme', 37),
(659, 'Nordouest', 37),
(660, 'Ouest', 37),
(661, 'Sud', 37),
(662, 'Sudouest', 37),
(663, 'Alberta', 38),
(664, 'British Columbia', 38),
(665, 'Manitoba', 38),
(666, 'New Brunswick', 38),
(667, 'Newfoundland and Labrador', 38),
(668, 'Northwest Territories', 38),
(669, 'Nova Scotia', 38),
(670, 'Nunavut', 38),
(671, 'Ontario', 38),
(672, 'Prince Edward Island', 38),
(673, 'Quebec', 38),
(674, 'Saskatchewan', 38),
(675, 'Yukon', 38),
(676, 'Boavista', 39),
(677, 'Brava', 39),
(678, 'Fogo', 39),
(679, 'Maio', 39),
(680, 'Sal', 39),
(681, 'Santo Antao', 39),
(682, 'Sao Nicolau', 39),
(683, 'Sao Tiago', 39),
(684, 'Sao Vicente', 39),
(685, 'Grand Cayman', 40),
(686, 'Bamingui-Bangoran', 41),
(687, 'Bangui', 41),
(688, 'Basse-Kotto', 41),
(689, 'Haut-Mbomou', 41),
(690, 'Haute-Kotto', 41),
(691, 'Kemo', 41),
(692, 'Lobaye', 41),
(693, 'Mambere-Kadei', 41),
(694, 'Mbomou', 41),
(695, 'Nana-Gribizi', 41),
(696, 'Nana-Mambere', 41),
(697, 'Ombella Mpoko', 41),
(698, 'Ouaka', 41),
(699, 'Ouham', 41),
(700, 'Ouham-Pende', 41),
(701, 'Sangha-Mbaere', 41),
(702, 'Vakaga', 41),
(703, 'Batha', 42),
(704, 'Biltine', 42),
(705, 'Bourkou-Ennedi-Tibesti', 42),
(706, 'Chari-Baguirmi', 42),
(707, 'Guera', 42),
(708, 'Kanem', 42),
(709, 'Lac', 42),
(710, 'Logone Occidental', 42),
(711, 'Logone Oriental', 42),
(712, 'Mayo-Kebbi', 42),
(713, 'Moyen-Chari', 42),
(714, 'Ouaddai', 42),
(715, 'Salamat', 42),
(716, 'Tandjile', 42),
(717, 'Aisen', 43),
(718, 'Antofagasta', 43),
(719, 'Araucania', 43),
(720, 'Atacama', 43),
(721, 'Bio Bio', 43),
(722, 'Coquimbo', 43),
(723, 'Libertador General Bernardo O\'', 43),
(724, 'Los Lagos', 43),
(725, 'Magellanes', 43),
(726, 'Maule', 43),
(727, 'Metropolitana', 43),
(728, 'Metropolitana de Santiago', 43),
(729, 'Tarapaca', 43),
(730, 'Valparaiso', 43),
(731, 'Anhui', 44),
(732, 'Anhui Province', 44),
(733, 'Anhui Sheng', 44),
(734, 'Aomen', 44),
(735, 'Beijing', 44),
(736, 'Beijing Shi', 44),
(737, 'Chongqing', 44),
(738, 'Fujian', 44),
(739, 'Fujian Sheng', 44),
(740, 'Gansu', 44),
(741, 'Guangdong', 44),
(742, 'Guangdong Sheng', 44),
(743, 'Guangxi', 44),
(744, 'Guizhou', 44),
(745, 'Hainan', 44),
(746, 'Hebei', 44),
(747, 'Heilongjiang', 44),
(748, 'Henan', 44),
(749, 'Hubei', 44),
(750, 'Hunan', 44),
(751, 'Jiangsu', 44),
(752, 'Jiangsu Sheng', 44),
(753, 'Jiangxi', 44),
(754, 'Jilin', 44),
(755, 'Liaoning', 44),
(756, 'Liaoning Sheng', 44),
(757, 'Nei Monggol', 44),
(758, 'Ningxia Hui', 44),
(759, 'Qinghai', 44),
(760, 'Shaanxi', 44),
(761, 'Shandong', 44),
(762, 'Shandong Sheng', 44),
(763, 'Shanghai', 44),
(764, 'Shanxi', 44),
(765, 'Sichuan', 44),
(766, 'Tianjin', 44),
(767, 'Xianggang', 44),
(768, 'Xinjiang', 44),
(769, 'Xizang', 44),
(770, 'Yunnan', 44),
(771, 'Zhejiang', 44),
(772, 'Zhejiang Sheng', 44),
(773, 'Christmas Island', 45),
(774, 'Cocos (Keeling) Islands', 46),
(775, 'Amazonas', 47),
(776, 'Antioquia', 47),
(777, 'Arauca', 47),
(778, 'Atlantico', 47),
(779, 'Bogota', 47),
(780, 'Bolivar', 47),
(781, 'Boyaca', 47),
(782, 'Caldas', 47),
(783, 'Caqueta', 47),
(784, 'Casanare', 47),
(785, 'Cauca', 47),
(786, 'Cesar', 47),
(787, 'Choco', 47),
(788, 'Cordoba', 47),
(789, 'Cundinamarca', 47),
(790, 'Guainia', 47),
(791, 'Guaviare', 47),
(792, 'Huila', 47),
(793, 'La Guajira', 47),
(794, 'Magdalena', 47),
(795, 'Meta', 47),
(796, 'Narino', 47),
(797, 'Norte de Santander', 47),
(798, 'Putumayo', 47),
(799, 'Quindio', 47),
(800, 'Risaralda', 47),
(801, 'San Andres y Providencia', 47),
(802, 'Santander', 47),
(803, 'Sucre', 47),
(804, 'Tolima', 47),
(805, 'Valle del Cauca', 47),
(806, 'Vaupes', 47),
(807, 'Vichada', 47),
(808, 'Mwali', 48),
(809, 'Njazidja', 48),
(810, 'Nzwani', 48),
(811, 'Bouenza', 49),
(812, 'Brazzaville', 49),
(813, 'Cuvette', 49),
(814, 'Kouilou', 49),
(815, 'Lekoumou', 49),
(816, 'Likouala', 49),
(817, 'Niari', 49),
(818, 'Plateaux', 49),
(819, 'Pool', 49),
(820, 'Sangha', 49),
(821, 'Bandundu', 50),
(822, 'Bas-Congo', 50),
(823, 'Equateur', 50),
(824, 'Haut-Congo', 50),
(825, 'Kasai-Occidental', 50),
(826, 'Kasai-Oriental', 50),
(827, 'Katanga', 50),
(828, 'Kinshasa', 50),
(829, 'Maniema', 50),
(830, 'Nord-Kivu', 50),
(831, 'Sud-Kivu', 50),
(832, 'Aitutaki', 51),
(833, 'Atiu', 51),
(834, 'Mangaia', 51),
(835, 'Manihiki', 51),
(836, 'Mauke', 51),
(837, 'Mitiaro', 51),
(838, 'Nassau', 51),
(839, 'Pukapuka', 51),
(840, 'Rakahanga', 51),
(841, 'Rarotonga', 51),
(842, 'Tongareva', 51),
(843, 'Alajuela', 52),
(844, 'Cartago', 52),
(845, 'Guanacaste', 52),
(846, 'Heredia', 52),
(847, 'Limon', 52),
(848, 'Puntarenas', 52),
(849, 'San Jose', 52),
(850, 'Abidjan', 53),
(851, 'Agneby', 53),
(852, 'Bafing', 53),
(853, 'Denguele', 53),
(854, 'Dix-huit Montagnes', 53),
(855, 'Fromager', 53),
(856, 'Haut-Sassandra', 53),
(857, 'Lacs', 53),
(858, 'Lagunes', 53),
(859, 'Marahoue', 53),
(860, 'Moyen-Cavally', 53),
(861, 'Moyen-Comoe', 53),
(862, 'N\'zi-Comoe', 53),
(863, 'Sassandra', 53),
(864, 'Savanes', 53),
(865, 'Sud-Bandama', 53),
(866, 'Sud-Comoe', 53),
(867, 'Vallee du Bandama', 53),
(868, 'Worodougou', 53),
(869, 'Zanzan', 53),
(870, 'Bjelovar-Bilogora', 54),
(871, 'Dubrovnik-Neretva', 54),
(872, 'Grad Zagreb', 54),
(873, 'Istra', 54),
(874, 'Karlovac', 54),
(875, 'Koprivnica-Krizhevci', 54),
(876, 'Krapina-Zagorje', 54),
(877, 'Lika-Senj', 54),
(878, 'Medhimurje', 54),
(879, 'Medimurska Zupanija', 54),
(880, 'Osijek-Baranja', 54),
(881, 'Osjecko-Baranjska Zupanija', 54),
(882, 'Pozhega-Slavonija', 54),
(883, 'Primorje-Gorski Kotar', 54),
(884, 'Shibenik-Knin', 54),
(885, 'Sisak-Moslavina', 54),
(886, 'Slavonski Brod-Posavina', 54),
(887, 'Split-Dalmacija', 54),
(888, 'Varazhdin', 54),
(889, 'Virovitica-Podravina', 54),
(890, 'Vukovar-Srijem', 54),
(891, 'Zadar', 54),
(892, 'Zagreb', 54),
(893, 'Camaguey', 55),
(894, 'Ciego de Avila', 55),
(895, 'Cienfuegos', 55),
(896, 'Ciudad de la Habana', 55),
(897, 'Granma', 55),
(898, 'Guantanamo', 55),
(899, 'Habana', 55),
(900, 'Holguin', 55),
(901, 'Isla de la Juventud', 55),
(902, 'La Habana', 55),
(903, 'Las Tunas', 55),
(904, 'Matanzas', 55),
(905, 'Pinar del Rio', 55),
(906, 'Sancti Spiritus', 55),
(907, 'Santiago de Cuba', 55),
(908, 'Villa Clara', 55),
(909, 'Government controlled area', 56),
(910, 'Limassol', 56),
(911, 'Nicosia District', 56),
(912, 'Paphos', 56),
(913, 'Turkish controlled area', 56),
(914, 'Central Bohemian', 57),
(915, 'Frycovice', 57),
(916, 'Jihocesky Kraj', 57),
(917, 'Jihochesky', 57),
(918, 'Jihomoravsky', 57),
(919, 'Karlovarsky', 57),
(920, 'Klecany', 57),
(921, 'Kralovehradecky', 57),
(922, 'Liberecky', 57),
(923, 'Lipov', 57),
(924, 'Moravskoslezsky', 57),
(925, 'Olomoucky', 57),
(926, 'Olomoucky Kraj', 57),
(927, 'Pardubicky', 57),
(928, 'Plzensky', 57),
(929, 'Praha', 57),
(930, 'Rajhrad', 57),
(931, 'Smirice', 57),
(932, 'South Moravian', 57),
(933, 'Straz nad Nisou', 57),
(934, 'Stredochesky', 57),
(935, 'Unicov', 57),
(936, 'Ustecky', 57),
(937, 'Valletta', 57),
(938, 'Velesin', 57),
(939, 'Vysochina', 57),
(940, 'Zlinsky', 57),
(941, 'Arhus', 58),
(942, 'Bornholm', 58),
(943, 'Frederiksborg', 58),
(944, 'Fyn', 58),
(945, 'Hovedstaden', 58),
(946, 'Kobenhavn', 58),
(947, 'Kobenhavns Amt', 58),
(948, 'Kobenhavns Kommune', 58),
(949, 'Nordjylland', 58),
(950, 'Ribe', 58),
(951, 'Ringkobing', 58),
(952, 'Roervig', 58),
(953, 'Roskilde', 58),
(954, 'Roslev', 58),
(955, 'Sjaelland', 58),
(956, 'Soeborg', 58),
(957, 'Sonderjylland', 58),
(958, 'Storstrom', 58),
(959, 'Syddanmark', 58),
(960, 'Toelloese', 58),
(961, 'Vejle', 58),
(962, 'Vestsjalland', 58),
(963, 'Viborg', 58),
(964, '\'Ali Sabih', 59),
(965, 'Dikhil', 59),
(966, 'Jibuti', 59),
(967, 'Tajurah', 59),
(968, 'Ubuk', 59),
(969, 'Saint Andrew', 60),
(970, 'Saint David', 60),
(971, 'Saint George', 60),
(972, 'Saint John', 60),
(973, 'Saint Joseph', 60),
(974, 'Saint Luke', 60),
(975, 'Saint Mark', 60),
(976, 'Saint Patrick', 60),
(977, 'Saint Paul', 60),
(978, 'Saint Peter', 60),
(979, 'Azua', 61),
(980, 'Bahoruco', 61),
(981, 'Barahona', 61),
(982, 'Dajabon', 61),
(983, 'Distrito Nacional', 61),
(984, 'Duarte', 61),
(985, 'El Seybo', 61),
(986, 'Elias Pina', 61),
(987, 'Espaillat', 61),
(988, 'Hato Mayor', 61),
(989, 'Independencia', 61),
(990, 'La Altagracia', 61),
(991, 'La Romana', 61),
(992, 'La Vega', 61),
(993, 'Maria Trinidad Sanchez', 61),
(994, 'Monsenor Nouel', 61),
(995, 'Monte Cristi', 61),
(996, 'Monte Plata', 61),
(997, 'Pedernales', 61),
(998, 'Peravia', 61),
(999, 'Puerto Plata', 61),
(1000, 'Salcedo', 61),
(1001, 'Samana', 61),
(1002, 'San Cristobal', 61),
(1003, 'San Juan', 61),
(1004, 'San Pedro de Macoris', 61),
(1005, 'Sanchez Ramirez', 61),
(1006, 'Santiago', 61),
(1007, 'Santiago Rodriguez', 61),
(1008, 'Valverde', 61),
(1009, 'Aileu', 62),
(1010, 'Ainaro', 62),
(1011, 'Ambeno', 62),
(1012, 'Baucau', 62),
(1013, 'Bobonaro', 62),
(1014, 'Cova Lima', 62),
(1015, 'Dili', 62),
(1016, 'Ermera', 62),
(1017, 'Lautem', 62),
(1018, 'Liquica', 62),
(1019, 'Manatuto', 62),
(1020, 'Manufahi', 62),
(1021, 'Viqueque', 62),
(1022, 'Azuay', 63),
(1023, 'Bolivar', 63),
(1024, 'Canar', 63),
(1025, 'Carchi', 63),
(1026, 'Chimborazo', 63),
(1027, 'Cotopaxi', 63),
(1028, 'El Oro', 63),
(1029, 'Esmeraldas', 63),
(1030, 'Galapagos', 63),
(1031, 'Guayas', 63),
(1032, 'Imbabura', 63),
(1033, 'Loja', 63),
(1034, 'Los Rios', 63),
(1035, 'Manabi', 63),
(1036, 'Morona Santiago', 63),
(1037, 'Napo', 63),
(1038, 'Orellana', 63),
(1039, 'Pastaza', 63),
(1040, 'Pichincha', 63),
(1041, 'Sucumbios', 63),
(1042, 'Tungurahua', 63),
(1043, 'Zamora Chinchipe', 63),
(1044, 'Aswan', 64),
(1045, 'Asyut', 64),
(1046, 'Bani Suwayf', 64),
(1047, 'Bur Sa\'id', 64),
(1048, 'Cairo', 64),
(1049, 'Dumyat', 64),
(1050, 'Kafr-ash-Shaykh', 64),
(1051, 'Matruh', 64),
(1052, 'Muhafazat ad Daqahliyah', 64),
(1053, 'Muhafazat al Fayyum', 64),
(1054, 'Muhafazat al Gharbiyah', 64),
(1055, 'Muhafazat al Iskandariyah', 64),
(1056, 'Muhafazat al Qahirah', 64),
(1057, 'Qina', 64),
(1058, 'Sawhaj', 64),
(1059, 'Sina al-Janubiyah', 64),
(1060, 'Sina ash-Shamaliyah', 64),
(1061, 'ad-Daqahliyah', 64),
(1062, 'al-Bahr-al-Ahmar', 64),
(1063, 'al-Buhayrah', 64),
(1064, 'al-Fayyum', 64),
(1065, 'al-Gharbiyah', 64),
(1066, 'al-Iskandariyah', 64),
(1067, 'al-Ismailiyah', 64),
(1068, 'al-Jizah', 64),
(1069, 'al-Minufiyah', 64),
(1070, 'al-Minya', 64),
(1071, 'al-Qahira', 64),
(1072, 'al-Qalyubiyah', 64),
(1073, 'al-Uqsur', 64),
(1074, 'al-Wadi al-Jadid', 64),
(1075, 'as-Suways', 64),
(1076, 'ash-Sharqiyah', 64),
(1077, 'Ahuachapan', 65),
(1078, 'Cabanas', 65),
(1079, 'Chalatenango', 65),
(1080, 'Cuscatlan', 65),
(1081, 'La Libertad', 65),
(1082, 'La Paz', 65),
(1083, 'La Union', 65),
(1084, 'Morazan', 65),
(1085, 'San Miguel', 65),
(1086, 'San Salvador', 65),
(1087, 'San Vicente', 65),
(1088, 'Santa Ana', 65),
(1089, 'Sonsonate', 65),
(1090, 'Usulutan', 65),
(1091, 'Annobon', 66),
(1092, 'Bioko Norte', 66),
(1093, 'Bioko Sur', 66),
(1094, 'Centro Sur', 66),
(1095, 'Kie-Ntem', 66),
(1096, 'Litoral', 66),
(1097, 'Wele-Nzas', 66),
(1098, 'Anseba', 67),
(1099, 'Debub', 67),
(1100, 'Debub-Keih-Bahri', 67),
(1101, 'Gash-Barka', 67),
(1102, 'Maekel', 67),
(1103, 'Semien-Keih-Bahri', 67),
(1104, 'Harju', 68),
(1105, 'Hiiu', 68),
(1106, 'Ida-Viru', 68),
(1107, 'Jarva', 68),
(1108, 'Jogeva', 68),
(1109, 'Laane', 68),
(1110, 'Laane-Viru', 68),
(1111, 'Parnu', 68),
(1112, 'Polva', 68),
(1113, 'Rapla', 68),
(1114, 'Saare', 68),
(1115, 'Tartu', 68),
(1116, 'Valga', 68),
(1117, 'Viljandi', 68),
(1118, 'Voru', 68),
(1119, 'Addis Abeba', 69),
(1120, 'Afar', 69),
(1121, 'Amhara', 69),
(1122, 'Benishangul', 69),
(1123, 'Diredawa', 69),
(1124, 'Gambella', 69),
(1125, 'Harar', 69),
(1126, 'Jigjiga', 69),
(1127, 'Mekele', 69),
(1128, 'Oromia', 69),
(1129, 'Somali', 69),
(1130, 'Southern', 69),
(1131, 'Tigray', 69),
(1132, 'Christmas Island', 70),
(1133, 'Cocos Islands', 70),
(1134, 'Coral Sea Islands', 70),
(1135, 'Falkland Islands', 71),
(1136, 'South Georgia', 71),
(1137, 'Klaksvik', 72),
(1138, 'Nor ara Eysturoy', 72),
(1139, 'Nor oy', 72),
(1140, 'Sandoy', 72),
(1141, 'Streymoy', 72),
(1142, 'Su uroy', 72),
(1143, 'Sy ra Eysturoy', 72),
(1144, 'Torshavn', 72),
(1145, 'Vaga', 72),
(1146, 'Central', 73),
(1147, 'Eastern', 73),
(1148, 'Northern', 73),
(1149, 'South Pacific', 73),
(1150, 'Western', 73),
(1151, 'Ahvenanmaa', 74),
(1152, 'Etela-Karjala', 74),
(1153, 'Etela-Pohjanmaa', 74),
(1154, 'Etela-Savo', 74),
(1155, 'Etela-Suomen Laani', 74),
(1156, 'Ita-Suomen Laani', 74),
(1157, 'Ita-Uusimaa', 74),
(1158, 'Kainuu', 74),
(1159, 'Kanta-Hame', 74),
(1160, 'Keski-Pohjanmaa', 74),
(1161, 'Keski-Suomi', 74),
(1162, 'Kymenlaakso', 74),
(1163, 'Lansi-Suomen Laani', 74),
(1164, 'Lappi', 74),
(1165, 'Northern Savonia', 74),
(1166, 'Ostrobothnia', 74),
(1167, 'Oulun Laani', 74),
(1168, 'Paijat-Hame', 74),
(1169, 'Pirkanmaa', 74),
(1170, 'Pohjanmaa', 74),
(1171, 'Pohjois-Karjala', 74),
(1172, 'Pohjois-Pohjanmaa', 74),
(1173, 'Pohjois-Savo', 74),
(1174, 'Saarijarvi', 74),
(1175, 'Satakunta', 74),
(1176, 'Southern Savonia', 74),
(1177, 'Tavastia Proper', 74),
(1178, 'Uleaborgs Lan', 74),
(1179, 'Uusimaa', 74),
(1180, 'Varsinais-Suomi', 74),
(1181, 'Ain', 75),
(1182, 'Aisne', 75),
(1183, 'Albi Le Sequestre', 75),
(1184, 'Allier', 75),
(1185, 'Alpes-Cote dAzur', 75),
(1186, 'Alpes-Maritimes', 75),
(1187, 'Alpes-de-Haute-Provence', 75),
(1188, 'Alsace', 75),
(1189, 'Aquitaine', 75),
(1190, 'Ardeche', 75),
(1191, 'Ardennes', 75),
(1192, 'Ariege', 75),
(1193, 'Aube', 75),
(1194, 'Aude', 75),
(1195, 'Auvergne', 75),
(1196, 'Aveyron', 75),
(1197, 'Bas-Rhin', 75),
(1198, 'Basse-Normandie', 75),
(1199, 'Bouches-du-Rhone', 75),
(1200, 'Bourgogne', 75),
(1201, 'Bretagne', 75),
(1202, 'Brittany', 75),
(1203, 'Burgundy', 75),
(1204, 'Calvados', 75),
(1205, 'Cantal', 75),
(1206, 'Cedex', 75),
(1207, 'Centre', 75),
(1208, 'Charente', 75),
(1209, 'Charente-Maritime', 75),
(1210, 'Cher', 75),
(1211, 'Correze', 75),
(1212, 'Corse-du-Sud', 75),
(1213, 'Cote-d\'Or', 75),
(1214, 'Cotes-d\'Armor', 75),
(1215, 'Creuse', 75),
(1216, 'Crolles', 75),
(1217, 'Deux-Sevres', 75),
(1218, 'Dordogne', 75),
(1219, 'Doubs', 75),
(1220, 'Drome', 75),
(1221, 'Essonne', 75),
(1222, 'Eure', 75),
(1223, 'Eure-et-Loir', 75),
(1224, 'Feucherolles', 75),
(1225, 'Finistere', 75),
(1226, 'Franche-Comte', 75),
(1227, 'Gard', 75),
(1228, 'Gers', 75),
(1229, 'Gironde', 75),
(1230, 'Haut-Rhin', 75),
(1231, 'Haute-Corse', 75),
(1232, 'Haute-Garonne', 75),
(1233, 'Haute-Loire', 75),
(1234, 'Haute-Marne', 75),
(1235, 'Haute-Saone', 75),
(1236, 'Haute-Savoie', 75),
(1237, 'Haute-Vienne', 75),
(1238, 'Hautes-Alpes', 75),
(1239, 'Hautes-Pyrenees', 75),
(1240, 'Hauts-de-Seine', 75),
(1241, 'Herault', 75),
(1242, 'Ile-de-France', 75),
(1243, 'Ille-et-Vilaine', 75),
(1244, 'Indre', 75),
(1245, 'Indre-et-Loire', 75),
(1246, 'Isere', 75),
(1247, 'Jura', 75),
(1248, 'Klagenfurt', 75),
(1249, 'Landes', 75),
(1250, 'Languedoc-Roussillon', 75),
(1251, 'Larcay', 75),
(1252, 'Le Castellet', 75),
(1253, 'Le Creusot', 75),
(1254, 'Limousin', 75),
(1255, 'Loir-et-Cher', 75),
(1256, 'Loire', 75),
(1257, 'Loire-Atlantique', 75),
(1258, 'Loiret', 75),
(1259, 'Lorraine', 75),
(1260, 'Lot', 75),
(1261, 'Lot-et-Garonne', 75),
(1262, 'Lower Normandy', 75),
(1263, 'Lozere', 75),
(1264, 'Maine-et-Loire', 75),
(1265, 'Manche', 75),
(1266, 'Marne', 75),
(1267, 'Mayenne', 75),
(1268, 'Meurthe-et-Moselle', 75),
(1269, 'Meuse', 75),
(1270, 'Midi-Pyrenees', 75),
(1271, 'Morbihan', 75),
(1272, 'Moselle', 75),
(1273, 'Nievre', 75),
(1274, 'Nord', 75),
(1275, 'Nord-Pas-de-Calais', 75),
(1276, 'Oise', 75),
(1277, 'Orne', 75),
(1278, 'Paris', 75),
(1279, 'Pas-de-Calais', 75),
(1280, 'Pays de la Loire', 75),
(1281, 'Pays-de-la-Loire', 75),
(1282, 'Picardy', 75),
(1283, 'Puy-de-Dome', 75),
(1284, 'Pyrenees-Atlantiques', 75),
(1285, 'Pyrenees-Orientales', 75),
(1286, 'Quelmes', 75),
(1287, 'Rhone', 75),
(1288, 'Rhone-Alpes', 75),
(1289, 'Saint Ouen', 75),
(1290, 'Saint Viatre', 75),
(1291, 'Saone-et-Loire', 75),
(1292, 'Sarthe', 75),
(1293, 'Savoie', 75),
(1294, 'Seine-Maritime', 75),
(1295, 'Seine-Saint-Denis', 75),
(1296, 'Seine-et-Marne', 75),
(1297, 'Somme', 75),
(1298, 'Sophia Antipolis', 75),
(1299, 'Souvans', 75),
(1300, 'Tarn', 75),
(1301, 'Tarn-et-Garonne', 75),
(1302, 'Territoire de Belfort', 75),
(1303, 'Treignac', 75),
(1304, 'Upper Normandy', 75),
(1305, 'Val-d\'Oise', 75),
(1306, 'Val-de-Marne', 75),
(1307, 'Var', 75),
(1308, 'Vaucluse', 75),
(1309, 'Vellise', 75),
(1310, 'Vendee', 75),
(1311, 'Vienne', 75),
(1312, 'Vosges', 75),
(1313, 'Yonne', 75),
(1314, 'Yvelines', 75),
(1315, 'Cayenne', 76),
(1316, 'Saint-Laurent-du-Maroni', 76),
(1317, 'Iles du Vent', 77),
(1318, 'Iles sous le Vent', 77),
(1319, 'Marquesas', 77),
(1320, 'Tuamotu', 77),
(1321, 'Tubuai', 77),
(1322, 'Amsterdam', 78),
(1323, 'Crozet Islands', 78),
(1324, 'Kerguelen', 78),
(1325, 'Estuaire', 79),
(1326, 'Haut-Ogooue', 79),
(1327, 'Moyen-Ogooue', 79),
(1328, 'Ngounie', 79),
(1329, 'Nyanga', 79),
(1330, 'Ogooue-Ivindo', 79),
(1331, 'Ogooue-Lolo', 79),
(1332, 'Ogooue-Maritime', 79),
(1333, 'Woleu-Ntem', 79),
(1334, 'Banjul', 80),
(1335, 'Basse', 80),
(1336, 'Brikama', 80),
(1337, 'Janjanbureh', 80),
(1338, 'Kanifing', 80),
(1339, 'Kerewan', 80),
(1340, 'Kuntaur', 80),
(1341, 'Mansakonko', 80),
(1342, 'Abhasia', 81),
(1343, 'Ajaria', 81),
(1344, 'Guria', 81),
(1345, 'Imereti', 81),
(1346, 'Kaheti', 81),
(1347, 'Kvemo Kartli', 81),
(1348, 'Mcheta-Mtianeti', 81),
(1349, 'Racha', 81),
(1350, 'Samagrelo-Zemo Svaneti', 81),
(1351, 'Samche-Zhavaheti', 81),
(1352, 'Shida Kartli', 81),
(1353, 'Tbilisi', 81),
(1354, 'Auvergne', 82),
(1355, 'Baden-Wurttemberg', 82),
(1356, 'Bavaria', 82),
(1357, 'Bayern', 82),
(1358, 'Beilstein Wurtt', 82),
(1359, 'Berlin', 82),
(1360, 'Brandenburg', 82),
(1361, 'Bremen', 82),
(1362, 'Dreisbach', 82),
(1363, 'Freistaat Bayern', 82),
(1364, 'Hamburg', 82),
(1365, 'Hannover', 82),
(1366, 'Heroldstatt', 82),
(1367, 'Hessen', 82),
(1368, 'Kortenberg', 82),
(1369, 'Laasdorf', 82),
(1370, 'Land Baden-Wurttemberg', 82),
(1371, 'Land Bayern', 82),
(1372, 'Land Brandenburg', 82),
(1373, 'Land Hessen', 82),
(1374, 'Land Mecklenburg-Vorpommern', 82),
(1375, 'Land Nordrhein-Westfalen', 82),
(1376, 'Land Rheinland-Pfalz', 82),
(1377, 'Land Sachsen', 82),
(1378, 'Land Sachsen-Anhalt', 82),
(1379, 'Land Thuringen', 82),
(1380, 'Lower Saxony', 82),
(1381, 'Mecklenburg-Vorpommern', 82),
(1382, 'Mulfingen', 82),
(1383, 'Munich', 82),
(1384, 'Neubeuern', 82),
(1385, 'Niedersachsen', 82),
(1386, 'Noord-Holland', 82),
(1387, 'Nordrhein-Westfalen', 82),
(1388, 'North Rhine-Westphalia', 82),
(1389, 'Osterode', 82),
(1390, 'Rheinland-Pfalz', 82),
(1391, 'Rhineland-Palatinate', 82),
(1392, 'Saarland', 82),
(1393, 'Sachsen', 82),
(1394, 'Sachsen-Anhalt', 82),
(1395, 'Saxony', 82),
(1396, 'Schleswig-Holstein', 82),
(1397, 'Thuringia', 82),
(1398, 'Webling', 82),
(1399, 'Weinstrabe', 82),
(1400, 'schlobborn', 82),
(1401, 'Ashanti', 83),
(1402, 'Brong-Ahafo', 83),
(1403, 'Central', 83),
(1404, 'Eastern', 83),
(1405, 'Greater Accra', 83),
(1406, 'Northern', 83),
(1407, 'Upper East', 83),
(1408, 'Upper West', 83),
(1409, 'Volta', 83),
(1410, 'Western', 83),
(1411, 'Gibraltar', 84),
(1412, 'Acharnes', 85),
(1413, 'Ahaia', 85),
(1414, 'Aitolia kai Akarnania', 85),
(1415, 'Argolis', 85),
(1416, 'Arkadia', 85),
(1417, 'Arta', 85),
(1418, 'Attica', 85),
(1419, 'Attiki', 85),
(1420, 'Ayion Oros', 85),
(1421, 'Crete', 85),
(1422, 'Dodekanisos', 85),
(1423, 'Drama', 85),
(1424, 'Evia', 85),
(1425, 'Evritania', 85),
(1426, 'Evros', 85),
(1427, 'Evvoia', 85),
(1428, 'Florina', 85),
(1429, 'Fokis', 85),
(1430, 'Fthiotis', 85),
(1431, 'Grevena', 85),
(1432, 'Halandri', 85),
(1433, 'Halkidiki', 85),
(1434, 'Hania', 85),
(1435, 'Heraklion', 85),
(1436, 'Hios', 85),
(1437, 'Ilia', 85),
(1438, 'Imathia', 85),
(1439, 'Ioannina', 85),
(1440, 'Iraklion', 85),
(1441, 'Karditsa', 85),
(1442, 'Kastoria', 85),
(1443, 'Kavala', 85),
(1444, 'Kefallinia', 85),
(1445, 'Kerkira', 85),
(1446, 'Kiklades', 85),
(1447, 'Kilkis', 85),
(1448, 'Korinthia', 85),
(1449, 'Kozani', 85),
(1450, 'Lakonia', 85),
(1451, 'Larisa', 85),
(1452, 'Lasithi', 85),
(1453, 'Lesvos', 85),
(1454, 'Levkas', 85),
(1455, 'Magnisia', 85),
(1456, 'Messinia', 85),
(1457, 'Nomos Attikis', 85),
(1458, 'Nomos Zakynthou', 85),
(1459, 'Pella', 85),
(1460, 'Pieria', 85),
(1461, 'Piraios', 85),
(1462, 'Preveza', 85),
(1463, 'Rethimni', 85),
(1464, 'Rodopi', 85),
(1465, 'Samos', 85),
(1466, 'Serrai', 85),
(1467, 'Thesprotia', 85),
(1468, 'Thessaloniki', 85),
(1469, 'Trikala', 85),
(1470, 'Voiotia', 85),
(1471, 'West Greece', 85),
(1472, 'Xanthi', 85),
(1473, 'Zakinthos', 85),
(1474, 'Aasiaat', 86),
(1475, 'Ammassalik', 86),
(1476, 'Illoqqortoormiut', 86),
(1477, 'Ilulissat', 86),
(1478, 'Ivittuut', 86),
(1479, 'Kangaatsiaq', 86),
(1480, 'Maniitsoq', 86),
(1481, 'Nanortalik', 86),
(1482, 'Narsaq', 86),
(1483, 'Nuuk', 86),
(1484, 'Paamiut', 86),
(1485, 'Qaanaaq', 86),
(1486, 'Qaqortoq', 86),
(1487, 'Qasigiannguit', 86),
(1488, 'Qeqertarsuaq', 86),
(1489, 'Sisimiut', 86),
(1490, 'Udenfor kommunal inddeling', 86),
(1491, 'Upernavik', 86),
(1492, 'Uummannaq', 86),
(1493, 'Carriacou-Petite Martinique', 87),
(1494, 'Saint Andrew', 87),
(1495, 'Saint Davids', 87),
(1496, 'Saint George\'s', 87),
(1497, 'Saint John', 87),
(1498, 'Saint Mark', 87),
(1499, 'Saint Patrick', 87),
(1500, 'Basse-Terre', 88),
(1501, 'Grande-Terre', 88),
(1502, 'Iles des Saintes', 88),
(1503, 'La Desirade', 88),
(1504, 'Marie-Galante', 88),
(1505, 'Saint Barthelemy', 88),
(1506, 'Saint Martin', 88),
(1507, 'Agana Heights', 89),
(1508, 'Agat', 89),
(1509, 'Barrigada', 89),
(1510, 'Chalan-Pago-Ordot', 89),
(1511, 'Dededo', 89),
(1512, 'Hagatna', 89),
(1513, 'Inarajan', 89),
(1514, 'Mangilao', 89),
(1515, 'Merizo', 89),
(1516, 'Mongmong-Toto-Maite', 89),
(1517, 'Santa Rita', 89),
(1518, 'Sinajana', 89),
(1519, 'Talofofo', 89),
(1520, 'Tamuning', 89),
(1521, 'Yigo', 89),
(1522, 'Yona', 89),
(1523, 'Alta Verapaz', 90),
(1524, 'Baja Verapaz', 90),
(1525, 'Chimaltenango', 90),
(1526, 'Chiquimula', 90),
(1527, 'El Progreso', 90),
(1528, 'Escuintla', 90),
(1529, 'Guatemala', 90),
(1530, 'Huehuetenango', 90),
(1531, 'Izabal', 90),
(1532, 'Jalapa', 90),
(1533, 'Jutiapa', 90),
(1534, 'Peten', 90),
(1535, 'Quezaltenango', 90),
(1536, 'Quiche', 90),
(1537, 'Retalhuleu', 90),
(1538, 'Sacatepequez', 90),
(1539, 'San Marcos', 90),
(1540, 'Santa Rosa', 90),
(1541, 'Solola', 90),
(1542, 'Suchitepequez', 90),
(1543, 'Totonicapan', 90),
(1544, 'Zacapa', 90),
(1545, 'Alderney', 91),
(1546, 'Castel', 91),
(1547, 'Forest', 91),
(1548, 'Saint Andrew', 91),
(1549, 'Saint Martin', 91),
(1550, 'Saint Peter Port', 91),
(1551, 'Saint Pierre du Bois', 91),
(1552, 'Saint Sampson', 91),
(1553, 'Saint Saviour', 91),
(1554, 'Sark', 91),
(1555, 'Torteval', 91),
(1556, 'Vale', 91),
(1557, 'Beyla', 92),
(1558, 'Boffa', 92),
(1559, 'Boke', 92),
(1560, 'Conakry', 92),
(1561, 'Coyah', 92),
(1562, 'Dabola', 92),
(1563, 'Dalaba', 92),
(1564, 'Dinguiraye', 92),
(1565, 'Faranah', 92),
(1566, 'Forecariah', 92),
(1567, 'Fria', 92),
(1568, 'Gaoual', 92),
(1569, 'Gueckedou', 92),
(1570, 'Kankan', 92),
(1571, 'Kerouane', 92),
(1572, 'Kindia', 92),
(1573, 'Kissidougou', 92),
(1574, 'Koubia', 92),
(1575, 'Koundara', 92),
(1576, 'Kouroussa', 92),
(1577, 'Labe', 92),
(1578, 'Lola', 92),
(1579, 'Macenta', 92),
(1580, 'Mali', 92),
(1581, 'Mamou', 92),
(1582, 'Mandiana', 92),
(1583, 'Nzerekore', 92),
(1584, 'Pita', 92),
(1585, 'Siguiri', 92),
(1586, 'Telimele', 92),
(1587, 'Tougue', 92),
(1588, 'Yomou', 92),
(1589, 'Bafata', 93),
(1590, 'Bissau', 93),
(1591, 'Bolama', 93),
(1592, 'Cacheu', 93),
(1593, 'Gabu', 93),
(1594, 'Oio', 93),
(1595, 'Quinara', 93),
(1596, 'Tombali', 93),
(1597, 'Barima-Waini', 94),
(1598, 'Cuyuni-Mazaruni', 94),
(1599, 'Demerara-Mahaica', 94),
(1600, 'East Berbice-Corentyne', 94),
(1601, 'Essequibo Islands-West Demerar', 94),
(1602, 'Mahaica-Berbice', 94),
(1603, 'Pomeroon-Supenaam', 94),
(1604, 'Potaro-Siparuni', 94),
(1605, 'Upper Demerara-Berbice', 94),
(1606, 'Upper Takutu-Upper Essequibo', 94),
(1607, 'Artibonite', 95),
(1608, 'Centre', 95),
(1609, 'Grand\'Anse', 95),
(1610, 'Nord', 95),
(1611, 'Nord-Est', 95),
(1612, 'Nord-Ouest', 95),
(1613, 'Ouest', 95),
(1614, 'Sud', 95),
(1615, 'Sud-Est', 95),
(1616, 'Heard and McDonald Islands', 96),
(1617, 'Atlantida', 97),
(1618, 'Choluteca', 97),
(1619, 'Colon', 97),
(1620, 'Comayagua', 97),
(1621, 'Copan', 97),
(1622, 'Cortes', 97),
(1623, 'Distrito Central', 97),
(1624, 'El Paraiso', 97),
(1625, 'Francisco Morazan', 97),
(1626, 'Gracias a Dios', 97),
(1627, 'Intibuca', 97),
(1628, 'Islas de la Bahia', 97),
(1629, 'La Paz', 97),
(1630, 'Lempira', 97),
(1631, 'Ocotepeque', 97),
(1632, 'Olancho', 97),
(1633, 'Santa Barbara', 97),
(1634, 'Valle', 97),
(1635, 'Yoro', 97),
(1636, 'Hong Kong', 98),
(1637, 'Bacs-Kiskun', 99),
(1638, 'Baranya', 99),
(1639, 'Bekes', 99),
(1640, 'Borsod-Abauj-Zemplen', 99),
(1641, 'Budapest', 99),
(1642, 'Csongrad', 99),
(1643, 'Fejer', 99),
(1644, 'Gyor-Moson-Sopron', 99),
(1645, 'Hajdu-Bihar', 99),
(1646, 'Heves', 99),
(1647, 'Jasz-Nagykun-Szolnok', 99),
(1648, 'Komarom-Esztergom', 99),
(1649, 'Nograd', 99),
(1650, 'Pest', 99),
(1651, 'Somogy', 99),
(1652, 'Szabolcs-Szatmar-Bereg', 99),
(1653, 'Tolna', 99),
(1654, 'Vas', 99),
(1655, 'Veszprem', 99),
(1656, 'Zala', 99),
(1657, 'Austurland', 100),
(1658, 'Gullbringusysla', 100),
(1659, 'Hofu borgarsva i', 100),
(1660, 'Nor urland eystra', 100),
(1661, 'Nor urland vestra', 100),
(1662, 'Su urland', 100),
(1663, 'Su urnes', 100),
(1664, 'Vestfir ir', 100),
(1665, 'Vesturland', 100),
(1666, 'Aceh', 102),
(1667, 'Bali', 102),
(1668, 'Bangka-Belitung', 102),
(1669, 'Banten', 102),
(1670, 'Bengkulu', 102),
(1671, 'Gandaria', 102),
(1672, 'Gorontalo', 102),
(1673, 'Jakarta', 102),
(1674, 'Jambi', 102),
(1675, 'Jawa Barat', 102),
(1676, 'Jawa Tengah', 102),
(1677, 'Jawa Timur', 102),
(1678, 'Kalimantan Barat', 102),
(1679, 'Kalimantan Selatan', 102),
(1680, 'Kalimantan Tengah', 102),
(1681, 'Kalimantan Timur', 102),
(1682, 'Kendal', 102),
(1683, 'Lampung', 102),
(1684, 'Maluku', 102),
(1685, 'Maluku Utara', 102),
(1686, 'Nusa Tenggara Barat', 102),
(1687, 'Nusa Tenggara Timur', 102),
(1688, 'Papua', 102),
(1689, 'Riau', 102),
(1690, 'Riau Kepulauan', 102),
(1691, 'Solo', 102),
(1692, 'Sulawesi Selatan', 102),
(1693, 'Sulawesi Tengah', 102),
(1694, 'Sulawesi Tenggara', 102),
(1695, 'Sulawesi Utara', 102),
(1696, 'Sumatera Barat', 102),
(1697, 'Sumatera Selatan', 102),
(1698, 'Sumatera Utara', 102),
(1699, 'Yogyakarta', 102),
(1700, 'Ardabil', 103),
(1701, 'Azarbayjan-e Bakhtari', 103),
(1702, 'Azarbayjan-e Khavari', 103),
(1703, 'Bushehr', 103),
(1704, 'Chahar Mahal-e Bakhtiari', 103),
(1705, 'Esfahan', 103),
(1706, 'Fars', 103),
(1707, 'Gilan', 103),
(1708, 'Golestan', 103),
(1709, 'Hamadan', 103),
(1710, 'Hormozgan', 103),
(1711, 'Ilam', 103),
(1712, 'Kerman', 103),
(1713, 'Kermanshah', 103),
(1714, 'Khorasan', 103),
(1715, 'Khuzestan', 103),
(1716, 'Kohgiluyeh-e Boyerahmad', 103),
(1717, 'Kordestan', 103),
(1718, 'Lorestan', 103),
(1719, 'Markazi', 103),
(1720, 'Mazandaran', 103),
(1721, 'Ostan-e Esfahan', 103),
(1722, 'Qazvin', 103),
(1723, 'Qom', 103),
(1724, 'Semnan', 103),
(1725, 'Sistan-e Baluchestan', 103),
(1726, 'Tehran', 103),
(1727, 'Yazd', 103),
(1728, 'Zanjan', 103),
(1729, 'Babil', 104),
(1730, 'Baghdad', 104),
(1731, 'Dahuk', 104),
(1732, 'Dhi Qar', 104),
(1733, 'Diyala', 104),
(1734, 'Erbil', 104),
(1735, 'Irbil', 104),
(1736, 'Karbala', 104),
(1737, 'Kurdistan', 104),
(1738, 'Maysan', 104),
(1739, 'Ninawa', 104),
(1740, 'Salah-ad-Din', 104),
(1741, 'Wasit', 104),
(1742, 'al-Anbar', 104),
(1743, 'al-Basrah', 104),
(1744, 'al-Muthanna', 104),
(1745, 'al-Qadisiyah', 104),
(1746, 'an-Najaf', 104),
(1747, 'as-Sulaymaniyah', 104),
(1748, 'at-Ta\'mim', 104),
(1749, 'Armagh', 105),
(1750, 'Carlow', 105),
(1751, 'Cavan', 105),
(1752, 'Clare', 105),
(1753, 'Cork', 105),
(1754, 'Donegal', 105),
(1755, 'Dublin', 105),
(1756, 'Galway', 105),
(1757, 'Kerry', 105),
(1758, 'Kildare', 105),
(1759, 'Kilkenny', 105),
(1760, 'Laois', 105),
(1761, 'Leinster', 105),
(1762, 'Leitrim', 105),
(1763, 'Limerick', 105),
(1764, 'Loch Garman', 105),
(1765, 'Longford', 105),
(1766, 'Louth', 105),
(1767, 'Mayo', 105),
(1768, 'Meath', 105),
(1769, 'Monaghan', 105),
(1770, 'Offaly', 105),
(1771, 'Roscommon', 105),
(1772, 'Sligo', 105),
(1773, 'Tipperary North Riding', 105),
(1774, 'Tipperary South Riding', 105),
(1775, 'Ulster', 105),
(1776, 'Waterford', 105),
(1777, 'Westmeath', 105),
(1778, 'Wexford', 105),
(1779, 'Wicklow', 105),
(1780, 'Beit Hanania', 106),
(1781, 'Ben Gurion Airport', 106),
(1782, 'Bethlehem', 106),
(1783, 'Caesarea', 106),
(1784, 'Centre', 106),
(1785, 'Gaza', 106),
(1786, 'Hadaron', 106),
(1787, 'Haifa District', 106),
(1788, 'Hamerkaz', 106),
(1789, 'Hazafon', 106),
(1790, 'Hebron', 106),
(1791, 'Jaffa', 106),
(1792, 'Jerusalem', 106),
(1793, 'Khefa', 106),
(1794, 'Kiryat Yam', 106),
(1795, 'Lower Galilee', 106),
(1796, 'Qalqilya', 106),
(1797, 'Talme Elazar', 106),
(1798, 'Tel Aviv', 106),
(1799, 'Tsafon', 106),
(1800, 'Umm El Fahem', 106),
(1801, 'Yerushalayim', 106),
(1802, 'Abruzzi', 107),
(1803, 'Abruzzo', 107),
(1804, 'Agrigento', 107),
(1805, 'Alessandria', 107),
(1806, 'Ancona', 107),
(1807, 'Arezzo', 107),
(1808, 'Ascoli Piceno', 107),
(1809, 'Asti', 107),
(1810, 'Avellino', 107),
(1811, 'Bari', 107),
(1812, 'Basilicata', 107),
(1813, 'Belluno', 107),
(1814, 'Benevento', 107),
(1815, 'Bergamo', 107),
(1816, 'Biella', 107),
(1817, 'Bologna', 107),
(1818, 'Bolzano', 107),
(1819, 'Brescia', 107),
(1820, 'Brindisi', 107),
(1821, 'Calabria', 107),
(1822, 'Campania', 107),
(1823, 'Cartoceto', 107),
(1824, 'Caserta', 107),
(1825, 'Catania', 107),
(1826, 'Chieti', 107),
(1827, 'Como', 107),
(1828, 'Cosenza', 107),
(1829, 'Cremona', 107),
(1830, 'Cuneo', 107),
(1831, 'Emilia-Romagna', 107),
(1832, 'Ferrara', 107),
(1833, 'Firenze', 107),
(1834, 'Florence', 107),
(1835, 'Forli-Cesena ', 107),
(1836, 'Friuli-Venezia Giulia', 107),
(1837, 'Frosinone', 107),
(1838, 'Genoa', 107),
(1839, 'Gorizia', 107),
(1840, 'L\'Aquila', 107),
(1841, 'Lazio', 107),
(1842, 'Lecce', 107),
(1843, 'Lecco', 107),
(1844, 'Lecco Province', 107),
(1845, 'Liguria', 107),
(1846, 'Lodi', 107),
(1847, 'Lombardia', 107),
(1848, 'Lombardy', 107),
(1849, 'Macerata', 107),
(1850, 'Mantova', 107),
(1851, 'Marche', 107),
(1852, 'Messina', 107),
(1853, 'Milan', 107),
(1854, 'Modena', 107),
(1855, 'Molise', 107),
(1856, 'Molteno', 107),
(1857, 'Montenegro', 107),
(1858, 'Monza and Brianza', 107),
(1859, 'Naples', 107),
(1860, 'Novara', 107),
(1861, 'Padova', 107),
(1862, 'Parma', 107),
(1863, 'Pavia', 107),
(1864, 'Perugia', 107),
(1865, 'Pesaro-Urbino', 107),
(1866, 'Piacenza', 107),
(1867, 'Piedmont', 107),
(1868, 'Piemonte', 107),
(1869, 'Pisa', 107),
(1870, 'Pordenone', 107),
(1871, 'Potenza', 107),
(1872, 'Puglia', 107),
(1873, 'Reggio Emilia', 107),
(1874, 'Rimini', 107),
(1875, 'Roma', 107),
(1876, 'Salerno', 107),
(1877, 'Sardegna', 107),
(1878, 'Sassari', 107),
(1879, 'Savona', 107),
(1880, 'Sicilia', 107),
(1881, 'Siena', 107),
(1882, 'Sondrio', 107),
(1883, 'South Tyrol', 107),
(1884, 'Taranto', 107),
(1885, 'Teramo', 107),
(1886, 'Torino', 107),
(1887, 'Toscana', 107),
(1888, 'Trapani', 107),
(1889, 'Trentino-Alto Adige', 107),
(1890, 'Trento', 107),
(1891, 'Treviso', 107),
(1892, 'Udine', 107),
(1893, 'Umbria', 107),
(1894, 'Valle d\'Aosta', 107),
(1895, 'Varese', 107),
(1896, 'Veneto', 107),
(1897, 'Venezia', 107),
(1898, 'Verbano-Cusio-Ossola', 107),
(1899, 'Vercelli', 107),
(1900, 'Verona', 107),
(1901, 'Vicenza', 107),
(1902, 'Viterbo', 107),
(1903, 'Buxoro Viloyati', 108),
(1904, 'Clarendon', 108),
(1905, 'Hanover', 108),
(1906, 'Kingston', 108),
(1907, 'Manchester', 108),
(1908, 'Portland', 108),
(1909, 'Saint Andrews', 108),
(1910, 'Saint Ann', 108),
(1911, 'Saint Catherine', 108),
(1912, 'Saint Elizabeth', 108),
(1913, 'Saint James', 108),
(1914, 'Saint Mary', 108),
(1915, 'Saint Thomas', 108),
(1916, 'Trelawney', 108),
(1917, 'Westmoreland', 108),
(1918, 'Aichi', 109),
(1919, 'Akita', 109),
(1920, 'Aomori', 109),
(1921, 'Chiba', 109),
(1922, 'Ehime', 109),
(1923, 'Fukui', 109),
(1924, 'Fukuoka', 109),
(1925, 'Fukushima', 109),
(1926, 'Gifu', 109),
(1927, 'Gumma', 109),
(1928, 'Hiroshima', 109),
(1929, 'Hokkaido', 109),
(1930, 'Hyogo', 109),
(1931, 'Ibaraki', 109),
(1932, 'Ishikawa', 109),
(1933, 'Iwate', 109),
(1934, 'Kagawa', 109),
(1935, 'Kagoshima', 109),
(1936, 'Kanagawa', 109),
(1937, 'Kanto', 109),
(1938, 'Kochi', 109),
(1939, 'Kumamoto', 109),
(1940, 'Kyoto', 109),
(1941, 'Mie', 109),
(1942, 'Miyagi', 109),
(1943, 'Miyazaki', 109),
(1944, 'Nagano', 109),
(1945, 'Nagasaki', 109),
(1946, 'Nara', 109),
(1947, 'Niigata', 109),
(1948, 'Oita', 109),
(1949, 'Okayama', 109),
(1950, 'Okinawa', 109),
(1951, 'Osaka', 109),
(1952, 'Saga', 109),
(1953, 'Saitama', 109),
(1954, 'Shiga', 109),
(1955, 'Shimane', 109),
(1956, 'Shizuoka', 109),
(1957, 'Tochigi', 109),
(1958, 'Tokushima', 109),
(1959, 'Tokyo', 109),
(1960, 'Tottori', 109),
(1961, 'Toyama', 109),
(1962, 'Wakayama', 109),
(1963, 'Yamagata', 109),
(1964, 'Yamaguchi', 109),
(1965, 'Yamanashi', 109),
(1966, 'Grouville', 110),
(1967, 'Saint Brelade', 110),
(1968, 'Saint Clement', 110),
(1969, 'Saint Helier', 110),
(1970, 'Saint John', 110),
(1971, 'Saint Lawrence', 110),
(1972, 'Saint Martin', 110),
(1973, 'Saint Mary', 110),
(1974, 'Saint Peter', 110),
(1975, 'Saint Saviour', 110),
(1976, 'Trinity', 110),
(1977, '\'Ajlun', 111),
(1978, 'Amman', 111),
(1979, 'Irbid', 111),
(1980, 'Jarash', 111),
(1981, 'Ma\'an', 111),
(1982, 'Madaba', 111),
(1983, 'al-\'Aqabah', 111),
(1984, 'al-Balqa\'', 111),
(1985, 'al-Karak', 111),
(1986, 'al-Mafraq', 111),
(1987, 'at-Tafilah', 111),
(1988, 'az-Zarqa\'', 111),
(1989, 'Akmecet', 112),
(1990, 'Akmola', 112),
(1991, 'Aktobe', 112),
(1992, 'Almati', 112),
(1993, 'Atirau', 112),
(1994, 'Batis Kazakstan', 112),
(1995, 'Burlinsky Region', 112),
(1996, 'Karagandi', 112),
(1997, 'Kostanay', 112),
(1998, 'Mankistau', 112),
(1999, 'Ontustik Kazakstan', 112),
(2000, 'Pavlodar', 112),
(2001, 'Sigis Kazakstan', 112),
(2002, 'Soltustik Kazakstan', 112),
(2003, 'Taraz', 112),
(2004, 'Central', 113),
(2005, 'Coast', 113),
(2006, 'Eastern', 113),
(2007, 'Nairobi', 113),
(2008, 'North Eastern', 113),
(2009, 'Nyanza', 113),
(2010, 'Rift Valley', 113),
(2011, 'Western', 113),
(2012, 'Abaiang', 114),
(2013, 'Abemana', 114),
(2014, 'Aranuka', 114),
(2015, 'Arorae', 114),
(2016, 'Banaba', 114),
(2017, 'Beru', 114),
(2018, 'Butaritari', 114),
(2019, 'Kiritimati', 114),
(2020, 'Kuria', 114),
(2021, 'Maiana', 114),
(2022, 'Makin', 114),
(2023, 'Marakei', 114),
(2024, 'Nikunau', 114),
(2025, 'Nonouti', 114),
(2026, 'Onotoa', 114),
(2027, 'Phoenix Islands', 114),
(2028, 'Tabiteuea North', 114),
(2029, 'Tabiteuea South', 114),
(2030, 'Tabuaeran', 114),
(2031, 'Tamana', 114),
(2032, 'Tarawa North', 114),
(2033, 'Tarawa South', 114),
(2034, 'Teraina', 114),
(2035, 'Chagangdo', 115),
(2036, 'Hamgyeongbukto', 115),
(2037, 'Hamgyeongnamdo', 115),
(2038, 'Hwanghaebukto', 115),
(2039, 'Hwanghaenamdo', 115),
(2040, 'Kaeseong', 115),
(2041, 'Kangweon', 115),
(2042, 'Nampo', 115),
(2043, 'Pyeonganbukto', 115),
(2044, 'Pyeongannamdo', 115),
(2045, 'Pyeongyang', 115),
(2046, 'Yanggang', 115),
(2047, 'Busan', 116),
(2048, 'Cheju', 116),
(2049, 'Chollabuk', 116),
(2050, 'Chollanam', 116),
(2051, 'Chungbuk', 116),
(2052, 'Chungcheongbuk', 116),
(2053, 'Chungcheongnam', 116),
(2054, 'Chungnam', 116),
(2055, 'Daegu', 116),
(2056, 'Gangwon-do', 116),
(2057, 'Goyang-si', 116),
(2058, 'Gyeonggi-do', 116),
(2059, 'Gyeongsang ', 116),
(2060, 'Gyeongsangnam-do', 116),
(2061, 'Incheon', 116),
(2062, 'Jeju-Si', 116),
(2063, 'Jeonbuk', 116),
(2064, 'Kangweon', 116),
(2065, 'Kwangju', 116),
(2066, 'Kyeonggi', 116),
(2067, 'Kyeongsangbuk', 116),
(2068, 'Kyeongsangnam', 116),
(2069, 'Kyonggi-do', 116),
(2070, 'Kyungbuk-Do', 116),
(2071, 'Kyunggi-Do', 116),
(2072, 'Kyunggi-do', 116),
(2073, 'Pusan', 116),
(2074, 'Seoul', 116),
(2075, 'Sudogwon', 116),
(2076, 'Taegu', 116),
(2077, 'Taejeon', 116),
(2078, 'Taejon-gwangyoksi', 116),
(2079, 'Ulsan', 116),
(2080, 'Wonju', 116),
(2081, 'gwangyoksi', 116),
(2082, 'Al Asimah', 117),
(2083, 'Hawalli', 117),
(2084, 'Mishref', 117),
(2085, 'Qadesiya', 117),
(2086, 'Safat', 117),
(2087, 'Salmiya', 117),
(2088, 'al-Ahmadi', 117),
(2089, 'al-Farwaniyah', 117),
(2090, 'al-Jahra', 117),
(2091, 'al-Kuwayt', 117),
(2092, 'Batken', 118),
(2093, 'Bishkek', 118),
(2094, 'Chui', 118),
(2095, 'Issyk-Kul', 118),
(2096, 'Jalal-Abad', 118),
(2097, 'Naryn', 118),
(2098, 'Osh', 118),
(2099, 'Talas', 118),
(2100, 'Attopu', 119),
(2101, 'Bokeo', 119),
(2102, 'Bolikhamsay', 119),
(2103, 'Champasak', 119),
(2104, 'Houaphanh', 119),
(2105, 'Khammouane', 119),
(2106, 'Luang Nam Tha', 119),
(2107, 'Luang Prabang', 119),
(2108, 'Oudomxay', 119),
(2109, 'Phongsaly', 119),
(2110, 'Saravan', 119),
(2111, 'Savannakhet', 119),
(2112, 'Sekong', 119),
(2113, 'Viangchan Prefecture', 119),
(2114, 'Viangchan Province', 119),
(2115, 'Xaignabury', 119),
(2116, 'Xiang Khuang', 119),
(2117, 'Aizkraukles', 120),
(2118, 'Aluksnes', 120),
(2119, 'Balvu', 120),
(2120, 'Bauskas', 120),
(2121, 'Cesu', 120),
(2122, 'Daugavpils', 120),
(2123, 'Daugavpils City', 120),
(2124, 'Dobeles', 120),
(2125, 'Gulbenes', 120),
(2126, 'Jekabspils', 120),
(2127, 'Jelgava', 120),
(2128, 'Jelgavas', 120),
(2129, 'Jurmala City', 120),
(2130, 'Kraslavas', 120),
(2131, 'Kuldigas', 120),
(2132, 'Liepaja', 120),
(2133, 'Liepajas', 120),
(2134, 'Limbazhu', 120),
(2135, 'Ludzas', 120),
(2136, 'Madonas', 120),
(2137, 'Ogres', 120),
(2138, 'Preilu', 120),
(2139, 'Rezekne', 120),
(2140, 'Rezeknes', 120),
(2141, 'Riga', 120),
(2142, 'Rigas', 120),
(2143, 'Saldus', 120),
(2144, 'Talsu', 120),
(2145, 'Tukuma', 120),
(2146, 'Valkas', 120),
(2147, 'Valmieras', 120),
(2148, 'Ventspils', 120),
(2149, 'Ventspils City', 120),
(2150, 'Beirut', 121),
(2151, 'Jabal Lubnan', 121),
(2152, 'Mohafazat Liban-Nord', 121),
(2153, 'Mohafazat Mont-Liban', 121),
(2154, 'Sidon', 121),
(2155, 'al-Biqa', 121),
(2156, 'al-Janub', 121),
(2157, 'an-Nabatiyah', 121),
(2158, 'ash-Shamal', 121),
(2159, 'Berea', 122),
(2160, 'Butha-Buthe', 122),
(2161, 'Leribe', 122),
(2162, 'Mafeteng', 122),
(2163, 'Maseru', 122),
(2164, 'Mohale\'s Hoek', 122),
(2165, 'Mokhotlong', 122),
(2166, 'Qacha\'s Nek', 122),
(2167, 'Quthing', 122),
(2168, 'Thaba-Tseka', 122),
(2169, 'Bomi', 123),
(2170, 'Bong', 123),
(2171, 'Grand Bassa', 123),
(2172, 'Grand Cape Mount', 123),
(2173, 'Grand Gedeh', 123),
(2174, 'Loffa', 123),
(2175, 'Margibi', 123),
(2176, 'Maryland and Grand Kru', 123),
(2177, 'Montserrado', 123),
(2178, 'Nimba', 123),
(2179, 'Rivercess', 123),
(2180, 'Sinoe', 123),
(2181, 'Ajdabiya', 124);
INSERT INTO `states` (`id`, `name`, `country_id`) VALUES
(2182, 'Fezzan', 124),
(2183, 'Banghazi', 124),
(2184, 'Darnah', 124),
(2185, 'Ghadamis', 124),
(2186, 'Gharyan', 124),
(2187, 'Misratah', 124),
(2188, 'Murzuq', 124),
(2189, 'Sabha', 124),
(2190, 'Sawfajjin', 124),
(2191, 'Surt', 124),
(2192, 'Tarabulus', 124),
(2193, 'Tarhunah', 124),
(2194, 'Tripolitania', 124),
(2195, 'Tubruq', 124),
(2196, 'Yafran', 124),
(2197, 'Zlitan', 124),
(2198, 'al-\'Aziziyah', 124),
(2199, 'al-Fatih', 124),
(2200, 'al-Jabal al Akhdar', 124),
(2201, 'al-Jufrah', 124),
(2202, 'al-Khums', 124),
(2203, 'al-Kufrah', 124),
(2204, 'an-Nuqat al-Khams', 124),
(2205, 'ash-Shati\'', 124),
(2206, 'az-Zawiyah', 124),
(2207, 'Balzers', 125),
(2208, 'Eschen', 125),
(2209, 'Gamprin', 125),
(2210, 'Mauren', 125),
(2211, 'Planken', 125),
(2212, 'Ruggell', 125),
(2213, 'Schaan', 125),
(2214, 'Schellenberg', 125),
(2215, 'Triesen', 125),
(2216, 'Triesenberg', 125),
(2217, 'Vaduz', 125),
(2218, 'Alytaus', 126),
(2219, 'Anyksciai', 126),
(2220, 'Kauno', 126),
(2221, 'Klaipedos', 126),
(2222, 'Marijampoles', 126),
(2223, 'Panevezhio', 126),
(2224, 'Panevezys', 126),
(2225, 'Shiauliu', 126),
(2226, 'Taurages', 126),
(2227, 'Telshiu', 126),
(2228, 'Telsiai', 126),
(2229, 'Utenos', 126),
(2230, 'Vilniaus', 126),
(2231, 'Capellen', 127),
(2232, 'Clervaux', 127),
(2233, 'Diekirch', 127),
(2234, 'Echternach', 127),
(2235, 'Esch-sur-Alzette', 127),
(2236, 'Grevenmacher', 127),
(2237, 'Luxembourg', 127),
(2238, 'Mersch', 127),
(2239, 'Redange', 127),
(2240, 'Remich', 127),
(2241, 'Vianden', 127),
(2242, 'Wiltz', 127),
(2243, 'Macau', 128),
(2244, 'Berovo', 129),
(2245, 'Bitola', 129),
(2246, 'Brod', 129),
(2247, 'Debar', 129),
(2248, 'Delchevo', 129),
(2249, 'Demir Hisar', 129),
(2250, 'Gevgelija', 129),
(2251, 'Gostivar', 129),
(2252, 'Kavadarci', 129),
(2253, 'Kichevo', 129),
(2254, 'Kochani', 129),
(2255, 'Kratovo', 129),
(2256, 'Kriva Palanka', 129),
(2257, 'Krushevo', 129),
(2258, 'Kumanovo', 129),
(2259, 'Negotino', 129),
(2260, 'Ohrid', 129),
(2261, 'Prilep', 129),
(2262, 'Probishtip', 129),
(2263, 'Radovish', 129),
(2264, 'Resen', 129),
(2265, 'Shtip', 129),
(2266, 'Skopje', 129),
(2267, 'Struga', 129),
(2268, 'Strumica', 129),
(2269, 'Sveti Nikole', 129),
(2270, 'Tetovo', 129),
(2271, 'Valandovo', 129),
(2272, 'Veles', 129),
(2273, 'Vinica', 129),
(2274, 'Antananarivo', 130),
(2275, 'Antsiranana', 130),
(2276, 'Fianarantsoa', 130),
(2277, 'Mahajanga', 130),
(2278, 'Toamasina', 130),
(2279, 'Toliary', 130),
(2280, 'Balaka', 131),
(2281, 'Blantyre City', 131),
(2282, 'Chikwawa', 131),
(2283, 'Chiradzulu', 131),
(2284, 'Chitipa', 131),
(2285, 'Dedza', 131),
(2286, 'Dowa', 131),
(2287, 'Karonga', 131),
(2288, 'Kasungu', 131),
(2289, 'Lilongwe City', 131),
(2290, 'Machinga', 131),
(2291, 'Mangochi', 131),
(2292, 'Mchinji', 131),
(2293, 'Mulanje', 131),
(2294, 'Mwanza', 131),
(2295, 'Mzimba', 131),
(2296, 'Mzuzu City', 131),
(2297, 'Nkhata Bay', 131),
(2298, 'Nkhotakota', 131),
(2299, 'Nsanje', 131),
(2300, 'Ntcheu', 131),
(2301, 'Ntchisi', 131),
(2302, 'Phalombe', 131),
(2303, 'Rumphi', 131),
(2304, 'Salima', 131),
(2305, 'Thyolo', 131),
(2306, 'Zomba Municipality', 131),
(2307, 'Johor', 132),
(2308, 'Kedah', 132),
(2309, 'Kelantan', 132),
(2310, 'Kuala Lumpur', 132),
(2311, 'Labuan', 132),
(2312, 'Melaka', 132),
(2313, 'Negeri Johor', 132),
(2314, 'Negeri Sembilan', 132),
(2315, 'Pahang', 132),
(2316, 'Penang', 132),
(2317, 'Perak', 132),
(2318, 'Perlis', 132),
(2319, 'Pulau Pinang', 132),
(2320, 'Sabah', 132),
(2321, 'Sarawak', 132),
(2322, 'Selangor', 132),
(2323, 'Sembilan', 132),
(2324, 'Terengganu', 132),
(2325, 'Alif Alif', 133),
(2326, 'Alif Dhaal', 133),
(2327, 'Baa', 133),
(2328, 'Dhaal', 133),
(2329, 'Faaf', 133),
(2330, 'Gaaf Alif', 133),
(2331, 'Gaaf Dhaal', 133),
(2332, 'Ghaviyani', 133),
(2333, 'Haa Alif', 133),
(2334, 'Haa Dhaal', 133),
(2335, 'Kaaf', 133),
(2336, 'Laam', 133),
(2337, 'Lhaviyani', 133),
(2338, 'Male', 133),
(2339, 'Miim', 133),
(2340, 'Nuun', 133),
(2341, 'Raa', 133),
(2342, 'Shaviyani', 133),
(2343, 'Siin', 133),
(2344, 'Thaa', 133),
(2345, 'Vaav', 133),
(2346, 'Bamako', 134),
(2347, 'Gao', 134),
(2348, 'Kayes', 134),
(2349, 'Kidal', 134),
(2350, 'Koulikoro', 134),
(2351, 'Mopti', 134),
(2352, 'Segou', 134),
(2353, 'Sikasso', 134),
(2354, 'Tombouctou', 134),
(2355, 'Gozo and Comino', 135),
(2356, 'Inner Harbour', 135),
(2357, 'Northern', 135),
(2358, 'Outer Harbour', 135),
(2359, 'South Eastern', 135),
(2360, 'Valletta', 135),
(2361, 'Western', 135),
(2362, 'Castletown', 136),
(2363, 'Douglas', 136),
(2364, 'Laxey', 136),
(2365, 'Onchan', 136),
(2366, 'Peel', 136),
(2367, 'Port Erin', 136),
(2368, 'Port Saint Mary', 136),
(2369, 'Ramsey', 136),
(2370, 'Ailinlaplap', 137),
(2371, 'Ailuk', 137),
(2372, 'Arno', 137),
(2373, 'Aur', 137),
(2374, 'Bikini', 137),
(2375, 'Ebon', 137),
(2376, 'Enewetak', 137),
(2377, 'Jabat', 137),
(2378, 'Jaluit', 137),
(2379, 'Kili', 137),
(2380, 'Kwajalein', 137),
(2381, 'Lae', 137),
(2382, 'Lib', 137),
(2383, 'Likiep', 137),
(2384, 'Majuro', 137),
(2385, 'Maloelap', 137),
(2386, 'Mejit', 137),
(2387, 'Mili', 137),
(2388, 'Namorik', 137),
(2389, 'Namu', 137),
(2390, 'Rongelap', 137),
(2391, 'Ujae', 137),
(2392, 'Utrik', 137),
(2393, 'Wotho', 137),
(2394, 'Wotje', 137),
(2395, 'Fort-de-France', 138),
(2396, 'La Trinite', 138),
(2397, 'Le Marin', 138),
(2398, 'Saint-Pierre', 138),
(2399, 'Adrar', 139),
(2400, 'Assaba', 139),
(2401, 'Brakna', 139),
(2402, 'Dhakhlat Nawadibu', 139),
(2403, 'Hudh-al-Gharbi', 139),
(2404, 'Hudh-ash-Sharqi', 139),
(2405, 'Inshiri', 139),
(2406, 'Nawakshut', 139),
(2407, 'Qidimagha', 139),
(2408, 'Qurqul', 139),
(2409, 'Taqant', 139),
(2410, 'Tiris Zammur', 139),
(2411, 'Trarza', 139),
(2412, 'Black River', 140),
(2413, 'Eau Coulee', 140),
(2414, 'Flacq', 140),
(2415, 'Floreal', 140),
(2416, 'Grand Port', 140),
(2417, 'Moka', 140),
(2418, 'Pamplempousses', 140),
(2419, 'Plaines Wilhelm', 140),
(2420, 'Port Louis', 140),
(2421, 'Riviere du Rempart', 140),
(2422, 'Rodrigues', 140),
(2423, 'Rose Hill', 140),
(2424, 'Savanne', 140),
(2425, 'Mayotte', 141),
(2426, 'Pamanzi', 141),
(2427, 'Aguascalientes', 142),
(2428, 'Baja California', 142),
(2429, 'Baja California Sur', 142),
(2430, 'Campeche', 142),
(2431, 'Chiapas', 142),
(2432, 'Chihuahua', 142),
(2433, 'Coahuila', 142),
(2434, 'Colima', 142),
(2435, 'Distrito Federal', 142),
(2436, 'Durango', 142),
(2437, 'Estado de Mexico', 142),
(2438, 'Guanajuato', 142),
(2439, 'Guerrero', 142),
(2440, 'Hidalgo', 142),
(2441, 'Jalisco', 142),
(2442, 'Mexico', 142),
(2443, 'Michoacan', 142),
(2444, 'Morelos', 142),
(2445, 'Nayarit', 142),
(2446, 'Nuevo Leon', 142),
(2447, 'Oaxaca', 142),
(2448, 'Puebla', 142),
(2449, 'Queretaro', 142),
(2450, 'Quintana Roo', 142),
(2451, 'San Luis Potosi', 142),
(2452, 'Sinaloa', 142),
(2453, 'Sonora', 142),
(2454, 'Tabasco', 142),
(2455, 'Tamaulipas', 142),
(2456, 'Tlaxcala', 142),
(2457, 'Veracruz', 142),
(2458, 'Yucatan', 142),
(2459, 'Zacatecas', 142),
(2460, 'Chuuk', 143),
(2461, 'Kusaie', 143),
(2462, 'Pohnpei', 143),
(2463, 'Yap', 143),
(2464, 'Balti', 144),
(2465, 'Cahul', 144),
(2466, 'Chisinau', 144),
(2467, 'Chisinau Oras', 144),
(2468, 'Edinet', 144),
(2469, 'Gagauzia', 144),
(2470, 'Lapusna', 144),
(2471, 'Orhei', 144),
(2472, 'Soroca', 144),
(2473, 'Taraclia', 144),
(2474, 'Tighina', 144),
(2475, 'Transnistria', 144),
(2476, 'Ungheni', 144),
(2477, 'Fontvieille', 145),
(2478, 'La Condamine', 145),
(2479, 'Monaco-Ville', 145),
(2480, 'Monte Carlo', 145),
(2481, 'Arhangaj', 146),
(2482, 'Bajan-Olgij', 146),
(2483, 'Bajanhongor', 146),
(2484, 'Bulgan', 146),
(2485, 'Darhan-Uul', 146),
(2486, 'Dornod', 146),
(2487, 'Dornogovi', 146),
(2488, 'Dundgovi', 146),
(2489, 'Govi-Altaj', 146),
(2490, 'Govisumber', 146),
(2491, 'Hentij', 146),
(2492, 'Hovd', 146),
(2493, 'Hovsgol', 146),
(2494, 'Omnogovi', 146),
(2495, 'Orhon', 146),
(2496, 'Ovorhangaj', 146),
(2497, 'Selenge', 146),
(2498, 'Suhbaatar', 146),
(2499, 'Tov', 146),
(2500, 'Ulaanbaatar', 146),
(2501, 'Uvs', 146),
(2502, 'Zavhan', 146),
(2503, 'Montserrat', 147),
(2504, 'Agadir', 148),
(2505, 'Casablanca', 148),
(2506, 'Chaouia-Ouardigha', 148),
(2507, 'Doukkala-Abda', 148),
(2508, 'Fes-Boulemane', 148),
(2509, 'Gharb-Chrarda-Beni Hssen', 148),
(2510, 'Guelmim', 148),
(2511, 'Kenitra', 148),
(2512, 'Marrakech-Tensift-Al Haouz', 148),
(2513, 'Meknes-Tafilalet', 148),
(2514, 'Oriental', 148),
(2515, 'Oujda', 148),
(2516, 'Province de Tanger', 148),
(2517, 'Rabat-Sale-Zammour-Zaer', 148),
(2518, 'Sala Al Jadida', 148),
(2519, 'Settat', 148),
(2520, 'Souss Massa-Draa', 148),
(2521, 'Tadla-Azilal', 148),
(2522, 'Tangier-Tetouan', 148),
(2523, 'Taza-Al Hoceima-Taounate', 148),
(2524, 'Wilaya de Casablanca', 148),
(2525, 'Wilaya de Rabat-Sale', 148),
(2526, 'Cabo Delgado', 149),
(2527, 'Gaza', 149),
(2528, 'Inhambane', 149),
(2529, 'Manica', 149),
(2530, 'Maputo', 149),
(2531, 'Maputo Provincia', 149),
(2532, 'Nampula', 149),
(2533, 'Niassa', 149),
(2534, 'Sofala', 149),
(2535, 'Tete', 149),
(2536, 'Zambezia', 149),
(2537, 'Ayeyarwady', 150),
(2538, 'Bago', 150),
(2539, 'Chin', 150),
(2540, 'Kachin', 150),
(2541, 'Kayah', 150),
(2542, 'Kayin', 150),
(2543, 'Magway', 150),
(2544, 'Mandalay', 150),
(2545, 'Mon', 150),
(2546, 'Nay Pyi Taw', 150),
(2547, 'Rakhine', 150),
(2548, 'Sagaing', 150),
(2549, 'Shan', 150),
(2550, 'Tanintharyi', 150),
(2551, 'Yangon', 150),
(2552, 'Caprivi', 151),
(2553, 'Erongo', 151),
(2554, 'Hardap', 151),
(2555, 'Karas', 151),
(2556, 'Kavango', 151),
(2557, 'Khomas', 151),
(2558, 'Kunene', 151),
(2559, 'Ohangwena', 151),
(2560, 'Omaheke', 151),
(2561, 'Omusati', 151),
(2562, 'Oshana', 151),
(2563, 'Oshikoto', 151),
(2564, 'Otjozondjupa', 151),
(2565, 'Yaren', 152),
(2566, 'Bagmati', 153),
(2567, 'Bheri', 153),
(2568, 'Dhawalagiri', 153),
(2569, 'Gandaki', 153),
(2570, 'Janakpur', 153),
(2571, 'Karnali', 153),
(2572, 'Koshi', 153),
(2573, 'Lumbini', 153),
(2574, 'Mahakali', 153),
(2575, 'Mechi', 153),
(2576, 'Narayani', 153),
(2577, 'Rapti', 153),
(2578, 'Sagarmatha', 153),
(2579, 'Seti', 153),
(2580, 'Bonaire', 154),
(2581, 'Curacao', 154),
(2582, 'Saba', 154),
(2583, 'Sint Eustatius', 154),
(2584, 'Sint Maarten', 154),
(2585, 'Amsterdam', 155),
(2586, 'Benelux', 155),
(2587, 'Drenthe', 155),
(2588, 'Flevoland', 155),
(2589, 'Friesland', 155),
(2590, 'Gelderland', 155),
(2591, 'Groningen', 155),
(2592, 'Limburg', 155),
(2593, 'Noord-Brabant', 155),
(2594, 'Noord-Holland', 155),
(2595, 'Overijssel', 155),
(2596, 'South Holland', 155),
(2597, 'Utrecht', 155),
(2598, 'Zeeland', 155),
(2599, 'Zuid-Holland', 155),
(2600, 'Iles', 156),
(2601, 'Nord', 156),
(2602, 'Sud', 156),
(2603, 'Area Outside Region', 157),
(2604, 'Auckland', 157),
(2605, 'Bay of Plenty', 157),
(2606, 'Canterbury', 157),
(2607, 'Christchurch', 157),
(2608, 'Gisborne', 157),
(2609, 'Hawke\'s Bay', 157),
(2610, 'Manawatu-Wanganui', 157),
(2611, 'Marlborough', 157),
(2612, 'Nelson', 157),
(2613, 'Northland', 157),
(2614, 'Otago', 157),
(2615, 'Rodney', 157),
(2616, 'Southland', 157),
(2617, 'Taranaki', 157),
(2618, 'Tasman', 157),
(2619, 'Waikato', 157),
(2620, 'Wellington', 157),
(2621, 'West Coast', 157),
(2622, 'Atlantico Norte', 158),
(2623, 'Atlantico Sur', 158),
(2624, 'Boaco', 158),
(2625, 'Carazo', 158),
(2626, 'Chinandega', 158),
(2627, 'Chontales', 158),
(2628, 'Esteli', 158),
(2629, 'Granada', 158),
(2630, 'Jinotega', 158),
(2631, 'Leon', 158),
(2632, 'Madriz', 158),
(2633, 'Managua', 158),
(2634, 'Masaya', 158),
(2635, 'Matagalpa', 158),
(2636, 'Nueva Segovia', 158),
(2637, 'Rio San Juan', 158),
(2638, 'Rivas', 158),
(2639, 'Agadez', 159),
(2640, 'Diffa', 159),
(2641, 'Dosso', 159),
(2642, 'Maradi', 159),
(2643, 'Niamey', 159),
(2644, 'Tahoua', 159),
(2645, 'Tillabery', 159),
(2646, 'Zinder', 159),
(2647, 'Abia', 160),
(2648, 'Abuja Federal Capital Territor', 160),
(2649, 'Adamawa', 160),
(2650, 'Akwa Ibom', 160),
(2651, 'Anambra', 160),
(2652, 'Bauchi', 160),
(2653, 'Bayelsa', 160),
(2654, 'Benue', 160),
(2655, 'Borno', 160),
(2656, 'Cross River', 160),
(2657, 'Delta', 160),
(2658, 'Ebonyi', 160),
(2659, 'Edo', 160),
(2660, 'Ekiti', 160),
(2661, 'Enugu', 160),
(2662, 'Gombe', 160),
(2663, 'Imo', 160),
(2664, 'Jigawa', 160),
(2665, 'Kaduna', 160),
(2666, 'Kano', 160),
(2667, 'Katsina', 160),
(2668, 'Kebbi', 160),
(2669, 'Kogi', 160),
(2670, 'Kwara', 160),
(2671, 'Lagos', 160),
(2672, 'Nassarawa', 160),
(2673, 'Niger', 160),
(2674, 'Ogun', 160),
(2675, 'Ondo', 160),
(2676, 'Osun', 160),
(2677, 'Oyo', 160),
(2678, 'Plateau', 160),
(2679, 'Rivers', 160),
(2680, 'Sokoto', 160),
(2681, 'Taraba', 160),
(2682, 'Yobe', 160),
(2683, 'Zamfara', 160),
(2684, 'Niue', 161),
(2685, 'Norfolk Island', 162),
(2686, 'Northern Islands', 163),
(2687, 'Rota', 163),
(2688, 'Saipan', 163),
(2689, 'Tinian', 163),
(2690, 'Akershus', 164),
(2691, 'Aust Agder', 164),
(2692, 'Bergen', 164),
(2693, 'Buskerud', 164),
(2694, 'Finnmark', 164),
(2695, 'Hedmark', 164),
(2696, 'Hordaland', 164),
(2697, 'Moere og Romsdal', 164),
(2698, 'Nord Trondelag', 164),
(2699, 'Nordland', 164),
(2700, 'Oestfold', 164),
(2701, 'Oppland', 164),
(2702, 'Oslo', 164),
(2703, 'Rogaland', 164),
(2704, 'Soer Troendelag', 164),
(2705, 'Sogn og Fjordane', 164),
(2706, 'Stavern', 164),
(2707, 'Sykkylven', 164),
(2708, 'Telemark', 164),
(2709, 'Troms', 164),
(2710, 'Vest Agder', 164),
(2711, 'Vestfold', 164),
(2712, 'ÃƒÂ˜stfold', 164),
(2713, 'Al Buraimi', 165),
(2714, 'Dhufar', 165),
(2715, 'Masqat', 165),
(2716, 'Musandam', 165),
(2717, 'Rusayl', 165),
(2718, 'Wadi Kabir', 165),
(2719, 'ad-Dakhiliyah', 165),
(2720, 'adh-Dhahirah', 165),
(2721, 'al-Batinah', 165),
(2722, 'ash-Sharqiyah', 165),
(2723, 'Baluchistan', 166),
(2724, 'Federal Capital Area', 166),
(2725, 'Federally administered Tribal ', 166),
(2726, 'North-West Frontier', 166),
(2727, 'Northern Areas', 166),
(2728, 'Punjab', 166),
(2729, 'Sind', 166),
(2730, 'Aimeliik', 167),
(2731, 'Airai', 167),
(2732, 'Angaur', 167),
(2733, 'Hatobohei', 167),
(2734, 'Kayangel', 167),
(2735, 'Koror', 167),
(2736, 'Melekeok', 167),
(2737, 'Ngaraard', 167),
(2738, 'Ngardmau', 167),
(2739, 'Ngaremlengui', 167),
(2740, 'Ngatpang', 167),
(2741, 'Ngchesar', 167),
(2742, 'Ngerchelong', 167),
(2743, 'Ngiwal', 167),
(2744, 'Peleliu', 167),
(2745, 'Sonsorol', 167),
(2746, 'Ariha', 168),
(2747, 'Bayt Lahm', 168),
(2748, 'Bethlehem', 168),
(2749, 'Dayr-al-Balah', 168),
(2750, 'Ghazzah', 168),
(2751, 'Ghazzah ash-Shamaliyah', 168),
(2752, 'Janin', 168),
(2753, 'Khan Yunis', 168),
(2754, 'Nabulus', 168),
(2755, 'Qalqilyah', 168),
(2756, 'Rafah', 168),
(2757, 'Ram Allah wal-Birah', 168),
(2758, 'Salfit', 168),
(2759, 'Tubas', 168),
(2760, 'Tulkarm', 168),
(2761, 'al-Khalil', 168),
(2762, 'al-Quds', 168),
(2763, 'Bocas del Toro', 169),
(2764, 'Chiriqui', 169),
(2765, 'Cocle', 169),
(2766, 'Colon', 169),
(2767, 'Darien', 169),
(2768, 'Embera', 169),
(2769, 'Herrera', 169),
(2770, 'Kuna Yala', 169),
(2771, 'Los Santos', 169),
(2772, 'Ngobe Bugle', 169),
(2773, 'Panama', 169),
(2774, 'Veraguas', 169),
(2775, 'East New Britain', 170),
(2776, 'East Sepik', 170),
(2777, 'Eastern Highlands', 170),
(2778, 'Enga', 170),
(2779, 'Fly River', 170),
(2780, 'Gulf', 170),
(2781, 'Madang', 170),
(2782, 'Manus', 170),
(2783, 'Milne Bay', 170),
(2784, 'Morobe', 170),
(2785, 'National Capital District', 170),
(2786, 'New Ireland', 170),
(2787, 'North Solomons', 170),
(2788, 'Oro', 170),
(2789, 'Sandaun', 170),
(2790, 'Simbu', 170),
(2791, 'Southern Highlands', 170),
(2792, 'West New Britain', 170),
(2793, 'Western Highlands', 170),
(2794, 'Alto Paraguay', 171),
(2795, 'Alto Parana', 171),
(2796, 'Amambay', 171),
(2797, 'Asuncion', 171),
(2798, 'Boqueron', 171),
(2799, 'Caaguazu', 171),
(2800, 'Caazapa', 171),
(2801, 'Canendiyu', 171),
(2802, 'Central', 171),
(2803, 'Concepcion', 171),
(2804, 'Cordillera', 171),
(2805, 'Guaira', 171),
(2806, 'Itapua', 171),
(2807, 'Misiones', 171),
(2808, 'Neembucu', 171),
(2809, 'Paraguari', 171),
(2810, 'Presidente Hayes', 171),
(2811, 'San Pedro', 171),
(2812, 'Amazonas', 172),
(2813, 'Ancash', 172),
(2814, 'Apurimac', 172),
(2815, 'Arequipa', 172),
(2816, 'Ayacucho', 172),
(2817, 'Cajamarca', 172),
(2818, 'Cusco', 172),
(2819, 'Huancavelica', 172),
(2820, 'Huanuco', 172),
(2821, 'Ica', 172),
(2822, 'Junin', 172),
(2823, 'La Libertad', 172),
(2824, 'Lambayeque', 172),
(2825, 'Lima y Callao', 172),
(2826, 'Loreto', 172),
(2827, 'Madre de Dios', 172),
(2828, 'Moquegua', 172),
(2829, 'Pasco', 172),
(2830, 'Piura', 172),
(2831, 'Puno', 172),
(2832, 'San Martin', 172),
(2833, 'Tacna', 172),
(2834, 'Tumbes', 172),
(2835, 'Ucayali', 172),
(2836, 'Batangas', 173),
(2837, 'Bicol', 173),
(2838, 'Bulacan', 173),
(2839, 'Cagayan', 173),
(2840, 'Caraga', 173),
(2841, 'Central Luzon', 173),
(2842, 'Central Mindanao', 173),
(2843, 'Central Visayas', 173),
(2844, 'Cordillera', 173),
(2845, 'Davao', 173),
(2846, 'Eastern Visayas', 173),
(2847, 'Greater Metropolitan Area', 173),
(2848, 'Ilocos', 173),
(2849, 'Laguna', 173),
(2850, 'Luzon', 173),
(2851, 'Mactan', 173),
(2852, 'Metropolitan Manila Area', 173),
(2853, 'Muslim Mindanao', 173),
(2854, 'Northern Mindanao', 173),
(2855, 'Southern Mindanao', 173),
(2856, 'Southern Tagalog', 173),
(2857, 'Western Mindanao', 173),
(2858, 'Western Visayas', 173),
(2859, 'Pitcairn Island', 174),
(2860, 'Biale Blota', 175),
(2861, 'Dobroszyce', 175),
(2862, 'Dolnoslaskie', 175),
(2863, 'Dziekanow Lesny', 175),
(2864, 'Hopowo', 175),
(2865, 'Kartuzy', 175),
(2866, 'Koscian', 175),
(2867, 'Krakow', 175),
(2868, 'Kujawsko-Pomorskie', 175),
(2869, 'Lodzkie', 175),
(2870, 'Lubelskie', 175),
(2871, 'Lubuskie', 175),
(2872, 'Malomice', 175),
(2873, 'Malopolskie', 175),
(2874, 'Mazowieckie', 175),
(2875, 'Mirkow', 175),
(2876, 'Opolskie', 175),
(2877, 'Ostrowiec', 175),
(2878, 'Podkarpackie', 175),
(2879, 'Podlaskie', 175),
(2880, 'Polska', 175),
(2881, 'Pomorskie', 175),
(2882, 'Poznan', 175),
(2883, 'Pruszkow', 175),
(2884, 'Rymanowska', 175),
(2885, 'Rzeszow', 175),
(2886, 'Slaskie', 175),
(2887, 'Stare Pole', 175),
(2888, 'Swietokrzyskie', 175),
(2889, 'Warminsko-Mazurskie', 175),
(2890, 'Warsaw', 175),
(2891, 'Wejherowo', 175),
(2892, 'Wielkopolskie', 175),
(2893, 'Wroclaw', 175),
(2894, 'Zachodnio-Pomorskie', 175),
(2895, 'Zukowo', 175),
(2896, 'Abrantes', 176),
(2897, 'Acores', 176),
(2898, 'Alentejo', 176),
(2899, 'Algarve', 176),
(2900, 'Braga', 176),
(2901, 'Centro', 176),
(2902, 'Distrito de Leiria', 176),
(2903, 'Distrito de Viana do Castelo', 176),
(2904, 'Distrito de Vila Real', 176),
(2905, 'Distrito do Porto', 176),
(2906, 'Lisboa e Vale do Tejo', 176),
(2907, 'Madeira', 176),
(2908, 'Norte', 176),
(2909, 'Paivas', 176),
(2910, 'Arecibo', 177),
(2911, 'Bayamon', 177),
(2912, 'Carolina', 177),
(2913, 'Florida', 177),
(2914, 'Guayama', 177),
(2915, 'Humacao', 177),
(2916, 'Mayaguez-Aguadilla', 177),
(2917, 'Ponce', 177),
(2918, 'Salinas', 177),
(2919, 'San Juan', 177),
(2920, 'Doha', 178),
(2921, 'Jarian-al-Batnah', 178),
(2922, 'Umm Salal', 178),
(2923, 'ad-Dawhah', 178),
(2924, 'al-Ghuwayriyah', 178),
(2925, 'al-Jumayliyah', 178),
(2926, 'al-Khawr', 178),
(2927, 'al-Wakrah', 178),
(2928, 'ar-Rayyan', 178),
(2929, 'ash-Shamal', 178),
(2930, 'Saint-Benoit', 179),
(2931, 'Saint-Denis', 179),
(2932, 'Saint-Paul', 179),
(2933, 'Saint-Pierre', 179),
(2934, 'Alba', 180),
(2935, 'Arad', 180),
(2936, 'Arges', 180),
(2937, 'Bacau', 180),
(2938, 'Bihor', 180),
(2939, 'Bistrita-Nasaud', 180),
(2940, 'Botosani', 180),
(2941, 'Braila', 180),
(2942, 'Brasov', 180),
(2943, 'Bucuresti', 180),
(2944, 'Buzau', 180),
(2945, 'Calarasi', 180),
(2946, 'Caras-Severin', 180),
(2947, 'Cluj', 180),
(2948, 'Constanta', 180),
(2949, 'Covasna', 180),
(2950, 'Dambovita', 180),
(2951, 'Dolj', 180),
(2952, 'Galati', 180),
(2953, 'Giurgiu', 180),
(2954, 'Gorj', 180),
(2955, 'Harghita', 180),
(2956, 'Hunedoara', 180),
(2957, 'Ialomita', 180),
(2958, 'Iasi', 180),
(2959, 'Ilfov', 180),
(2960, 'Maramures', 180),
(2961, 'Mehedinti', 180),
(2962, 'Mures', 180),
(2963, 'Neamt', 180),
(2964, 'Olt', 180),
(2965, 'Prahova', 180),
(2966, 'Salaj', 180),
(2967, 'Satu Mare', 180),
(2968, 'Sibiu', 180),
(2969, 'Sondelor', 180),
(2970, 'Suceava', 180),
(2971, 'Teleorman', 180),
(2972, 'Timis', 180),
(2973, 'Tulcea', 180),
(2974, 'Valcea', 180),
(2975, 'Vaslui', 180),
(2976, 'Vrancea', 180),
(2977, 'Adygeja', 181),
(2978, 'Aga', 181),
(2979, 'Alanija', 181),
(2980, 'Altaj', 181),
(2981, 'Amur', 181),
(2982, 'Arhangelsk', 181),
(2983, 'Astrahan', 181),
(2984, 'Bashkortostan', 181),
(2985, 'Belgorod', 181),
(2986, 'Brjansk', 181),
(2987, 'Burjatija', 181),
(2988, 'Chechenija', 181),
(2989, 'Cheljabinsk', 181),
(2990, 'Chita', 181),
(2991, 'Chukotka', 181),
(2992, 'Chuvashija', 181),
(2993, 'Dagestan', 181),
(2994, 'Evenkija', 181),
(2995, 'Gorno-Altaj', 181),
(2996, 'Habarovsk', 181),
(2997, 'Hakasija', 181),
(2998, 'Hanty-Mansija', 181),
(2999, 'Ingusetija', 181),
(3000, 'Irkutsk', 181),
(3001, 'Ivanovo', 181),
(3002, 'Jamalo-Nenets', 181),
(3003, 'Jaroslavl', 181),
(3004, 'Jevrej', 181),
(3005, 'Kabardino-Balkarija', 181),
(3006, 'Kaliningrad', 181),
(3007, 'Kalmykija', 181),
(3008, 'Kaluga', 181),
(3009, 'Kamchatka', 181),
(3010, 'Karachaj-Cherkessija', 181),
(3011, 'Karelija', 181),
(3012, 'Kemerovo', 181),
(3013, 'Khabarovskiy Kray', 181),
(3014, 'Kirov', 181),
(3015, 'Komi', 181),
(3016, 'Komi-Permjakija', 181),
(3017, 'Korjakija', 181),
(3018, 'Kostroma', 181),
(3019, 'Krasnodar', 181),
(3020, 'Krasnojarsk', 181),
(3021, 'Krasnoyarskiy Kray', 181),
(3022, 'Kurgan', 181),
(3023, 'Kursk', 181),
(3024, 'Leningrad', 181),
(3025, 'Lipeck', 181),
(3026, 'Magadan', 181),
(3027, 'Marij El', 181),
(3028, 'Mordovija', 181),
(3029, 'Moscow', 181),
(3030, 'Moskovskaja Oblast', 181),
(3031, 'Moskovskaya Oblast', 181),
(3032, 'Moskva', 181),
(3033, 'Murmansk', 181),
(3034, 'Nenets', 181),
(3035, 'Nizhnij Novgorod', 181),
(3036, 'Novgorod', 181),
(3037, 'Novokusnezk', 181),
(3038, 'Novosibirsk', 181),
(3039, 'Omsk', 181),
(3040, 'Orenburg', 181),
(3041, 'Orjol', 181),
(3042, 'Penza', 181),
(3043, 'Perm', 181),
(3044, 'Primorje', 181),
(3045, 'Pskov', 181),
(3046, 'Pskovskaya Oblast', 181),
(3047, 'Rjazan', 181),
(3048, 'Rostov', 181),
(3049, 'Saha', 181),
(3050, 'Sahalin', 181),
(3051, 'Samara', 181),
(3052, 'Samarskaya', 181),
(3053, 'Sankt-Peterburg', 181),
(3054, 'Saratov', 181),
(3055, 'Smolensk', 181),
(3056, 'Stavropol', 181),
(3057, 'Sverdlovsk', 181),
(3058, 'Tajmyrija', 181),
(3059, 'Tambov', 181),
(3060, 'Tatarstan', 181),
(3061, 'Tjumen', 181),
(3062, 'Tomsk', 181),
(3063, 'Tula', 181),
(3064, 'Tver', 181),
(3065, 'Tyva', 181),
(3066, 'Udmurtija', 181),
(3067, 'Uljanovsk', 181),
(3068, 'Ulyanovskaya Oblast', 181),
(3069, 'Ust-Orda', 181),
(3070, 'Vladimir', 181),
(3071, 'Volgograd', 181),
(3072, 'Vologda', 181),
(3073, 'Voronezh', 181),
(3074, 'Butare', 182),
(3075, 'Byumba', 182),
(3076, 'Cyangugu', 182),
(3077, 'Gikongoro', 182),
(3078, 'Gisenyi', 182),
(3079, 'Gitarama', 182),
(3080, 'Kibungo', 182),
(3081, 'Kibuye', 182),
(3082, 'Kigali-ngali', 182),
(3083, 'Ruhengeri', 182),
(3084, 'Ascension', 183),
(3085, 'Gough Island', 183),
(3086, 'Saint Helena', 183),
(3087, 'Tristan da Cunha', 183),
(3088, 'Christ Church Nichola Town', 184),
(3089, 'Saint Anne Sandy Point', 184),
(3090, 'Saint George Basseterre', 184),
(3091, 'Saint George Gingerland', 184),
(3092, 'Saint James Windward', 184),
(3093, 'Saint John Capesterre', 184),
(3094, 'Saint John Figtree', 184),
(3095, 'Saint Mary Cayon', 184),
(3096, 'Saint Paul Capesterre', 184),
(3097, 'Saint Paul Charlestown', 184),
(3098, 'Saint Peter Basseterre', 184),
(3099, 'Saint Thomas Lowland', 184),
(3100, 'Saint Thomas Middle Island', 184),
(3101, 'Trinity Palmetto Point', 184),
(3102, 'Anse-la-Raye', 185),
(3103, 'Canaries', 185),
(3104, 'Castries', 185),
(3105, 'Choiseul', 185),
(3106, 'Dennery', 185),
(3107, 'Gros Inlet', 185),
(3108, 'Laborie', 185),
(3109, 'Micoud', 185),
(3110, 'Soufriere', 185),
(3111, 'Vieux Fort', 185),
(3112, 'Miquelon-Langlade', 186),
(3113, 'Saint-Pierre', 186),
(3114, 'Charlotte', 187),
(3115, 'Grenadines', 187),
(3116, 'Saint Andrew', 187),
(3117, 'Saint David', 187),
(3118, 'Saint George', 187),
(3119, 'Saint Patrick', 187),
(3120, 'A\'ana', 188),
(3121, 'Aiga-i-le-Tai', 188),
(3122, 'Atua', 188),
(3123, 'Fa\'asaleleaga', 188),
(3124, 'Gaga\'emauga', 188),
(3125, 'Gagaifomauga', 188),
(3126, 'Palauli', 188),
(3127, 'Satupa\'itea', 188),
(3128, 'Tuamasaga', 188),
(3129, 'Va\'a-o-Fonoti', 188),
(3130, 'Vaisigano', 188),
(3131, 'Acquaviva', 189),
(3132, 'Borgo Maggiore', 189),
(3133, 'Chiesanuova', 189),
(3134, 'Domagnano', 189),
(3135, 'Faetano', 189),
(3136, 'Fiorentino', 189),
(3137, 'Montegiardino', 189),
(3138, 'San Marino', 189),
(3139, 'Serravalle', 189),
(3140, 'Agua Grande', 190),
(3141, 'Cantagalo', 190),
(3142, 'Lemba', 190),
(3143, 'Lobata', 190),
(3144, 'Me-Zochi', 190),
(3145, 'Pague', 190),
(3146, 'Al Khobar', 191),
(3147, 'Aseer', 191),
(3148, 'Ash Sharqiyah', 191),
(3149, 'Asir', 191),
(3150, 'Central Province', 191),
(3151, 'Eastern Province', 191),
(3152, 'Ha\'il', 191),
(3153, 'Jawf', 191),
(3154, 'Jizan', 191),
(3155, 'Makkah', 191),
(3156, 'Najran', 191),
(3157, 'Qasim', 191),
(3158, 'Tabuk', 191),
(3159, 'Western Province', 191),
(3160, 'al-Bahah', 191),
(3161, 'al-Hudud-ash-Shamaliyah', 191),
(3162, 'al-Madinah', 191),
(3163, 'ar-Riyad', 191),
(3164, 'Dakar', 192),
(3165, 'Diourbel', 192),
(3166, 'Fatick', 192),
(3167, 'Kaolack', 192),
(3168, 'Kolda', 192),
(3169, 'Louga', 192),
(3170, 'Saint-Louis', 192),
(3171, 'Tambacounda', 192),
(3172, 'Thies', 192),
(3173, 'Ziguinchor', 192),
(3174, 'Central Serbia', 193),
(3175, 'Kosovo and Metohija', 193),
(3176, 'Vojvodina', 193),
(3177, 'Anse Boileau', 194),
(3178, 'Anse Royale', 194),
(3179, 'Cascade', 194),
(3180, 'Takamaka', 194),
(3181, 'Victoria', 194),
(3182, 'Eastern', 195),
(3183, 'Northern', 195),
(3184, 'Southern', 195),
(3185, 'Western', 195),
(3186, 'Singapore', 196),
(3187, 'Banskobystricky', 197),
(3188, 'Bratislavsky', 197),
(3189, 'Kosicky', 197),
(3190, 'Nitriansky', 197),
(3191, 'Presovsky', 197),
(3192, 'Trenciansky', 197),
(3193, 'Trnavsky', 197),
(3194, 'Zilinsky', 197),
(3195, 'Benedikt', 198),
(3196, 'Gorenjska', 198),
(3197, 'Gorishka', 198),
(3198, 'Jugovzhodna Slovenija', 198),
(3199, 'Koroshka', 198),
(3200, 'Notranjsko-krashka', 198),
(3201, 'Obalno-krashka', 198),
(3202, 'Obcina Domzale', 198),
(3203, 'Obcina Vitanje', 198),
(3204, 'Osrednjeslovenska', 198),
(3205, 'Podravska', 198),
(3206, 'Pomurska', 198),
(3207, 'Savinjska', 198),
(3208, 'Slovenian Littoral', 198),
(3209, 'Spodnjeposavska', 198),
(3210, 'Zasavska', 198),
(3211, 'Pitcairn', 199),
(3212, 'Central', 200),
(3213, 'Choiseul', 200),
(3214, 'Guadalcanal', 200),
(3215, 'Isabel', 200),
(3216, 'Makira and Ulawa', 200),
(3217, 'Malaita', 200),
(3218, 'Rennell and Bellona', 200),
(3219, 'Temotu', 200),
(3220, 'Western', 200),
(3221, 'Awdal', 201),
(3222, 'Bakol', 201),
(3223, 'Banadir', 201),
(3224, 'Bari', 201),
(3225, 'Bay', 201),
(3226, 'Galgudug', 201),
(3227, 'Gedo', 201),
(3228, 'Hiran', 201),
(3229, 'Jubbada Hose', 201),
(3230, 'Jubbadha Dexe', 201),
(3231, 'Mudug', 201),
(3232, 'Nugal', 201),
(3233, 'Sanag', 201),
(3234, 'Shabellaha Dhexe', 201),
(3235, 'Shabellaha Hose', 201),
(3236, 'Togdher', 201),
(3237, 'Woqoyi Galbed', 201),
(3238, 'Eastern Cape', 202),
(3239, 'Free State', 202),
(3240, 'Gauteng', 202),
(3241, 'Kempton Park', 202),
(3242, 'Kramerville', 202),
(3243, 'KwaZulu Natal', 202),
(3244, 'Limpopo', 202),
(3245, 'Mpumalanga', 202),
(3246, 'North West', 202),
(3247, 'Northern Cape', 202),
(3248, 'Parow', 202),
(3249, 'Table View', 202),
(3250, 'Umtentweni', 202),
(3251, 'Western Cape', 202),
(3252, 'South Georgia', 203),
(3253, 'Central Equatoria', 204),
(3254, 'A Coruna', 205),
(3255, 'Alacant', 205),
(3256, 'Alava', 205),
(3257, 'Albacete', 205),
(3258, 'Almeria', 205),
(3259, 'Andalucia', 205),
(3260, 'Asturias', 205),
(3261, 'Avila', 205),
(3262, 'Badajoz', 205),
(3263, 'Balears', 205),
(3264, 'Barcelona', 205),
(3265, 'Bertamirans', 205),
(3266, 'Biscay', 205),
(3267, 'Burgos', 205),
(3268, 'Caceres', 205),
(3269, 'Cadiz', 205),
(3270, 'Cantabria', 205),
(3271, 'Castello', 205),
(3272, 'Catalunya', 205),
(3273, 'Ceuta', 205),
(3274, 'Ciudad Real', 205),
(3275, 'Comunidad Autonoma de Canarias', 205),
(3276, 'Comunidad Autonoma de Cataluna', 205),
(3277, 'Comunidad Autonoma de Galicia', 205),
(3278, 'Comunidad Autonoma de las Isla', 205),
(3279, 'Comunidad Autonoma del Princip', 205),
(3280, 'Comunidad Valenciana', 205),
(3281, 'Cordoba', 205),
(3282, 'Cuenca', 205),
(3283, 'Gipuzkoa', 205),
(3284, 'Girona', 205),
(3285, 'Granada', 205),
(3286, 'Guadalajara', 205),
(3287, 'Guipuzcoa', 205),
(3288, 'Huelva', 205),
(3289, 'Huesca', 205),
(3290, 'Jaen', 205),
(3291, 'La Rioja', 205),
(3292, 'Las Palmas', 205),
(3293, 'Leon', 205),
(3294, 'Lerida', 205),
(3295, 'Lleida', 205),
(3296, 'Lugo', 205),
(3297, 'Madrid', 205),
(3298, 'Malaga', 205),
(3299, 'Melilla', 205),
(3300, 'Murcia', 205),
(3301, 'Navarra', 205),
(3302, 'Ourense', 205),
(3303, 'Pais Vasco', 205),
(3304, 'Palencia', 205),
(3305, 'Pontevedra', 205),
(3306, 'Salamanca', 205),
(3307, 'Santa Cruz de Tenerife', 205),
(3308, 'Segovia', 205),
(3309, 'Sevilla', 205),
(3310, 'Soria', 205),
(3311, 'Tarragona', 205),
(3312, 'Tenerife', 205),
(3313, 'Teruel', 205),
(3314, 'Toledo', 205),
(3315, 'Valencia', 205),
(3316, 'Valladolid', 205),
(3317, 'Vizcaya', 205),
(3318, 'Zamora', 205),
(3319, 'Zaragoza', 205),
(3320, 'Amparai', 206),
(3321, 'Anuradhapuraya', 206),
(3322, 'Badulla', 206),
(3323, 'Boralesgamuwa', 206),
(3324, 'Colombo', 206),
(3325, 'Galla', 206),
(3326, 'Gampaha', 206),
(3327, 'Hambantota', 206),
(3328, 'Kalatura', 206),
(3329, 'Kegalla', 206),
(3330, 'Kilinochchi', 206),
(3331, 'Kurunegala', 206),
(3332, 'Madakalpuwa', 206),
(3333, 'Maha Nuwara', 206),
(3334, 'Malwana', 206),
(3335, 'Mannarama', 206),
(3336, 'Matale', 206),
(3337, 'Matara', 206),
(3338, 'Monaragala', 206),
(3339, 'Mullaitivu', 206),
(3340, 'North Eastern Province', 206),
(3341, 'North Western Province', 206),
(3342, 'Nuwara Eliya', 206),
(3343, 'Polonnaruwa', 206),
(3344, 'Puttalama', 206),
(3345, 'Ratnapuraya', 206),
(3346, 'Southern Province', 206),
(3347, 'Tirikunamalaya', 206),
(3348, 'Tuscany', 206),
(3349, 'Vavuniyawa', 206),
(3350, 'Western Province', 206),
(3351, 'Yapanaya', 206),
(3352, 'kadawatha', 206),
(3353, 'A\'ali-an-Nil', 207),
(3354, 'Bahr-al-Jabal', 207),
(3355, 'Central Equatoria', 207),
(3356, 'Gharb Bahr-al-Ghazal', 207),
(3357, 'Gharb Darfur', 207),
(3358, 'Gharb Kurdufan', 207),
(3359, 'Gharb-al-Istiwa\'iyah', 207),
(3360, 'Janub Darfur', 207),
(3361, 'Janub Kurdufan', 207),
(3362, 'Junqali', 207),
(3363, 'Kassala', 207),
(3364, 'Nahr-an-Nil', 207),
(3365, 'Shamal Bahr-al-Ghazal', 207),
(3366, 'Shamal Darfur', 207),
(3367, 'Shamal Kurdufan', 207),
(3368, 'Sharq-al-Istiwa\'iyah', 207),
(3369, 'Sinnar', 207),
(3370, 'Warab', 207),
(3371, 'Wilayat al Khartum', 207),
(3372, 'al-Bahr-al-Ahmar', 207),
(3373, 'al-Buhayrat', 207),
(3374, 'al-Jazirah', 207),
(3375, 'al-Khartum', 207),
(3376, 'al-Qadarif', 207),
(3377, 'al-Wahdah', 207),
(3378, 'an-Nil-al-Abyad', 207),
(3379, 'an-Nil-al-Azraq', 207),
(3380, 'ash-Shamaliyah', 207),
(3381, 'Brokopondo', 208),
(3382, 'Commewijne', 208),
(3383, 'Coronie', 208),
(3384, 'Marowijne', 208),
(3385, 'Nickerie', 208),
(3386, 'Para', 208),
(3387, 'Paramaribo', 208),
(3388, 'Saramacca', 208),
(3389, 'Wanica', 208),
(3390, 'Svalbard', 209),
(3391, 'Hhohho', 210),
(3392, 'Lubombo', 210),
(3393, 'Manzini', 210),
(3394, 'Shiselweni', 210),
(3395, 'Alvsborgs Lan', 211),
(3396, 'Angermanland', 211),
(3397, 'Blekinge', 211),
(3398, 'Bohuslan', 211),
(3399, 'Dalarna', 211),
(3400, 'Gavleborg', 211),
(3401, 'Gaza', 211),
(3402, 'Gotland', 211),
(3403, 'Halland', 211),
(3404, 'Jamtland', 211),
(3405, 'Jonkoping', 211),
(3406, 'Kalmar', 211),
(3407, 'Kristianstads', 211),
(3408, 'Kronoberg', 211),
(3409, 'Norrbotten', 211),
(3410, 'Orebro', 211),
(3411, 'Ostergotland', 211),
(3412, 'Saltsjo-Boo', 211),
(3413, 'Skane', 211),
(3414, 'Smaland', 211),
(3415, 'Sodermanland', 211),
(3416, 'Stockholm', 211),
(3417, 'Uppsala', 211),
(3418, 'Varmland', 211),
(3419, 'Vasterbotten', 211),
(3420, 'Vastergotland', 211),
(3421, 'Vasternorrland', 211),
(3422, 'Vastmanland', 211),
(3423, 'Vastra Gotaland', 211),
(3424, 'Aargau', 212),
(3425, 'Appenzell Inner-Rhoden', 212),
(3426, 'Appenzell-Ausser Rhoden', 212),
(3427, 'Basel-Landschaft', 212),
(3428, 'Basel-Stadt', 212),
(3429, 'Bern', 212),
(3430, 'Canton Ticino', 212),
(3431, 'Fribourg', 212),
(3432, 'Geneve', 212),
(3433, 'Glarus', 212),
(3434, 'Graubunden', 212),
(3435, 'Heerbrugg', 212),
(3436, 'Jura', 212),
(3437, 'Kanton Aargau', 212),
(3438, 'Luzern', 212),
(3439, 'Morbio Inferiore', 212),
(3440, 'Muhen', 212),
(3441, 'Neuchatel', 212),
(3442, 'Nidwalden', 212),
(3443, 'Obwalden', 212),
(3444, 'Sankt Gallen', 212),
(3445, 'Schaffhausen', 212),
(3446, 'Schwyz', 212),
(3447, 'Solothurn', 212),
(3448, 'Thurgau', 212),
(3449, 'Ticino', 212),
(3450, 'Uri', 212),
(3451, 'Valais', 212),
(3452, 'Vaud', 212),
(3453, 'Vauffelin', 212),
(3454, 'Zug', 212),
(3455, 'Zurich', 212),
(3456, 'Aleppo', 213),
(3457, 'Dar\'a', 213),
(3458, 'Dayr-az-Zawr', 213),
(3459, 'Dimashq', 213),
(3460, 'Halab', 213),
(3461, 'Hamah', 213),
(3462, 'Hims', 213),
(3463, 'Idlib', 213),
(3464, 'Madinat Dimashq', 213),
(3465, 'Tartus', 213),
(3466, 'al-Hasakah', 213),
(3467, 'al-Ladhiqiyah', 213),
(3468, 'al-Qunaytirah', 213),
(3469, 'ar-Raqqah', 213),
(3470, 'as-Suwayda', 213),
(3471, 'Changhwa', 214),
(3472, 'Chiayi Hsien', 214),
(3473, 'Chiayi Shih', 214),
(3474, 'Eastern Taipei', 214),
(3475, 'Hsinchu Hsien', 214),
(3476, 'Hsinchu Shih', 214),
(3477, 'Hualien', 214),
(3478, 'Ilan', 214),
(3479, 'Kaohsiung Hsien', 214),
(3480, 'Kaohsiung Shih', 214),
(3481, 'Keelung Shih', 214),
(3482, 'Kinmen', 214),
(3483, 'Miaoli', 214),
(3484, 'Nantou', 214),
(3485, 'Northern Taiwan', 214),
(3486, 'Penghu', 214),
(3487, 'Pingtung', 214),
(3488, 'Taichung', 214),
(3489, 'Taichung Hsien', 214),
(3490, 'Taichung Shih', 214),
(3491, 'Tainan Hsien', 214),
(3492, 'Tainan Shih', 214),
(3493, 'Taipei Hsien', 214),
(3494, 'Taipei Shih / Taipei Hsien', 214),
(3495, 'Taitung', 214),
(3496, 'Taoyuan', 214),
(3497, 'Yilan', 214),
(3498, 'Yun-Lin Hsien', 214),
(3499, 'Yunlin', 214),
(3500, 'Dushanbe', 215),
(3501, 'Gorno-Badakhshan', 215),
(3502, 'Karotegin', 215),
(3503, 'Khatlon', 215),
(3504, 'Sughd', 215),
(3505, 'Arusha', 216),
(3506, 'Dar es Salaam', 216),
(3507, 'Dodoma', 216),
(3508, 'Iringa', 216),
(3509, 'Kagera', 216),
(3510, 'Kigoma', 216),
(3511, 'Kilimanjaro', 216),
(3512, 'Lindi', 216),
(3513, 'Mara', 216),
(3514, 'Mbeya', 216),
(3515, 'Morogoro', 216),
(3516, 'Mtwara', 216),
(3517, 'Mwanza', 216),
(3518, 'Pwani', 216),
(3519, 'Rukwa', 216),
(3520, 'Ruvuma', 216),
(3521, 'Shinyanga', 216),
(3522, 'Singida', 216),
(3523, 'Tabora', 216),
(3524, 'Tanga', 216),
(3525, 'Zanzibar and Pemba', 216),
(3526, 'Amnat Charoen', 217),
(3527, 'Ang Thong', 217),
(3528, 'Bangkok', 217),
(3529, 'Buri Ram', 217),
(3530, 'Chachoengsao', 217),
(3531, 'Chai Nat', 217),
(3532, 'Chaiyaphum', 217),
(3533, 'Changwat Chaiyaphum', 217),
(3534, 'Chanthaburi', 217),
(3535, 'Chiang Mai', 217),
(3536, 'Chiang Rai', 217),
(3537, 'Chon Buri', 217),
(3538, 'Chumphon', 217),
(3539, 'Kalasin', 217),
(3540, 'Kamphaeng Phet', 217),
(3541, 'Kanchanaburi', 217),
(3542, 'Khon Kaen', 217),
(3543, 'Krabi', 217),
(3544, 'Krung Thep', 217),
(3545, 'Lampang', 217),
(3546, 'Lamphun', 217),
(3547, 'Loei', 217),
(3548, 'Lop Buri', 217),
(3549, 'Mae Hong Son', 217),
(3550, 'Maha Sarakham', 217),
(3551, 'Mukdahan', 217),
(3552, 'Nakhon Nayok', 217),
(3553, 'Nakhon Pathom', 217),
(3554, 'Nakhon Phanom', 217),
(3555, 'Nakhon Ratchasima', 217),
(3556, 'Nakhon Sawan', 217),
(3557, 'Nakhon Si Thammarat', 217),
(3558, 'Nan', 217),
(3559, 'Narathiwat', 217),
(3560, 'Nong Bua Lam Phu', 217),
(3561, 'Nong Khai', 217),
(3562, 'Nonthaburi', 217),
(3563, 'Pathum Thani', 217),
(3564, 'Pattani', 217),
(3565, 'Phangnga', 217),
(3566, 'Phatthalung', 217),
(3567, 'Phayao', 217),
(3568, 'Phetchabun', 217),
(3569, 'Phetchaburi', 217),
(3570, 'Phichit', 217),
(3571, 'Phitsanulok', 217),
(3572, 'Phra Nakhon Si Ayutthaya', 217),
(3573, 'Phrae', 217),
(3574, 'Phuket', 217),
(3575, 'Prachin Buri', 217),
(3576, 'Prachuap Khiri Khan', 217),
(3577, 'Ranong', 217),
(3578, 'Ratchaburi', 217),
(3579, 'Rayong', 217),
(3580, 'Roi Et', 217),
(3581, 'Sa Kaeo', 217),
(3582, 'Sakon Nakhon', 217),
(3583, 'Samut Prakan', 217),
(3584, 'Samut Sakhon', 217),
(3585, 'Samut Songkhran', 217),
(3586, 'Saraburi', 217),
(3587, 'Satun', 217),
(3588, 'Si Sa Ket', 217),
(3589, 'Sing Buri', 217),
(3590, 'Songkhla', 217),
(3591, 'Sukhothai', 217),
(3592, 'Suphan Buri', 217),
(3593, 'Surat Thani', 217),
(3594, 'Surin', 217),
(3595, 'Tak', 217),
(3596, 'Trang', 217),
(3597, 'Trat', 217),
(3598, 'Ubon Ratchathani', 217),
(3599, 'Udon Thani', 217),
(3600, 'Uthai Thani', 217),
(3601, 'Uttaradit', 217),
(3602, 'Yala', 217),
(3603, 'Yasothon', 217),
(3604, 'Centre', 218),
(3605, 'Kara', 218),
(3606, 'Maritime', 218),
(3607, 'Plateaux', 218),
(3608, 'Savanes', 218),
(3609, 'Atafu', 219),
(3610, 'Fakaofo', 219),
(3611, 'Nukunonu', 219),
(3612, 'Eua', 220),
(3613, 'Ha\'apai', 220),
(3614, 'Niuas', 220),
(3615, 'Tongatapu', 220),
(3616, 'Vava\'u', 220),
(3617, 'Arima-Tunapuna-Piarco', 221),
(3618, 'Caroni', 221),
(3619, 'Chaguanas', 221),
(3620, 'Couva-Tabaquite-Talparo', 221),
(3621, 'Diego Martin', 221),
(3622, 'Glencoe', 221),
(3623, 'Penal Debe', 221),
(3624, 'Point Fortin', 221),
(3625, 'Port of Spain', 221),
(3626, 'Princes Town', 221),
(3627, 'Saint George', 221),
(3628, 'San Fernando', 221),
(3629, 'San Juan', 221),
(3630, 'Sangre Grande', 221),
(3631, 'Siparia', 221),
(3632, 'Tobago', 221),
(3633, 'Aryanah', 222),
(3634, 'Bajah', 222),
(3635, 'Bin \'Arus', 222),
(3636, 'Binzart', 222),
(3637, 'Gouvernorat de Ariana', 222),
(3638, 'Gouvernorat de Nabeul', 222),
(3639, 'Gouvernorat de Sousse', 222),
(3640, 'Hammamet Yasmine', 222),
(3641, 'Jundubah', 222),
(3642, 'Madaniyin', 222),
(3643, 'Manubah', 222),
(3644, 'Monastir', 222),
(3645, 'Nabul', 222),
(3646, 'Qabis', 222),
(3647, 'Qafsah', 222),
(3648, 'Qibili', 222),
(3649, 'Safaqis', 222),
(3650, 'Sfax', 222),
(3651, 'Sidi Bu Zayd', 222),
(3652, 'Silyanah', 222),
(3653, 'Susah', 222),
(3654, 'Tatawin', 222),
(3655, 'Tawzar', 222),
(3656, 'Tunis', 222),
(3657, 'Zaghwan', 222),
(3658, 'al-Kaf', 222),
(3659, 'al-Mahdiyah', 222),
(3660, 'al-Munastir', 222),
(3661, 'al-Qasrayn', 222),
(3662, 'al-Qayrawan', 222),
(3663, 'Adana', 223),
(3664, 'Adiyaman', 223),
(3665, 'Afyon', 223),
(3666, 'Agri', 223),
(3667, 'Aksaray', 223),
(3668, 'Amasya', 223),
(3669, 'Ankara', 223),
(3670, 'Antalya', 223),
(3671, 'Ardahan', 223),
(3672, 'Artvin', 223),
(3673, 'Aydin', 223),
(3674, 'Balikesir', 223),
(3675, 'Bartin', 223),
(3676, 'Batman', 223),
(3677, 'Bayburt', 223),
(3678, 'Bilecik', 223),
(3679, 'Bingol', 223),
(3680, 'Bitlis', 223),
(3681, 'Bolu', 223),
(3682, 'Burdur', 223),
(3683, 'Bursa', 223),
(3684, 'Canakkale', 223),
(3685, 'Cankiri', 223),
(3686, 'Corum', 223),
(3687, 'Denizli', 223),
(3688, 'Diyarbakir', 223),
(3689, 'Duzce', 223),
(3690, 'Edirne', 223),
(3691, 'Elazig', 223),
(3692, 'Erzincan', 223),
(3693, 'Erzurum', 223),
(3694, 'Eskisehir', 223),
(3695, 'Gaziantep', 223),
(3696, 'Giresun', 223),
(3697, 'Gumushane', 223),
(3698, 'Hakkari', 223),
(3699, 'Hatay', 223),
(3700, 'Icel', 223),
(3701, 'Igdir', 223),
(3702, 'Isparta', 223),
(3703, 'Istanbul', 223),
(3704, 'Izmir', 223),
(3705, 'Kahramanmaras', 223),
(3706, 'Karabuk', 223),
(3707, 'Karaman', 223),
(3708, 'Kars', 223),
(3709, 'Karsiyaka', 223),
(3710, 'Kastamonu', 223),
(3711, 'Kayseri', 223),
(3712, 'Kilis', 223),
(3713, 'Kirikkale', 223),
(3714, 'Kirklareli', 223),
(3715, 'Kirsehir', 223),
(3716, 'Kocaeli', 223),
(3717, 'Konya', 223),
(3718, 'Kutahya', 223),
(3719, 'Lefkosa', 223),
(3720, 'Malatya', 223),
(3721, 'Manisa', 223),
(3722, 'Mardin', 223),
(3723, 'Mugla', 223),
(3724, 'Mus', 223),
(3725, 'Nevsehir', 223),
(3726, 'Nigde', 223),
(3727, 'Ordu', 223),
(3728, 'Osmaniye', 223),
(3729, 'Rize', 223),
(3730, 'Sakarya', 223),
(3731, 'Samsun', 223),
(3732, 'Sanliurfa', 223),
(3733, 'Siirt', 223),
(3734, 'Sinop', 223),
(3735, 'Sirnak', 223),
(3736, 'Sivas', 223),
(3737, 'Tekirdag', 223),
(3738, 'Tokat', 223),
(3739, 'Trabzon', 223),
(3740, 'Tunceli', 223),
(3741, 'Usak', 223),
(3742, 'Van', 223),
(3743, 'Yalova', 223),
(3744, 'Yozgat', 223),
(3745, 'Zonguldak', 223),
(3746, 'Ahal', 224),
(3747, 'Asgabat', 224),
(3748, 'Balkan', 224),
(3749, 'Dasoguz', 224),
(3750, 'Lebap', 224),
(3751, 'Mari', 224),
(3752, 'Grand Turk', 225),
(3753, 'South Caicos and East Caicos', 225),
(3754, 'Funafuti', 226),
(3755, 'Nanumanga', 226),
(3756, 'Nanumea', 226),
(3757, 'Niutao', 226),
(3758, 'Nui', 226),
(3759, 'Nukufetau', 226),
(3760, 'Nukulaelae', 226),
(3761, 'Vaitupu', 226),
(3762, 'Central', 227),
(3763, 'Eastern', 227),
(3764, 'Northern', 227),
(3765, 'Western', 227),
(3766, 'Cherkas\'ka', 228),
(3767, 'Chernihivs\'ka', 228),
(3768, 'Chernivets\'ka', 228),
(3769, 'Crimea', 228),
(3770, 'Dnipropetrovska', 228),
(3771, 'Donets\'ka', 228),
(3772, 'Ivano-Frankivs\'ka', 228),
(3773, 'Kharkiv', 228),
(3774, 'Kharkov', 228),
(3775, 'Khersonska', 228),
(3776, 'Khmel\'nyts\'ka', 228),
(3777, 'Kirovohrad', 228),
(3778, 'Krym', 228),
(3779, 'Kyyiv', 228),
(3780, 'Kyyivs\'ka', 228),
(3781, 'L\'vivs\'ka', 228),
(3782, 'Luhans\'ka', 228),
(3783, 'Mykolayivs\'ka', 228),
(3784, 'Odes\'ka', 228),
(3785, 'Odessa', 228),
(3786, 'Poltavs\'ka', 228),
(3787, 'Rivnens\'ka', 228),
(3788, 'Sevastopol\'', 228),
(3789, 'Sums\'ka', 228),
(3790, 'Ternopil\'s\'ka', 228),
(3791, 'Volyns\'ka', 228),
(3792, 'Vynnyts\'ka', 228),
(3793, 'Zakarpats\'ka', 228),
(3794, 'Zaporizhia', 228),
(3795, 'Zhytomyrs\'ka', 228),
(3796, 'Abu Zabi', 229),
(3797, 'Ajman', 229),
(3798, 'Dubai', 229),
(3799, 'Ras al-Khaymah', 229),
(3800, 'Sharjah', 229),
(3801, 'Sharjha', 229),
(3802, 'Umm al Qaywayn', 229),
(3803, 'al-Fujayrah', 229),
(3804, 'ash-Shariqah', 229),
(3805, 'Aberdeen', 230),
(3806, 'Aberdeenshire', 230),
(3807, 'Argyll', 230),
(3808, 'Armagh', 230),
(3809, 'Bedfordshire', 230),
(3810, 'Belfast', 230),
(3811, 'Berkshire', 230),
(3812, 'Birmingham', 230),
(3813, 'Brechin', 230),
(3814, 'Bridgnorth', 230),
(3815, 'Bristol', 230),
(3816, 'Buckinghamshire', 230),
(3817, 'Cambridge', 230),
(3818, 'Cambridgeshire', 230),
(3819, 'Channel Islands', 230),
(3820, 'Cheshire', 230),
(3821, 'Cleveland', 230),
(3822, 'Co Fermanagh', 230),
(3823, 'Conwy', 230),
(3824, 'Cornwall', 230),
(3825, 'Coventry', 230),
(3826, 'Craven Arms', 230),
(3827, 'Cumbria', 230),
(3828, 'Denbighshire', 230),
(3829, 'Derby', 230),
(3830, 'Derbyshire', 230),
(3831, 'Devon', 230),
(3832, 'Dial Code Dungannon', 230),
(3833, 'Didcot', 230),
(3834, 'Dorset', 230),
(3835, 'Dunbartonshire', 230),
(3836, 'Durham', 230),
(3837, 'East Dunbartonshire', 230),
(3838, 'East Lothian', 230),
(3839, 'East Midlands', 230),
(3840, 'East Sussex', 230),
(3841, 'East Yorkshire', 230),
(3842, 'England', 230),
(3843, 'Essex', 230),
(3844, 'Fermanagh', 230),
(3845, 'Fife', 230),
(3846, 'Flintshire', 230),
(3847, 'Fulham', 230),
(3848, 'Gainsborough', 230),
(3849, 'Glocestershire', 230),
(3850, 'Gwent', 230),
(3851, 'Hampshire', 230),
(3852, 'Hants', 230),
(3853, 'Herefordshire', 230),
(3854, 'Hertfordshire', 230),
(3855, 'Ireland', 230),
(3856, 'Isle Of Man', 230),
(3857, 'Isle of Wight', 230),
(3858, 'Kenford', 230),
(3859, 'Kent', 230),
(3860, 'Kilmarnock', 230),
(3861, 'Lanarkshire', 230),
(3862, 'Lancashire', 230),
(3863, 'Leicestershire', 230),
(3864, 'Lincolnshire', 230),
(3865, 'Llanymynech', 230),
(3866, 'London', 230),
(3867, 'Ludlow', 230),
(3868, 'Manchester', 230),
(3869, 'Mayfair', 230),
(3870, 'Merseyside', 230),
(3871, 'Mid Glamorgan', 230),
(3872, 'Middlesex', 230),
(3873, 'Mildenhall', 230),
(3874, 'Monmouthshire', 230),
(3875, 'Newton Stewart', 230),
(3876, 'Norfolk', 230),
(3877, 'North Humberside', 230),
(3878, 'North Yorkshire', 230),
(3879, 'Northamptonshire', 230),
(3880, 'Northants', 230),
(3881, 'Northern Ireland', 230),
(3882, 'Northumberland', 230),
(3883, 'Nottinghamshire', 230),
(3884, 'Oxford', 230),
(3885, 'Powys', 230),
(3886, 'Roos-shire', 230),
(3887, 'SUSSEX', 230),
(3888, 'Sark', 230),
(3889, 'Scotland', 230),
(3890, 'Scottish Borders', 230),
(3891, 'Shropshire', 230),
(3892, 'Somerset', 230),
(3893, 'South Glamorgan', 230),
(3894, 'South Wales', 230),
(3895, 'South Yorkshire', 230),
(3896, 'Southwell', 230),
(3897, 'Staffordshire', 230),
(3898, 'Strabane', 230),
(3899, 'Suffolk', 230),
(3900, 'Surrey', 230),
(3901, 'Sussex', 230),
(3902, 'Twickenham', 230),
(3903, 'Tyne and Wear', 230),
(3904, 'Tyrone', 230),
(3905, 'Utah', 230),
(3906, 'Wales', 230),
(3907, 'Warwickshire', 230),
(3908, 'West Lothian', 230),
(3909, 'West Midlands', 230),
(3910, 'West Sussex', 230),
(3911, 'West Yorkshire', 230),
(3912, 'Whissendine', 230),
(3913, 'Wiltshire', 230),
(3914, 'Wokingham', 230),
(3915, 'Worcestershire', 230),
(3916, 'Wrexham', 230),
(3917, 'Wurttemberg', 230),
(3918, 'Yorkshire', 230),
(3919, 'Alabama', 231),
(3920, 'Alaska', 231),
(3921, 'Arizona', 231),
(3922, 'Arkansas', 231),
(3923, 'Byram', 231),
(3924, 'California', 231),
(3925, 'Cokato', 231),
(3926, 'Colorado', 231),
(3927, 'Connecticut', 231),
(3928, 'Delaware', 231),
(3929, 'District of Columbia', 231),
(3930, 'Florida', 231),
(3931, 'Georgia', 231),
(3932, 'Hawaii', 231),
(3933, 'Idaho', 231),
(3934, 'Illinois', 231),
(3935, 'Indiana', 231),
(3936, 'Iowa', 231),
(3937, 'Kansas', 231),
(3938, 'Kentucky', 231),
(3939, 'Louisiana', 231),
(3940, 'Lowa', 231),
(3941, 'Maine', 231),
(3942, 'Maryland', 231),
(3943, 'Massachusetts', 231),
(3944, 'Medfield', 231),
(3945, 'Michigan', 231),
(3946, 'Minnesota', 231),
(3947, 'Mississippi', 231),
(3948, 'Missouri', 231),
(3949, 'Montana', 231),
(3950, 'Nebraska', 231),
(3951, 'Nevada', 231),
(3952, 'New Hampshire', 231),
(3953, 'New Jersey', 231),
(3954, 'New Jersy', 231),
(3955, 'New Mexico', 231),
(3956, 'New York', 231),
(3957, 'North Carolina', 231),
(3958, 'North Dakota', 231),
(3959, 'Ohio', 231),
(3960, 'Oklahoma', 231),
(3961, 'Ontario', 231),
(3962, 'Oregon', 231),
(3963, 'Pennsylvania', 231),
(3964, 'Ramey', 231),
(3965, 'Rhode Island', 231),
(3966, 'South Carolina', 231),
(3967, 'South Dakota', 231),
(3968, 'Sublimity', 231),
(3969, 'Tennessee', 231),
(3970, 'Texas', 231),
(3971, 'Trimble', 231),
(3972, 'Utah', 231),
(3973, 'Vermont', 231),
(3974, 'Virginia', 231),
(3975, 'Washington', 231),
(3976, 'West Virginia', 231),
(3977, 'Wisconsin', 231),
(3978, 'Wyoming', 231),
(3979, 'United States Minor Outlying I', 232),
(3980, 'Artigas', 233),
(3981, 'Canelones', 233),
(3982, 'Cerro Largo', 233),
(3983, 'Colonia', 233),
(3984, 'Durazno', 233),
(3985, 'FLorida', 233),
(3986, 'Flores', 233),
(3987, 'Lavalleja', 233),
(3988, 'Maldonado', 233),
(3989, 'Montevideo', 233),
(3990, 'Paysandu', 233),
(3991, 'Rio Negro', 233),
(3992, 'Rivera', 233),
(3993, 'Rocha', 233),
(3994, 'Salto', 233),
(3995, 'San Jose', 233),
(3996, 'Soriano', 233),
(3997, 'Tacuarembo', 233),
(3998, 'Treinta y Tres', 233),
(3999, 'Andijon', 234),
(4000, 'Buhoro', 234),
(4001, 'Buxoro Viloyati', 234),
(4002, 'Cizah', 234),
(4003, 'Fargona', 234),
(4004, 'Horazm', 234),
(4005, 'Kaskadar', 234),
(4006, 'Korakalpogiston', 234),
(4007, 'Namangan', 234),
(4008, 'Navoi', 234),
(4009, 'Samarkand', 234),
(4010, 'Sirdare', 234),
(4011, 'Surhondar', 234),
(4012, 'Toskent', 234),
(4013, 'Malampa', 235),
(4014, 'Penama', 235),
(4015, 'Sanma', 235),
(4016, 'Shefa', 235),
(4017, 'Tafea', 235),
(4018, 'Torba', 235),
(4019, 'Vatican City State (Holy See)', 236),
(4020, 'Amazonas', 237),
(4021, 'Anzoategui', 237),
(4022, 'Apure', 237),
(4023, 'Aragua', 237),
(4024, 'Barinas', 237),
(4025, 'Bolivar', 237),
(4026, 'Carabobo', 237),
(4027, 'Cojedes', 237),
(4028, 'Delta Amacuro', 237),
(4029, 'Distrito Federal', 237),
(4030, 'Falcon', 237),
(4031, 'Guarico', 237),
(4032, 'Lara', 237),
(4033, 'Merida', 237),
(4034, 'Miranda', 237),
(4035, 'Monagas', 237),
(4036, 'Nueva Esparta', 237),
(4037, 'Portuguesa', 237),
(4038, 'Sucre', 237),
(4039, 'Tachira', 237),
(4040, 'Trujillo', 237),
(4041, 'Vargas', 237),
(4042, 'Yaracuy', 237),
(4043, 'Zulia', 237),
(4044, 'Bac Giang', 238),
(4045, 'Binh Dinh', 238),
(4046, 'Binh Duong', 238),
(4047, 'Da Nang', 238),
(4048, 'Dong Bang Song Cuu Long', 238),
(4049, 'Dong Bang Song Hong', 238),
(4050, 'Dong Nai', 238),
(4051, 'Dong Nam Bo', 238),
(4052, 'Duyen Hai Mien Trung', 238),
(4053, 'Hanoi', 238),
(4054, 'Hung Yen', 238),
(4055, 'Khu Bon Cu', 238),
(4056, 'Long An', 238),
(4057, 'Mien Nui Va Trung Du', 238),
(4058, 'Thai Nguyen', 238),
(4059, 'Thanh Pho Ho Chi Minh', 238),
(4060, 'Thu Do Ha Noi', 238),
(4061, 'Tinh Can Tho', 238),
(4062, 'Tinh Da Nang', 238),
(4063, 'Tinh Gia Lai', 238),
(4064, 'Anegada', 239),
(4065, 'Jost van Dyke', 239),
(4066, 'Tortola', 239),
(4067, 'Saint Croix', 240),
(4068, 'Saint John', 240),
(4069, 'Saint Thomas', 240),
(4070, 'Alo', 241),
(4071, 'Singave', 241),
(4072, 'Wallis', 241),
(4073, 'Bu Jaydur', 242),
(4074, 'Wad-adh-Dhahab', 242),
(4075, 'al-\'Ayun', 242),
(4076, 'as-Samarah', 242),
(4077, '\'Adan', 243),
(4078, 'Abyan', 243),
(4079, 'Dhamar', 243),
(4080, 'Hadramaut', 243),
(4081, 'Hajjah', 243),
(4082, 'Hudaydah', 243),
(4083, 'Ibb', 243),
(4084, 'Lahij', 243),
(4085, 'Ma\'rib', 243),
(4086, 'Madinat San\'a', 243),
(4087, 'Sa\'dah', 243),
(4088, 'Sana', 243),
(4089, 'Shabwah', 243),
(4090, 'Ta\'izz', 243),
(4091, 'al-Bayda', 243),
(4092, 'al-Hudaydah', 243),
(4093, 'al-Jawf', 243),
(4094, 'al-Mahrah', 243),
(4095, 'al-Mahwit', 243),
(4096, 'Central Serbia', 244),
(4097, 'Kosovo and Metohija', 244),
(4098, 'Montenegro', 244),
(4099, 'Republic of Serbia', 244),
(4100, 'Serbia', 244),
(4101, 'Vojvodina', 244),
(4102, 'Central', 245),
(4103, 'Copperbelt', 245),
(4104, 'Eastern', 245),
(4105, 'Luapala', 245),
(4106, 'Lusaka', 245),
(4107, 'North-Western', 245),
(4108, 'Northern', 245),
(4109, 'Southern', 245),
(4110, 'Western', 245),
(4111, 'Bulawayo', 246),
(4112, 'Harare', 246),
(4113, 'Manicaland', 246),
(4114, 'Mashonaland Central', 246),
(4115, 'Mashonaland East', 246),
(4116, 'Mashonaland West', 246),
(4117, 'Masvingo', 246),
(4118, 'Matabeleland North', 246),
(4119, 'Matabeleland South', 246),
(4120, 'Midlands', 246);

-- --------------------------------------------------------

--
-- Table structure for table `treatmentplans`
--

CREATE TABLE `treatmentplans` (
  `id` int(11) NOT NULL,
  `consultation_id` int(11) NOT NULL,
  `plan` text NOT NULL,
  `user_id` int(11) NOT NULL,
  `datecreated` timestamp NOT NULL DEFAULT CURRENT_TIMESTAMP,
  `comment` varchar(400) DEFAULT NULL
) ENGINE=InnoDB DEFAULT CHARSET=latin1;

--
-- Dumping data for table `treatmentplans`
--

INSERT INTO `treatmentplans` (`id`, `consultation_id`, `plan`, `user_id`, `datecreated`, `comment`) VALUES
(1, 1, '<p>here the doctors will reel out the treatment plan</p>\r\n\r\n<p>chroloquine *3 daily</p>\r\n\r\n<p>paracetamol *5 dailly</p>\r\n', 46, '2019-01-28 11:50:41', '<p>tell the nurse to ensure the times are kept</p>\r\n\r\n<p>now edited</p>\r\n'),
(2, 3, '<p>put him on moneyaria treatment for three days</p>\r\n', 46, '2019-01-31 11:58:57', '<p>please monitor closely</p>\r\n');

-- --------------------------------------------------------

--
-- Table structure for table `treatments`
--

CREATE TABLE `treatments` (
  `id` int(11) NOT NULL,
  `user_id` int(11) NOT NULL,
  `treatedon` timestamp NOT NULL DEFAULT CURRENT_TIMESTAMP,
  `treatmentgiven` varchar(900) NOT NULL,
  `nexttreatmentdate` varchar(100) NOT NULL,
  `comment` varchar(500) DEFAULT NULL,
  `consultation_id` int(11) NOT NULL
) ENGINE=InnoDB DEFAULT CHARSET=latin1;

--
-- Dumping data for table `treatments`
--

INSERT INTO `treatments` (`id`, `user_id`, `treatedon`, `treatmentgiven`, `nexttreatmentdate`, `comment`, `consultation_id`) VALUES
(1, 46, '2019-01-28 13:55:20', '<p>she was given chloroquine 45ml</p>\r\n\r\n<p>paracetamol one caplet</p>\r\n\r\n<p>chloromebendazol</p>\r\n', '01/29/2019', '<p>this is an optional comment box</p>\r\n', 1),
(2, 46, '2019-01-31 12:01:44', '<p>4.5ml of chroloquine given</p>\r\n\r\n<p>paracetamol given</p>\r\n', '02/01/2019', '<p>noticed improvement</p>\r\n', 3),
(3, 57, '2019-02-01 11:45:19', '<p>Given 4.5ml trycholorophenigal</p>\r\n\r\n<p>aoxine4.7ml</p>\r\n', '03/02/2019', '<p>seems he is responding but a bit allergic to bla bla</p>\r\n', 3);

-- --------------------------------------------------------

--
-- Table structure for table `userlogins`
--

CREATE TABLE `userlogins` (
  `id` int(11) NOT NULL,
  `user_id` int(11) NOT NULL,
  `logintime` timestamp NOT NULL DEFAULT CURRENT_TIMESTAMP,
  `logouttime` datetime DEFAULT '0000-00-00 00:00:00'
) ENGINE=MyISAM DEFAULT CHARSET=latin1;

--
-- Dumping data for table `userlogins`
--

INSERT INTO `userlogins` (`id`, `user_id`, `logintime`, `logouttime`) VALUES
(1, 1, '2018-10-29 08:15:44', '2018-10-29 08:16:18'),
(2, 1, '2018-10-29 08:20:28', '2018-10-30 06:31:28'),
(3, 1, '2018-10-30 06:31:28', '2018-10-31 07:30:30'),
(4, 1, '2018-10-31 07:30:30', '2018-10-31 13:44:38'),
(5, 1, '2018-10-31 13:44:38', '2018-10-31 15:33:00'),
(6, 1, '2018-10-31 15:33:00', '2018-11-01 06:52:08'),
(7, 1, '2018-11-01 06:52:08', '2018-11-01 10:11:09'),
(8, 1, '2018-11-01 10:11:09', '2018-11-01 12:30:33'),
(9, 1, '2018-11-01 12:30:33', '2018-11-01 13:20:44'),
(10, 46, '2018-11-01 13:20:48', '2018-11-01 14:31:23'),
(11, 1, '2018-11-01 14:31:38', '2018-11-01 15:05:46'),
(12, 46, '2018-11-01 15:05:59', '2018-11-02 08:08:13'),
(13, 46, '2018-11-02 08:08:13', '2018-11-02 08:34:15'),
(14, 46, '2018-11-02 08:34:15', '2018-11-05 07:53:33'),
(15, 46, '2018-11-05 07:53:33', '2018-11-05 09:32:11'),
(16, 1, '2018-11-05 09:32:34', '2018-11-06 10:17:58'),
(17, 48, '2018-11-05 09:46:51', '2018-11-05 10:38:15'),
(18, 48, '2018-11-05 10:38:15', '2018-11-05 12:29:36'),
(19, 46, '2018-11-05 12:29:48', '2018-11-05 13:54:18'),
(20, 46, '2018-11-05 13:54:18', '2018-11-05 13:55:54'),
(21, 48, '2018-11-05 13:56:04', '2018-11-06 07:53:08'),
(22, 48, '2018-11-06 07:53:08', '2019-01-06 20:01:15'),
(23, 1, '2018-11-06 10:17:58', '2018-11-06 11:41:49'),
(24, 1, '2018-11-06 12:56:59', '2018-11-06 13:52:54'),
(25, 1, '2018-11-06 13:52:54', '2018-11-06 14:05:34'),
(26, 1, '2018-11-06 14:05:34', '2018-11-07 08:24:54'),
(27, 1, '2018-11-07 08:24:54', '2018-11-07 09:07:38'),
(28, 1, '2018-11-07 09:07:38', '2018-11-07 10:34:33'),
(29, 1, '2018-11-07 10:34:33', '2018-11-07 12:07:06'),
(30, 50, '2018-11-07 12:07:34', '2018-11-07 12:37:56'),
(31, 50, '2018-11-07 12:37:56', '2018-11-07 15:14:24'),
(32, 1, '2018-11-07 15:14:41', '2018-11-08 08:07:03'),
(33, 1, '2018-11-08 08:07:03', '2018-11-08 08:36:57'),
(34, 50, '2018-11-08 08:37:27', '2018-11-08 12:54:33'),
(35, 50, '2018-11-08 12:54:33', '0000-00-00 00:00:00'),
(36, 1, '2018-11-08 14:42:01', '2018-11-09 08:42:12'),
(37, 1, '2018-11-09 08:42:13', '2018-11-09 08:50:32'),
(38, 52, '2018-11-09 08:50:49', '2018-11-09 09:21:14'),
(39, 52, '2018-11-09 09:21:14', '2018-11-09 10:10:45'),
(40, 52, '2018-11-09 10:10:45', '2018-11-09 12:26:58'),
(41, 52, '2018-11-09 12:26:58', '2018-11-09 13:00:03'),
(42, 1, '2018-11-09 13:00:44', '2018-11-09 13:24:46'),
(43, 53, '2018-11-09 13:24:53', '2018-11-12 08:22:40'),
(44, 53, '2018-11-12 08:22:40', '2018-11-12 09:15:01'),
(45, 53, '2018-11-12 09:15:01', '2018-11-12 10:37:29'),
(46, 53, '2018-11-12 10:37:29', '2018-11-12 10:39:35'),
(47, 54, '2018-11-12 10:39:49', '2018-11-13 09:35:02'),
(48, 54, '2018-11-13 09:35:02', '2018-11-13 12:34:20'),
(49, 54, '2018-11-13 12:34:20', '2019-02-01 16:23:53'),
(50, 1, '2019-01-05 18:31:09', '2019-01-06 08:08:19'),
(51, 55, '2019-01-05 18:37:37', '2019-01-05 18:52:00'),
(52, 52, '2019-01-05 18:54:42', '2019-01-05 19:52:41'),
(53, 55, '2019-01-05 18:56:32', '2019-01-05 19:39:26'),
(54, 55, '2019-01-05 19:39:26', '2019-01-05 21:19:39'),
(55, 52, '2019-01-05 19:52:41', '2019-01-05 20:30:13'),
(56, 52, '2019-01-05 20:30:13', '2019-01-05 21:41:55'),
(57, 55, '2019-01-05 21:19:39', '2019-01-05 21:42:27'),
(58, 52, '2019-01-05 21:41:55', '2019-01-05 21:42:14'),
(59, 55, '2019-01-05 21:42:27', '2019-01-05 21:51:24'),
(60, 55, '2019-01-06 06:38:35', '2019-01-06 08:06:00'),
(61, 1, '2019-01-06 08:08:19', '2019-01-18 10:45:51'),
(62, 57, '2019-01-06 08:16:04', '2019-01-06 08:31:59'),
(63, 55, '2019-01-06 08:32:16', '2019-01-06 08:32:46'),
(64, 57, '2019-01-06 08:33:06', '2019-01-06 15:28:43'),
(65, 57, '2019-01-06 15:28:43', '2019-01-06 16:20:53'),
(66, 2, '2019-01-06 16:21:15', '2019-01-06 19:56:51'),
(67, 48, '2019-01-06 20:01:15', '2019-01-06 20:54:11'),
(68, 55, '2019-01-06 20:54:29', '2019-01-06 20:57:22'),
(69, 52, '2019-01-06 20:56:21', '2019-01-18 10:44:03'),
(70, 57, '2019-01-06 20:57:40', '2019-01-06 20:58:58'),
(71, 2, '2019-01-06 20:59:17', '2019-01-07 08:04:23'),
(72, 2, '2019-01-07 08:04:23', '2019-01-07 10:29:43'),
(73, 2, '2019-01-07 10:29:43', '2019-01-07 13:26:25'),
(74, 57, '2019-01-07 10:52:03', '2019-01-07 19:29:29'),
(75, 2, '2019-01-07 13:26:25', '2019-01-07 19:28:52'),
(76, 57, '2019-01-07 19:29:29', '2019-01-07 19:50:11'),
(77, 46, '2019-01-07 19:50:28', '2019-01-07 20:08:08'),
(78, 48, '2019-01-07 20:08:19', '2019-01-07 21:14:19'),
(79, 46, '2019-01-07 21:14:31', '2019-01-07 21:15:19'),
(80, 48, '2019-01-07 21:15:33', '2019-01-14 10:22:59'),
(81, 57, '2019-01-08 12:18:48', '2019-01-10 21:36:07'),
(82, 55, '2019-01-10 18:11:48', '2019-01-10 19:26:59'),
(83, 55, '2019-01-10 19:27:00', '2019-01-10 21:33:11'),
(84, 55, '2019-01-10 21:33:11', '2019-01-10 21:35:53'),
(85, 57, '2019-01-10 21:36:07', '2019-01-11 08:28:51'),
(86, 55, '2019-01-11 08:12:37', '2019-01-18 10:49:10'),
(87, 46, '2019-01-11 08:12:49', '2019-01-11 08:28:12'),
(88, 57, '2019-01-11 08:28:51', '2019-01-11 10:15:35'),
(89, 46, '2019-01-11 10:02:51', '2019-01-11 10:15:16'),
(90, 57, '2019-01-11 10:15:35', '2019-01-11 13:43:08'),
(91, 57, '2019-01-11 13:43:08', '2019-01-16 10:17:55'),
(92, 46, '2019-01-12 07:42:36', '2019-01-12 08:27:46'),
(93, 46, '2019-01-12 08:27:46', '2019-01-14 07:13:22'),
(94, 46, '2019-01-14 07:13:22', '2019-01-14 08:17:07'),
(95, 46, '2019-01-14 08:17:19', '2019-01-14 09:32:06'),
(96, 46, '2019-01-14 09:32:06', '2019-01-14 10:22:48'),
(97, 48, '2019-01-14 10:22:59', '2019-01-14 12:13:38'),
(98, 46, '2019-01-14 12:13:59', '2019-01-14 14:08:53'),
(99, 48, '2019-01-14 14:08:17', '2019-01-14 14:08:42'),
(100, 46, '2019-01-14 14:08:53', '2019-01-14 14:19:55'),
(101, 48, '2019-01-14 14:20:08', '2019-01-16 09:35:59'),
(102, 46, '2019-01-15 07:10:55', '2019-01-16 08:37:50'),
(103, 46, '2019-01-16 08:37:50', '2019-01-16 09:34:41'),
(104, 48, '2019-01-16 09:35:59', '2019-01-16 09:39:37'),
(105, 46, '2019-01-16 09:39:51', '2019-01-16 10:17:22'),
(106, 57, '2019-01-16 10:17:55', '2019-01-16 11:11:37'),
(107, 57, '2019-01-16 11:11:37', '2019-01-17 07:29:58'),
(108, 57, '2019-01-17 07:29:58', '2019-01-29 12:52:56'),
(109, 48, '2019-01-18 08:46:58', '2019-01-31 12:04:18'),
(110, 52, '2019-01-18 10:44:03', '2019-01-18 10:45:04'),
(111, 1, '2019-01-18 10:45:51', '2019-01-18 10:47:01'),
(112, 1, '2019-01-18 10:47:01', '2019-01-18 10:47:11'),
(113, 55, '2019-01-18 10:49:10', '2019-02-21 11:15:33'),
(114, 46, '2019-01-24 06:29:06', '2019-01-28 06:55:16'),
(115, 46, '2019-01-28 06:55:16', '2019-01-28 07:40:52'),
(116, 46, '2019-01-28 07:40:52', '2019-01-28 11:03:23'),
(117, 46, '2019-01-28 11:03:23', '2019-01-28 13:06:10'),
(118, 46, '2019-01-28 13:06:10', '2019-01-28 13:48:19'),
(119, 46, '2019-01-28 13:48:19', '2019-01-28 14:51:24'),
(120, 46, '2019-01-28 14:51:24', '2019-01-29 10:05:39'),
(121, 46, '2019-01-29 10:05:39', '2019-01-29 12:51:49'),
(122, 57, '2019-01-29 12:52:56', '2019-01-29 13:13:20'),
(123, 52, '2019-01-29 13:13:34', '2019-01-29 13:17:24'),
(124, 1, '2019-01-29 13:17:38', '2019-01-29 14:46:43'),
(125, 1, '2019-01-30 11:22:50', '2019-01-30 11:52:53'),
(126, 1, '2019-01-30 11:52:53', '2019-01-31 09:30:45'),
(127, 1, '2019-01-31 09:30:45', '2019-01-31 11:48:21'),
(128, 1, '2019-01-31 11:48:21', '2019-01-31 11:48:39'),
(129, 46, '2019-01-31 11:49:01', '2019-01-31 12:03:18'),
(130, 48, '2019-01-31 12:04:18', '2019-01-31 13:02:48'),
(131, 1, '2019-01-31 13:02:59', '2019-01-31 13:05:20'),
(132, 48, '2019-01-31 13:05:36', '2019-01-31 13:17:58'),
(133, 48, '2019-01-31 13:18:24', '2019-01-31 15:46:49'),
(134, 48, '2019-01-31 15:46:49', '2019-02-01 10:15:24'),
(135, 48, '2019-02-01 10:15:24', '2019-02-01 10:48:17'),
(136, 57, '2019-02-01 10:48:46', '2019-02-01 11:40:56'),
(137, 57, '2019-02-01 11:40:56', '2019-02-01 13:33:13'),
(138, 57, '2019-02-01 13:33:13', '2019-02-01 15:45:02'),
(139, 57, '2019-02-01 15:45:29', '2019-02-01 15:52:12'),
(140, 1, '2019-02-01 15:52:31', '2019-02-01 16:23:41'),
(141, 54, '2019-02-01 16:23:53', '2019-02-21 11:51:26'),
(142, 1, '2019-02-05 10:18:52', '2019-02-05 12:09:28'),
(143, 1, '2019-02-05 12:09:28', '2019-02-05 13:00:01'),
(144, 55, '2019-02-21 11:15:33', '2019-03-08 15:39:45'),
(145, 54, '2019-02-21 11:51:26', '2019-02-21 12:25:56'),
(146, 54, '2019-02-21 12:25:56', '2019-02-21 13:07:09'),
(147, 54, '2019-02-21 13:07:09', '2019-02-22 09:04:17'),
(148, 54, '2019-02-22 09:04:18', '2019-02-22 09:45:40'),
(149, 54, '2019-02-22 09:45:40', '2019-02-22 09:51:39'),
(150, 48, '2019-02-22 09:51:55', '2019-02-22 09:59:05'),
(151, 1, '2019-02-22 10:01:36', '2019-02-22 10:50:47'),
(152, 54, '2019-02-22 10:51:41', '2019-02-22 11:54:42'),
(153, 54, '2019-02-22 11:54:42', '2019-02-22 12:34:22'),
(154, 54, '2019-02-22 12:41:36', '2019-02-22 12:47:41'),
(155, 57, '2019-02-22 12:48:13', '2019-02-22 14:06:55'),
(156, 54, '2019-02-22 14:05:29', '2019-02-22 14:06:38'),
(157, 57, '2019-02-22 14:06:55', '2019-02-22 15:27:12'),
(158, 57, '2019-02-22 15:27:12', '2019-02-23 18:32:23'),
(159, 57, '2019-02-23 18:32:24', '2019-02-25 11:39:55'),
(160, 54, '2019-02-25 11:12:34', '2019-02-25 11:43:41'),
(161, 57, '2019-02-25 11:39:55', '2019-02-25 11:43:03'),
(162, 54, '2019-02-25 11:43:41', '2019-02-25 11:45:41'),
(163, 57, '2019-02-25 11:45:54', '2019-02-25 11:49:49'),
(164, 54, '2019-02-25 11:49:58', '2019-02-25 11:51:45'),
(165, 57, '2019-02-25 11:51:55', '2019-02-25 12:40:50'),
(166, 1, '2019-02-25 12:41:00', '2019-02-25 13:00:20'),
(167, 58, '2019-02-25 13:01:09', '0000-00-00 00:00:00'),
(168, 1, '2019-02-26 13:39:53', '2019-02-26 15:16:53'),
(169, 1, '2019-02-26 15:16:53', '2019-02-26 15:30:14'),
(170, 46, '2019-02-26 15:30:25', '2019-02-26 16:08:01'),
(171, 57, '2019-02-26 16:08:12', '2019-02-26 16:23:20'),
(172, 52, '2019-02-26 16:23:31', '2019-03-04 11:51:24'),
(173, 54, '2019-03-04 09:56:50', '2019-03-04 11:02:55'),
(174, 57, '2019-03-04 11:03:11', '2019-03-04 11:49:12'),
(175, 52, '2019-03-04 11:51:24', '2019-03-04 11:52:17'),
(176, 57, '2019-03-04 11:52:50', '2019-03-04 12:10:55'),
(177, 57, '2019-03-04 12:13:21', '2019-03-04 14:43:33'),
(178, 57, '2019-03-04 14:43:33', '2019-03-06 15:17:48'),
(179, 46, '2019-03-05 10:23:49', '0000-00-00 00:00:00'),
(180, 57, '2019-03-06 15:17:48', '2019-03-06 15:18:59'),
(181, 54, '2019-03-06 15:19:12', '2019-03-08 11:56:41'),
(182, 1, '2019-03-08 10:11:42', '2019-03-08 11:43:14'),
(183, 1, '2019-03-08 11:43:14', '2019-03-08 11:56:24'),
(184, 54, '2019-03-08 11:56:41', '2019-03-08 11:58:08'),
(185, 1, '2019-03-08 11:58:16', '2019-03-08 12:28:03'),
(186, 59, '2019-03-08 12:28:20', '2019-03-08 12:29:01'),
(187, 1, '2019-03-08 12:29:07', '2019-03-08 12:33:16'),
(188, 60, '2019-03-08 12:33:47', '2019-03-08 15:32:21'),
(189, 60, '2019-03-08 15:32:22', '2019-03-08 15:36:36'),
(190, 57, '2019-03-08 15:37:12', '2019-03-08 15:38:50'),
(191, 55, '2019-03-08 15:39:45', '2019-03-08 15:48:22'),
(192, 60, '2019-03-08 15:48:51', '2019-03-11 07:56:35'),
(193, 60, '2019-03-11 07:56:35', '2019-03-11 08:16:30'),
(194, 2, '2019-03-11 08:16:46', '2019-03-11 09:50:08'),
(195, 1, '2019-03-11 09:42:31', '2019-03-11 09:42:55'),
(196, 1, '2019-03-11 09:44:06', '2019-03-11 09:48:59'),
(197, 2, '2019-03-11 09:50:08', '2019-03-11 09:51:10'),
(198, 48, '2019-03-11 10:05:39', '0000-00-00 00:00:00'),
(199, 54, '2019-03-11 11:23:47', '0000-00-00 00:00:00'),
(200, 57, '2019-03-11 12:18:54', '2019-03-11 12:33:03'),
(201, 52, '2019-03-11 12:33:13', '2019-03-11 12:40:57'),
(202, 57, '2019-03-11 12:41:08', '0000-00-00 00:00:00'),
(203, 2, '2019-03-11 13:50:32', '0000-00-00 00:00:00');

-- --------------------------------------------------------

--
-- Table structure for table `users`
--

CREATE TABLE `users` (
  `id` int(11) NOT NULL,
  `username` varchar(250) CHARACTER SET utf8 COLLATE utf8_unicode_ci NOT NULL,
  `password` varchar(250) CHARACTER SET utf8 COLLATE utf8_unicode_ci NOT NULL,
  `role_id` int(11) NOT NULL,
  `fname` varchar(64) NOT NULL,
  `lname` varchar(64) NOT NULL,
  `mname` varchar(64) DEFAULT NULL,
  `gender` varchar(15) NOT NULL,
  `address` varchar(250) NOT NULL,
  `country_id` int(11) NOT NULL,
  `state_id` int(11) NOT NULL,
  `phone` varchar(32) NOT NULL,
  `department_id` int(11) NOT NULL,
  `profile` text,
  `photo` varchar(128) DEFAULT NULL,
  `dob` varchar(64) DEFAULT NULL,
  `created_date` timestamp NOT NULL DEFAULT CURRENT_TIMESTAMP,
  `created_by` int(11) NOT NULL,
  `passport` varchar(128) DEFAULT NULL
) ENGINE=MyISAM DEFAULT CHARSET=latin1;

--
-- Dumping data for table `users`
--

INSERT INTO `users` (`id`, `username`, `password`, `role_id`, `fname`, `lname`, `mname`, `gender`, `address`, `country_id`, `state_id`, `phone`, `department_id`, `profile`, `photo`, `dob`, `created_date`, `created_by`, `passport`) VALUES
(1, 'admin@demo.com', '$2y$10$lSQBuFK8p.aGIxzh2MuWneB.gqL8wMSa6GcoOFsJ2RBxMZYS6Mu4q', 1, 'admin', 'admin', 'admin', 'Male', 'NetPro international', 160, 23, '080300000000', 1, 'profile', NULL, NULL, '2018-10-29 07:52:04', 1, NULL),
(2, 'doctor@demo.com', '$2y$10$ZXGboeUM0rgfMDF.Freix.f/gDQ9T8Y5fPoxpemVXWZcqU6FuGl.6', 2, 'Vincents', 'Oti', 'Oden', 'Male', 'address', 160, 23, '08035402345', 1, 'profile', NULL, NULL, '2018-10-29 07:52:04', 1, NULL),
(45, 'st.kayz1@gmail.com', '$2y$10$5qMSqyfPitMRzch4.Wnpg./.Y8Mm2NQjGp7bHikHr.8RYHP2Z2GSq', 2, 'Chukwudi', 'Aniegboka', 'Doctor1', 'Male', 'Imo state', 160, 2663, '+2348035400617', 1, 'This is just a test profile from the admin.', NULL, '2019-04-08', '2018-11-01 08:12:40', 1, NULL),
(46, 'doctor1@demo.com', '$2y$10$ddgK3WTxLlJoXtFNOemga.xa5gxvoCU8DG.hWOQhO9LNAH3cWJORe', 2, 'chukd', 'okafo', 'stev', 'MALE', '64 emekuku, D/line, portharcourt.\r\n51, Ojoto, mile 2, diobu, portharcourt.', 160, 2647, '08034826937', 17, 'doctor chukd has 5 years experince in medice even before the age of 12', NULL, '11/10/1986', '2018-11-01 13:20:24', 46, '281eaac38ae216e4faaafa2af4586bc31547453738.jpg'),
(57, 'nurse@demo.com', '$2y$10$nWbOAhl.17GomtartXUT7ehwzgtx/4ek6Q27QQtlRe4Oge3K5IqeC', 3, 'Nurse', 'Nurse', 'Nurse', 'Female', '29 Umaru dikko street, Jabi\r\n29 Umaru dikko street, Jabi', 160, 2647, '+2348035400621', 1, 'profille', NULL, '01/09/2019', '2019-01-06 08:15:38', 1, NULL),
(48, 'lab@demo.com', '$2y$10$lSQBuFK8p.aGIxzh2MuWneB.gqL8wMSa6GcoOFsJ2RBxMZYS6Mu4q', 5, 'Thelab Guy', 'Lab Attendant', 'Laby', 'Female', 'Abuja', 22, 345, '0890000099', 2, 'has 5 years experience in the field', 'kdfhkdfjdfjdkfj', '11/2/1986', '2018-11-05 09:44:34', 48, '6542bb18d50088d6eed3e6af0d0d89cf1548940598.jpg'),
(52, 'accountant@demo.com', '$2y$10$9MZDP5BlgVdY64dXVVImae6E14BWbzmj8a0uY2AiOhqxp.aOcE/by', 6, 'Theaccountant', 'accounts', 'mname', 'MALE', 'AREA3, 40 MILES FROM WHITE HOUSE', 160, 2660, '+2348122260140', 1, 'the accountant profile', NULL, '11/27/2018', '2018-11-09 08:50:07', 1, NULL),
(60, 'pharmacist@demo.com', '$2y$10$aEOOeNIfWVdXIA68WhUDhOPKGpL90BjsD/bcTWHQZrbPZqeG02X5y', 4, 'Mr John ', 'Snow', 'Middle Town', 'Male', 'AREA3, 40 MILES FROM WHITE HOUSE', 160, 2658, '8060407160', 3, 'the profile goes here', NULL, '06/03/2018', '2019-03-08 12:31:31', 1, 'e48a83e6e0a3d307de753ecb813b7f651552048290.jpg'),
(54, 'docchukd@demo.com', '$2y$10$i59f/P.rDxmVsdbXUP.sreESQL1X4qDMhQpmIv1wGVetaGTXyiod2', 2, 'docchukd', 'chukd', 'c', 'MALE', 'NO. 7 SALOEZEAKAIBEYA CRESCENT, MMAKWUM OBOSI', 160, 2647, '09098765432', 17, 'coming with 19 years medical experience from usa', NULL, '05/11/2011', '2018-11-12 10:39:18', 53, NULL),
(55, 'register@demo.com', '$2y$10$5eQklQ2YTkHJmfDLYEzFYeOf3YtKEW8EJkUgb1IWPZ9VSVhT0XNc.', 7, 'Registration', 'Registration', 'Registration', 'Male', 'Address', 160, 2647, '+2348035400621', 5, '', NULL, '', '2019-01-05 18:37:07', 1, NULL),
(59, 'staffnurse@demo.com', '$2y$10$AMdl3pqNA0xh0baXPJ9z1ez65O8lHo71fomFktJ7HHyvSyBri6pca', 3, 'Mrs Oluwafolahan', 'Temi', 'Dayo', 'Female', 'No .8 Boms avenue Elekahia\r\nTrans Amadi industrial layout', 160, 2647, '8122260140', 17, 'the profile goes here if available', NULL, '03/03/2019', '2019-03-08 11:45:07', 1, '7215132df895e3bb40d26deb107907e21552045507.jpg');

-- --------------------------------------------------------

--
-- Table structure for table `vitals`
--

CREATE TABLE `vitals` (
  `id` int(11) NOT NULL,
  `patient_id` int(11) NOT NULL,
  `date_added` timestamp NOT NULL DEFAULT CURRENT_TIMESTAMP,
  `temp` double NOT NULL,
  `pulse` int(11) NOT NULL,
  `bp` varchar(16) NOT NULL,
  `resp` varchar(16) NOT NULL,
  `description` text NOT NULL,
  `status` int(11) NOT NULL DEFAULT '0',
  `weight` double DEFAULT NULL,
  `height` double DEFAULT NULL,
  `bmi` double DEFAULT NULL,
  `hcm` varchar(50) NOT NULL,
  `blength` varchar(50) NOT NULL,
  `apgar1` varchar(40) NOT NULL,
  `apgar2` varchar(40) NOT NULL
) ENGINE=InnoDB DEFAULT CHARSET=utf8;

--
-- Dumping data for table `vitals`
--

INSERT INTO `vitals` (`id`, `patient_id`, `date_added`, `temp`, `pulse`, `bp`, `resp`, `description`, `status`, `weight`, `height`, `bmi`, `hcm`, `blength`, `apgar1`, `apgar2`) VALUES
(2, 8, '2019-01-06 15:56:24', 1111, 111, '200/300', '456', 'lllllllllllllllll', 0, NULL, NULL, NULL, '', '', '', ''),
(3, 8, '2019-01-06 16:01:40', 29, 150, '180/100', '120', 'Comment', 0, NULL, NULL, NULL, '', '', '', ''),
(4, 9, '2019-01-06 20:58:14', 27, 120, '180/100', '120', 'some comments', 0, NULL, NULL, NULL, '', '', '', ''),
(5, 9, '2019-01-07 10:53:07', 24, 299, '180/100', '120', 'some comments goes in here...', 0, NULL, NULL, NULL, '', '', '', ''),
(6, 10, '2019-01-07 19:44:52', 67, 58, '78/40', '65', 'he is having issues sleeping at night', 0, 78, 7.6, NULL, '', '', '', ''),
(7, 8, '2019-01-08 12:37:30', 55, 67, '78/40', '65', 'feeling weak, dizzy, pain in the back', 0, 76, 5.5, 36, '', '', '', ''),
(8, 14, '2019-01-10 22:03:32', 45, 67, '300/467', '65', 'this is the case history', 0, 58, 7, 67, '45', '56', '44', '66'),
(9, 15, '2019-01-29 13:02:58', 37, 74, '300/467', '65', 'has been having this synthoms for the past month', 0, 65, 5.6, 580.36, '', '', '', '');

-- --------------------------------------------------------

--
-- Table structure for table `wards`
--

CREATE TABLE `wards` (
  `id` int(11) NOT NULL,
  `wardname` varchar(160) NOT NULL
) ENGINE=InnoDB DEFAULT CHARSET=latin1;

--
-- Dumping data for table `wards`
--

INSERT INTO `wards` (`id`, `wardname`) VALUES
(1, 'Adult'),
(2, 'Children'),
(3, 'Private'),
(4, 'First Class');

--
-- Indexes for dumped tables
--

--
-- Indexes for table `accountants`
--
ALTER TABLE `accountants`
  ADD PRIMARY KEY (`id`);

--
-- Indexes for table `admins`
--
ALTER TABLE `admins`
  ADD PRIMARY KEY (`id`);

--
-- Indexes for table `admissions`
--
ALTER TABLE `admissions`
  ADD PRIMARY KEY (`id`);

--
-- Indexes for table `appointments`
--
ALTER TABLE `appointments`
  ADD PRIMARY KEY (`id`);

--
-- Indexes for table `audits`
--
ALTER TABLE `audits`
  ADD PRIMARY KEY (`id`);

--
-- Indexes for table `bedallotments`
--
ALTER TABLE `bedallotments`
  ADD PRIMARY KEY (`id`);

--
-- Indexes for table `beds`
--
ALTER TABLE `beds`
  ADD PRIMARY KEY (`id`);

--
-- Indexes for table `bloodbank`
--
ALTER TABLE `bloodbank`
  ADD PRIMARY KEY (`id`);

--
-- Indexes for table `blooddonors`
--
ALTER TABLE `blooddonors`
  ADD PRIMARY KEY (`id`);

--
-- Indexes for table `categories`
--
ALTER TABLE `categories`
  ADD PRIMARY KEY (`id`);

--
-- Indexes for table `consultations`
--
ALTER TABLE `consultations`
  ADD PRIMARY KEY (`id`);

--
-- Indexes for table `countries`
--
ALTER TABLE `countries`
  ADD PRIMARY KEY (`id`);

--
-- Indexes for table `departments`
--
ALTER TABLE `departments`
  ADD PRIMARY KEY (`id`);

--
-- Indexes for table `diagnosisreports`
--
ALTER TABLE `diagnosisreports`
  ADD PRIMARY KEY (`id`);

--
-- Indexes for table `diagnosistypes`
--
ALTER TABLE `diagnosistypes`
  ADD PRIMARY KEY (`id`);

--
-- Indexes for table `doctors`
--
ALTER TABLE `doctors`
  ADD PRIMARY KEY (`id`);

--
-- Indexes for table `emailtemplate`
--
ALTER TABLE `emailtemplate`
  ADD PRIMARY KEY (`id`);

--
-- Indexes for table `frontdesks`
--
ALTER TABLE `frontdesks`
  ADD PRIMARY KEY (`id`);

--
-- Indexes for table `invoices`
--
ALTER TABLE `invoices`
  ADD PRIMARY KEY (`id`);

--
-- Indexes for table `laboratorists`
--
ALTER TABLE `laboratorists`
  ADD PRIMARY KEY (`id`);

--
-- Indexes for table `labtests`
--
ALTER TABLE `labtests`
  ADD PRIMARY KEY (`id`);

--
-- Indexes for table `language`
--
ALTER TABLE `language`
  ADD PRIMARY KEY (`phrase_id`);

--
-- Indexes for table `logs`
--
ALTER TABLE `logs`
  ADD PRIMARY KEY (`id`);

--
-- Indexes for table `medicines`
--
ALTER TABLE `medicines`
  ADD PRIMARY KEY (`id`);

--
-- Indexes for table `medicine_categories`
--
ALTER TABLE `medicine_categories`
  ADD PRIMARY KEY (`id`);

--
-- Indexes for table `messages`
--
ALTER TABLE `messages`
  ADD PRIMARY KEY (`id`);

--
-- Indexes for table `noticeboards`
--
ALTER TABLE `noticeboards`
  ADD PRIMARY KEY (`id`);

--
-- Indexes for table `nurses`
--
ALTER TABLE `nurses`
  ADD PRIMARY KEY (`id`);

--
-- Indexes for table `patients`
--
ALTER TABLE `patients`
  ADD PRIMARY KEY (`id`);

--
-- Indexes for table `payments`
--
ALTER TABLE `payments`
  ADD PRIMARY KEY (`id`);

--
-- Indexes for table `pharmacists`
--
ALTER TABLE `pharmacists`
  ADD PRIMARY KEY (`id`);

--
-- Indexes for table `prescriptions`
--
ALTER TABLE `prescriptions`
  ADD PRIMARY KEY (`id`);

--
-- Indexes for table `reports`
--
ALTER TABLE `reports`
  ADD PRIMARY KEY (`id`);

--
-- Indexes for table `roles`
--
ALTER TABLE `roles`
  ADD PRIMARY KEY (`id`);

--
-- Indexes for table `settings`
--
ALTER TABLE `settings`
  ADD PRIMARY KEY (`id`);

--
-- Indexes for table `staffs`
--
ALTER TABLE `staffs`
  ADD PRIMARY KEY (`id`);

--
-- Indexes for table `states`
--
ALTER TABLE `states`
  ADD PRIMARY KEY (`id`);

--
-- Indexes for table `treatmentplans`
--
ALTER TABLE `treatmentplans`
  ADD PRIMARY KEY (`id`);

--
-- Indexes for table `treatments`
--
ALTER TABLE `treatments`
  ADD PRIMARY KEY (`id`);

--
-- Indexes for table `userlogins`
--
ALTER TABLE `userlogins`
  ADD PRIMARY KEY (`id`);

--
-- Indexes for table `users`
--
ALTER TABLE `users`
  ADD PRIMARY KEY (`id`);

--
-- Indexes for table `vitals`
--
ALTER TABLE `vitals`
  ADD PRIMARY KEY (`id`);

--
-- Indexes for table `wards`
--
ALTER TABLE `wards`
  ADD PRIMARY KEY (`id`);

--
-- AUTO_INCREMENT for dumped tables
--

--
-- AUTO_INCREMENT for table `accountants`
--
ALTER TABLE `accountants`
  MODIFY `id` int(11) NOT NULL AUTO_INCREMENT;

--
-- AUTO_INCREMENT for table `admins`
--
ALTER TABLE `admins`
  MODIFY `id` int(11) NOT NULL AUTO_INCREMENT, AUTO_INCREMENT=2;

--
-- AUTO_INCREMENT for table `admissions`
--
ALTER TABLE `admissions`
  MODIFY `id` int(11) NOT NULL AUTO_INCREMENT, AUTO_INCREMENT=8;

--
-- AUTO_INCREMENT for table `appointments`
--
ALTER TABLE `appointments`
  MODIFY `id` int(11) NOT NULL AUTO_INCREMENT, AUTO_INCREMENT=19;

--
-- AUTO_INCREMENT for table `audits`
--
ALTER TABLE `audits`
  MODIFY `id` int(11) NOT NULL AUTO_INCREMENT, AUTO_INCREMENT=2;

--
-- AUTO_INCREMENT for table `bedallotments`
--
ALTER TABLE `bedallotments`
  MODIFY `id` int(11) NOT NULL AUTO_INCREMENT, AUTO_INCREMENT=2;

--
-- AUTO_INCREMENT for table `beds`
--
ALTER TABLE `beds`
  MODIFY `id` int(11) NOT NULL AUTO_INCREMENT, AUTO_INCREMENT=4;

--
-- AUTO_INCREMENT for table `bloodbank`
--
ALTER TABLE `bloodbank`
  MODIFY `id` int(11) NOT NULL AUTO_INCREMENT, AUTO_INCREMENT=9;

--
-- AUTO_INCREMENT for table `blooddonors`
--
ALTER TABLE `blooddonors`
  MODIFY `id` int(11) NOT NULL AUTO_INCREMENT, AUTO_INCREMENT=2;

--
-- AUTO_INCREMENT for table `categories`
--
ALTER TABLE `categories`
  MODIFY `id` int(11) NOT NULL AUTO_INCREMENT;

--
-- AUTO_INCREMENT for table `consultations`
--
ALTER TABLE `consultations`
  MODIFY `id` int(11) NOT NULL AUTO_INCREMENT, AUTO_INCREMENT=5;

--
-- AUTO_INCREMENT for table `departments`
--
ALTER TABLE `departments`
  MODIFY `id` int(11) NOT NULL AUTO_INCREMENT, AUTO_INCREMENT=21;

--
-- AUTO_INCREMENT for table `diagnosisreports`
--
ALTER TABLE `diagnosisreports`
  MODIFY `id` int(11) NOT NULL AUTO_INCREMENT, AUTO_INCREMENT=16;

--
-- AUTO_INCREMENT for table `diagnosistypes`
--
ALTER TABLE `diagnosistypes`
  MODIFY `id` int(11) NOT NULL AUTO_INCREMENT, AUTO_INCREMENT=10;

--
-- AUTO_INCREMENT for table `doctors`
--
ALTER TABLE `doctors`
  MODIFY `id` int(11) NOT NULL AUTO_INCREMENT;

--
-- AUTO_INCREMENT for table `emailtemplate`
--
ALTER TABLE `emailtemplate`
  MODIFY `id` int(11) NOT NULL AUTO_INCREMENT;

--
-- AUTO_INCREMENT for table `frontdesks`
--
ALTER TABLE `frontdesks`
  MODIFY `id` int(11) NOT NULL AUTO_INCREMENT;

--
-- AUTO_INCREMENT for table `invoices`
--
ALTER TABLE `invoices`
  MODIFY `id` int(11) NOT NULL AUTO_INCREMENT, AUTO_INCREMENT=20;

--
-- AUTO_INCREMENT for table `laboratorists`
--
ALTER TABLE `laboratorists`
  MODIFY `id` int(11) NOT NULL AUTO_INCREMENT;

--
-- AUTO_INCREMENT for table `labtests`
--
ALTER TABLE `labtests`
  MODIFY `id` int(11) NOT NULL AUTO_INCREMENT, AUTO_INCREMENT=8;

--
-- AUTO_INCREMENT for table `language`
--
ALTER TABLE `language`
  MODIFY `phrase_id` int(11) NOT NULL AUTO_INCREMENT, AUTO_INCREMENT=234;

--
-- AUTO_INCREMENT for table `logs`
--
ALTER TABLE `logs`
  MODIFY `id` int(11) NOT NULL AUTO_INCREMENT, AUTO_INCREMENT=290;

--
-- AUTO_INCREMENT for table `medicines`
--
ALTER TABLE `medicines`
  MODIFY `id` int(11) NOT NULL AUTO_INCREMENT;

--
-- AUTO_INCREMENT for table `medicine_categories`
--
ALTER TABLE `medicine_categories`
  MODIFY `id` int(11) NOT NULL AUTO_INCREMENT;

--
-- AUTO_INCREMENT for table `noticeboards`
--
ALTER TABLE `noticeboards`
  MODIFY `id` int(11) NOT NULL AUTO_INCREMENT;

--
-- AUTO_INCREMENT for table `nurses`
--
ALTER TABLE `nurses`
  MODIFY `id` int(11) NOT NULL AUTO_INCREMENT;

--
-- AUTO_INCREMENT for table `patients`
--
ALTER TABLE `patients`
  MODIFY `id` int(11) NOT NULL AUTO_INCREMENT, AUTO_INCREMENT=18;

--
-- AUTO_INCREMENT for table `payments`
--
ALTER TABLE `payments`
  MODIFY `id` int(11) NOT NULL AUTO_INCREMENT, AUTO_INCREMENT=10;

--
-- AUTO_INCREMENT for table `pharmacists`
--
ALTER TABLE `pharmacists`
  MODIFY `id` int(11) NOT NULL AUTO_INCREMENT;

--
-- AUTO_INCREMENT for table `prescriptions`
--
ALTER TABLE `prescriptions`
  MODIFY `id` int(11) NOT NULL AUTO_INCREMENT, AUTO_INCREMENT=11;

--
-- AUTO_INCREMENT for table `reports`
--
ALTER TABLE `reports`
  MODIFY `id` int(11) NOT NULL AUTO_INCREMENT, AUTO_INCREMENT=3;

--
-- AUTO_INCREMENT for table `roles`
--
ALTER TABLE `roles`
  MODIFY `id` int(11) NOT NULL AUTO_INCREMENT, AUTO_INCREMENT=8;

--
-- AUTO_INCREMENT for table `settings`
--
ALTER TABLE `settings`
  MODIFY `id` int(11) NOT NULL AUTO_INCREMENT, AUTO_INCREMENT=8;

--
-- AUTO_INCREMENT for table `staffs`
--
ALTER TABLE `staffs`
  MODIFY `id` int(11) NOT NULL AUTO_INCREMENT, AUTO_INCREMENT=3;

--
-- AUTO_INCREMENT for table `states`
--
ALTER TABLE `states`
  MODIFY `id` int(11) NOT NULL AUTO_INCREMENT, AUTO_INCREMENT=4121;

--
-- AUTO_INCREMENT for table `treatmentplans`
--
ALTER TABLE `treatmentplans`
  MODIFY `id` int(11) NOT NULL AUTO_INCREMENT, AUTO_INCREMENT=3;

--
-- AUTO_INCREMENT for table `treatments`
--
ALTER TABLE `treatments`
  MODIFY `id` int(11) NOT NULL AUTO_INCREMENT, AUTO_INCREMENT=4;

--
-- AUTO_INCREMENT for table `userlogins`
--
ALTER TABLE `userlogins`
  MODIFY `id` int(11) NOT NULL AUTO_INCREMENT, AUTO_INCREMENT=204;

--
-- AUTO_INCREMENT for table `users`
--
ALTER TABLE `users`
  MODIFY `id` int(11) NOT NULL AUTO_INCREMENT, AUTO_INCREMENT=61;

--
-- AUTO_INCREMENT for table `vitals`
--
ALTER TABLE `vitals`
  MODIFY `id` int(11) NOT NULL AUTO_INCREMENT, AUTO_INCREMENT=10;

--
-- AUTO_INCREMENT for table `wards`
--
ALTER TABLE `wards`
  MODIFY `id` int(11) NOT NULL AUTO_INCREMENT, AUTO_INCREMENT=5;
COMMIT;

/*!40101 SET CHARACTER_SET_CLIENT=@OLD_CHARACTER_SET_CLIENT */;
/*!40101 SET CHARACTER_SET_RESULTS=@OLD_CHARACTER_SET_RESULTS */;
/*!40101 SET COLLATION_CONNECTION=@OLD_COLLATION_CONNECTION */;
